origin,past_metric,decay,future_metric,n_bins,corr,ticker
2995,touch,none,touch,11,0.8061389770424298,CHMF
2995,touch,none,dwell,11,0.6501062933164409,CHMF
2995,touch,none,volume,12,0.6537679881131817,CHMF
2995,touch,none,swing,12,0.6431721278572392,CHMF
2995,dwell,none,touch,11,0.8422470833012962,CHMF
2995,dwell,none,dwell,11,0.6826369081775423,CHMF
2995,dwell,none,volume,12,0.6660742624698412,CHMF
2995,dwell,none,swing,12,0.6939257007857361,CHMF
2995,volume,none,touch,11,0.7903665927653009,CHMF
2995,volume,none,dwell,11,0.6065530830667807,CHMF
2995,volume,none,volume,12,0.5826290584646101,CHMF
2995,volume,none,swing,12,0.6320916497825639,CHMF
2995,swing,none,touch,16,0.8915032114659625,CHMF
2995,swing,none,dwell,12,0.7859861714429824,CHMF
2995,swing,none,volume,12,0.7645995132278401,CHMF
2995,swing,none,swing,12,0.7846642910901799,CHMF
2995,touch,hl250,touch,11,0.7959103284008967,CHMF
2995,touch,hl250,dwell,11,0.6715442376345125,CHMF
2995,touch,hl250,volume,12,0.6860663862811414,CHMF
2995,touch,hl250,swing,12,0.6494954351705658,CHMF
2995,dwell,hl250,touch,11,0.7995167869540442,CHMF
2995,dwell,hl250,dwell,11,0.675799361037406,CHMF
2995,dwell,hl250,volume,12,0.7072613528666354,CHMF
2995,dwell,hl250,swing,12,0.694795699254576,CHMF
2995,volume,hl250,touch,11,0.8049129795798715,CHMF
2995,volume,hl250,dwell,11,0.6457252270586615,CHMF
2995,volume,hl250,volume,12,0.6574817186594939,CHMF
2995,volume,hl250,swing,12,0.6785850994001918,CHMF
2995,swing,hl250,touch,16,0.8167108736990831,CHMF
2995,swing,hl250,dwell,12,0.7089829083429919,CHMF
2995,swing,hl250,volume,12,0.7629440556721271,CHMF
2995,swing,hl250,swing,12,0.7621781440985337,CHMF
3145,touch,none,touch,11,0.8867271814741599,CHMF
3145,touch,none,dwell,10,0.7761175339191434,CHMF
3145,touch,none,volume,11,0.8239433037141035,CHMF
3145,touch,none,swing,11,0.7249138149912405,CHMF
3145,dwell,none,touch,11,0.7939358101068128,CHMF
3145,dwell,none,dwell,10,0.6775720010196171,CHMF
3145,dwell,none,volume,11,0.7397366556381867,CHMF
3145,dwell,none,swing,11,0.6291417955791868,CHMF
3145,volume,none,touch,11,0.6812076862913261,CHMF
3145,volume,none,dwell,10,0.49070029477551774,CHMF
3145,volume,none,volume,11,0.5651501006733848,CHMF
3145,volume,none,swing,11,0.44155998079135883,CHMF
3145,swing,none,touch,13,0.841006327612158,CHMF
3145,swing,none,dwell,11,0.7188368613656705,CHMF
3145,swing,none,volume,11,0.7417702403374883,CHMF
3145,swing,none,swing,11,0.6292864508936844,CHMF
3145,touch,hl250,touch,11,0.8218113039251381,CHMF
3145,touch,hl250,dwell,10,0.7622028968384473,CHMF
3145,touch,hl250,volume,11,0.8323171935601512,CHMF
3145,touch,hl250,swing,11,0.7413790719240326,CHMF
3145,dwell,hl250,touch,11,0.7640086491509946,CHMF
3145,dwell,hl250,dwell,10,0.7367831455051295,CHMF
3145,dwell,hl250,volume,11,0.8021542159715112,CHMF
3145,dwell,hl250,swing,11,0.728925271698952,CHMF
3145,volume,hl250,touch,11,0.7829655852753246,CHMF
3145,volume,hl250,dwell,10,0.7169146756323059,CHMF
3145,volume,hl250,volume,11,0.7833480232263739,CHMF
3145,volume,hl250,swing,11,0.7056860119397146,CHMF
3145,swing,hl250,touch,13,0.7794938036013834,CHMF
3145,swing,hl250,dwell,11,0.6722545358830596,CHMF
3145,swing,hl250,volume,11,0.7281694248964823,CHMF
3145,swing,hl250,swing,11,0.6351245152280204,CHMF
3295,touch,none,touch,11,0.8702644732678013,CHMF
3295,touch,none,dwell,11,0.8363229588857772,CHMF
3295,touch,none,volume,11,0.7538758534844722,CHMF
3295,touch,none,swing,11,0.8429322129220534,CHMF
3295,dwell,none,touch,11,0.7314848772556725,CHMF
3295,dwell,none,dwell,11,0.6927984470784807,CHMF
3295,dwell,none,volume,11,0.5915937179917202,CHMF
3295,dwell,none,swing,11,0.7083931515484081,CHMF
3295,volume,none,touch,11,0.7249503894130804,CHMF
3295,volume,none,dwell,11,0.6864746568815389,CHMF
3295,volume,none,volume,11,0.5877250142382798,CHMF
3295,volume,none,swing,11,0.690322984284939,CHMF
3295,swing,none,touch,12,0.7271778282896224,CHMF
3295,swing,none,dwell,11,0.6198730878519418,CHMF
3295,swing,none,volume,11,0.5270751217640851,CHMF
3295,swing,none,swing,11,0.6416646753200839,CHMF
3295,touch,hl250,touch,11,0.8034642947095576,CHMF
3295,touch,hl250,dwell,11,0.7490902424294753,CHMF
3295,touch,hl250,volume,11,0.6635168316059115,CHMF
3295,touch,hl250,swing,11,0.7884344293698929,CHMF
3295,dwell,hl250,touch,11,0.65653766077622,CHMF
3295,dwell,hl250,dwell,11,0.6035911053061012,CHMF
3295,dwell,hl250,volume,11,0.4902594932151603,CHMF
3295,dwell,hl250,swing,11,0.6456836819150629,CHMF
3295,volume,hl250,touch,11,0.6828263246749818,CHMF
3295,volume,hl250,dwell,11,0.6235657590496838,CHMF
3295,volume,hl250,volume,11,0.5063504070579672,CHMF
3295,volume,hl250,swing,11,0.6765473754038964,CHMF
3295,swing,hl250,touch,12,0.6629532911663606,CHMF
3295,swing,hl250,dwell,11,0.54268535157394,CHMF
3295,swing,hl250,volume,11,0.4346173329788692,CHMF
3295,swing,hl250,swing,11,0.5938676747462238,CHMF
3445,touch,none,touch,13,0.8592343309904518,CHMF
3445,touch,none,dwell,12,0.8439608319182046,CHMF
3445,touch,none,volume,13,0.7548899933620257,CHMF
3445,touch,none,swing,13,0.7669427846687815,CHMF
3445,dwell,none,touch,13,0.8631765341933365,CHMF
3445,dwell,none,dwell,12,0.8549096117720582,CHMF
3445,dwell,none,volume,13,0.7500868824068431,CHMF
3445,dwell,none,swing,13,0.814480894153096,CHMF
3445,volume,none,touch,13,0.8649080357569997,CHMF
3445,volume,none,dwell,12,0.8524047289153353,CHMF
3445,volume,none,volume,13,0.7527079463821348,CHMF
3445,volume,none,swing,13,0.8111880952745847,CHMF
3445,swing,none,touch,14,0.8399670539547903,CHMF
3445,swing,none,dwell,13,0.8407142427883988,CHMF
3445,swing,none,volume,13,0.7480857591158414,CHMF
3445,swing,none,swing,13,0.8201695194675744,CHMF
3445,touch,hl250,touch,13,0.8501519146704885,CHMF
3445,touch,hl250,dwell,12,0.8343628426132572,CHMF
3445,touch,hl250,volume,13,0.7495824023742229,CHMF
3445,touch,hl250,swing,13,0.7640266497867038,CHMF
3445,dwell,hl250,touch,13,0.8380567449777159,CHMF
3445,dwell,hl250,dwell,12,0.830473710101217,CHMF
3445,dwell,hl250,volume,13,0.7254309739222368,CHMF
3445,dwell,hl250,swing,13,0.7893070643522202,CHMF
3445,volume,hl250,touch,13,0.8369255135063234,CHMF
3445,volume,hl250,dwell,12,0.8265587473958237,CHMF
3445,volume,hl250,volume,13,0.7232971300237635,CHMF
3445,volume,hl250,swing,13,0.7809042723182927,CHMF
3445,swing,hl250,touch,14,0.8436120026246154,CHMF
3445,swing,hl250,dwell,13,0.8404498543124777,CHMF
3445,swing,hl250,volume,13,0.7398119293598441,CHMF
3445,swing,hl250,swing,13,0.7998301913945359,CHMF
3595,touch,none,touch,13,0.6096670971051433,CHMF
3595,touch,none,dwell,12,0.6669490364663886,CHMF
3595,touch,none,volume,14,0.5512547773557561,CHMF
3595,touch,none,swing,13,0.6885888177771269,CHMF
3595,dwell,none,touch,13,0.6139740867281797,CHMF
3595,dwell,none,dwell,12,0.6309484986285288,CHMF
3595,dwell,none,volume,14,0.5441612673943481,CHMF
3595,dwell,none,swing,13,0.6693556301593354,CHMF
3595,volume,none,touch,13,0.5858605907193999,CHMF
3595,volume,none,dwell,12,0.6238540760801035,CHMF
3595,volume,none,volume,14,0.5289739250123344,CHMF
3595,volume,none,swing,13,0.6584319759240477,CHMF
3595,swing,none,touch,14,0.6048048159527392,CHMF
3595,swing,none,dwell,14,0.5545045659806501,CHMF
3595,swing,none,volume,14,0.5082449103717354,CHMF
3595,swing,none,swing,13,0.6288395763798437,CHMF
3595,touch,hl250,touch,13,0.6439315271992181,CHMF
3595,touch,hl250,dwell,12,0.6982394548993326,CHMF
3595,touch,hl250,volume,14,0.5861777446967633,CHMF
3595,touch,hl250,swing,13,0.724885321906106,CHMF
3595,dwell,hl250,touch,13,0.6290756538864343,CHMF
3595,dwell,hl250,dwell,12,0.6398943367626351,CHMF
3595,dwell,hl250,volume,14,0.5561414811124771,CHMF
3595,dwell,hl250,swing,13,0.6889253657868042,CHMF
3595,volume,hl250,touch,13,0.5458077352883918,CHMF
3595,volume,hl250,dwell,12,0.5816234696324108,CHMF
3595,volume,hl250,volume,14,0.4902144302729265,CHMF
3595,volume,hl250,swing,13,0.6307959499750504,CHMF
3595,swing,hl250,touch,14,0.6302475792272683,CHMF
3595,swing,hl250,dwell,14,0.5718711029713578,CHMF
3595,swing,hl250,volume,14,0.5244526814382447,CHMF
3595,swing,hl250,swing,13,0.6655148409023995,CHMF
3745,touch,none,touch,14,0.8294028596367317,CHMF
3745,touch,none,dwell,11,0.7151069250690597,CHMF
3745,touch,none,volume,13,0.7698717447274793,CHMF
3745,touch,none,swing,13,0.7362562444159606,CHMF
3745,dwell,none,touch,14,0.8095979480175924,CHMF
3745,dwell,none,dwell,11,0.6980270589625924,CHMF
3745,dwell,none,volume,13,0.771302476253749,CHMF
3745,dwell,none,swing,12,0.6814067887033786,CHMF
3745,volume,none,touch,14,0.8185752335364568,CHMF
3745,volume,none,dwell,11,0.719829376928706,CHMF
3745,volume,none,volume,13,0.7737913340956538,CHMF
3745,volume,none,swing,12,0.7195146201597089,CHMF
3745,swing,none,touch,15,0.7784203638938051,CHMF
3745,swing,none,dwell,13,0.7122798829065256,CHMF
3745,swing,none,volume,13,0.7125918416455368,CHMF
3745,swing,none,swing,12,0.6180681191499614,CHMF
3745,touch,hl250,touch,14,0.9111972238463498,CHMF
3745,touch,hl250,dwell,11,0.8374965612563051,CHMF
3745,touch,hl250,volume,13,0.8643450521446899,CHMF
3745,touch,hl250,swing,13,0.8448604041538548,CHMF
3745,dwell,hl250,touch,14,0.9010143174089221,CHMF
3745,dwell,hl250,dwell,11,0.8385422638983611,CHMF
3745,dwell,hl250,volume,13,0.8751867759330904,CHMF
3745,dwell,hl250,swing,12,0.8317095931373415,CHMF
3745,volume,hl250,touch,14,0.8888231634799009,CHMF
3745,volume,hl250,dwell,11,0.8399939170800725,CHMF
3745,volume,hl250,volume,13,0.8530344490641145,CHMF
3745,volume,hl250,swing,12,0.8642925407202112,CHMF
3745,swing,hl250,touch,15,0.874583757232171,CHMF
3745,swing,hl250,dwell,13,0.8325079960877644,CHMF
3745,swing,hl250,volume,13,0.8412081089464679,CHMF
3745,swing,hl250,swing,12,0.7769825790119272,CHMF
3895,touch,none,touch,16,0.9024475663509153,CHMF
3895,touch,none,dwell,15,0.8561827553917898,CHMF
3895,touch,none,volume,15,0.8489087101246271,CHMF
3895,touch,none,swing,16,0.8624857069046142,CHMF
3895,dwell,none,touch,15,0.8785274380503731,CHMF
3895,dwell,none,dwell,14,0.8515680376786324,CHMF
3895,dwell,none,volume,14,0.8642493525986614,CHMF
3895,dwell,none,swing,14,0.8535344817831879,CHMF
3895,volume,none,touch,15,0.8781898246713429,CHMF
3895,volume,none,dwell,14,0.8550135196026968,CHMF
3895,volume,none,volume,14,0.8598266496099674,CHMF
3895,volume,none,swing,14,0.877243381277215,CHMF
3895,swing,none,touch,15,0.8687337790320547,CHMF
3895,swing,none,dwell,14,0.8211266741713175,CHMF
3895,swing,none,volume,14,0.8387319275465588,CHMF
3895,swing,none,swing,14,0.8180861123420927,CHMF
3895,touch,hl250,touch,16,0.8404761103686867,CHMF
3895,touch,hl250,dwell,15,0.8315696651561004,CHMF
3895,touch,hl250,volume,15,0.7838302516846307,CHMF
3895,touch,hl250,swing,16,0.8465010873866871,CHMF
3895,dwell,hl250,touch,15,0.8300898434124461,CHMF
3895,dwell,hl250,dwell,14,0.8355494833969996,CHMF
3895,dwell,hl250,volume,14,0.8034315594657673,CHMF
3895,dwell,hl250,swing,14,0.8617760766252066,CHMF
3895,volume,hl250,touch,15,0.7783643311940096,CHMF
3895,volume,hl250,dwell,14,0.7904151893591325,CHMF
3895,volume,hl250,volume,14,0.7463070631605458,CHMF
3895,volume,hl250,swing,14,0.8347493940165196,CHMF
3895,swing,hl250,touch,15,0.8179880288794041,CHMF
3895,swing,hl250,dwell,14,0.8136374166952112,CHMF
3895,swing,hl250,volume,14,0.778386875889316,CHMF
3895,swing,hl250,swing,14,0.8274009360962011,CHMF
4045,touch,none,touch,19,0.9683720084521186,CHMF
4045,touch,none,dwell,14,0.908622591721836,CHMF
4045,touch,none,volume,19,0.9792145966931515,CHMF
4045,touch,none,swing,18,0.8962991960332554,CHMF
4045,dwell,none,touch,16,0.956688151113649,CHMF
4045,dwell,none,dwell,14,0.901685496685667,CHMF
4045,dwell,none,volume,16,0.9690151925907262,CHMF
4045,dwell,none,swing,14,0.8656669850209094,CHMF
4045,volume,none,touch,18,0.9581738700666133,CHMF
4045,volume,none,dwell,14,0.9101823068269592,CHMF
4045,volume,none,volume,18,0.9710504276801901,CHMF
4045,volume,none,swing,14,0.8715901950456261,CHMF
4045,swing,none,touch,18,0.9477092524231764,CHMF
4045,swing,none,dwell,18,0.9025929938206818,CHMF
4045,swing,none,volume,18,0.9582685912936398,CHMF
4045,swing,none,swing,14,0.835101828627867,CHMF
4045,touch,hl250,touch,19,0.9757722191735919,CHMF
4045,touch,hl250,dwell,14,0.9533803722884829,CHMF
4045,touch,hl250,volume,19,0.9679726315426543,CHMF
4045,touch,hl250,swing,18,0.9276573055902333,CHMF
4045,dwell,hl250,touch,16,0.962347732725551,CHMF
4045,dwell,hl250,dwell,14,0.9637223697336443,CHMF
4045,dwell,hl250,volume,16,0.9573169388584674,CHMF
4045,dwell,hl250,swing,14,0.9190720911260356,CHMF
4045,volume,hl250,touch,18,0.9444711183077524,CHMF
4045,volume,hl250,dwell,14,0.9528752711040487,CHMF
4045,volume,hl250,volume,18,0.9452823910878062,CHMF
4045,volume,hl250,swing,14,0.9159845155681762,CHMF
4045,swing,hl250,touch,18,0.9403516654094078,CHMF
4045,swing,hl250,dwell,18,0.9479688964331365,CHMF
4045,swing,hl250,volume,18,0.9433098915239112,CHMF
4045,swing,hl250,swing,14,0.8893974122974553,CHMF
4195,touch,none,touch,24,0.7965957096149636,CHMF
4195,touch,none,dwell,17,0.6943634664061645,CHMF
4195,touch,none,volume,24,0.7160294017248637,CHMF
4195,touch,none,swing,21,0.5906845136122133,CHMF
4195,dwell,none,touch,18,0.7695928503228083,CHMF
4195,dwell,none,dwell,14,0.6524931311033653,CHMF
4195,dwell,none,volume,18,0.7419534510738682,CHMF
4195,dwell,none,swing,19,0.595465257956171,CHMF
4195,volume,none,touch,21,0.7889241975830302,CHMF
4195,volume,none,dwell,16,0.6975434552373668,CHMF
4195,volume,none,volume,22,0.6975097301798651,CHMF
4195,volume,none,swing,19,0.5836690875079434,CHMF
4195,swing,none,touch,20,0.7865644556002123,CHMF
4195,swing,none,dwell,20,0.7567671075007846,CHMF
4195,swing,none,volume,20,0.7481302580974576,CHMF
4195,swing,none,swing,17,0.5374676988660755,CHMF
4195,touch,hl250,touch,24,0.7427364683076012,CHMF
4195,touch,hl250,dwell,17,0.6420633698994135,CHMF
4195,touch,hl250,volume,24,0.6664466153613889,CHMF
4195,touch,hl250,swing,21,0.5491646834469607,CHMF
4195,dwell,hl250,touch,18,0.7087067222491688,CHMF
4195,dwell,hl250,dwell,14,0.6208614026629731,CHMF
4195,dwell,hl250,volume,18,0.6945494204504317,CHMF
4195,dwell,hl250,swing,19,0.5656375309400423,CHMF
4195,volume,hl250,touch,21,0.7421402272131621,CHMF
4195,volume,hl250,dwell,16,0.674122717877377,CHMF
4195,volume,hl250,volume,22,0.6597692568487168,CHMF
4195,volume,hl250,swing,19,0.5652284669135452,CHMF
4195,swing,hl250,touch,20,0.7218874611781159,CHMF
4195,swing,hl250,dwell,20,0.7035123036702832,CHMF
4195,swing,hl250,volume,20,0.6931102808034841,CHMF
4195,swing,hl250,swing,17,0.5013564637773378,CHMF
4345,touch,none,touch,15,0.6375495765839491,CHMF
4345,touch,none,dwell,13,0.3380035344393921,CHMF
4345,touch,none,volume,14,0.27707617859423456,CHMF
4345,touch,none,swing,14,0.2890881099650297,CHMF
4345,dwell,none,touch,15,0.6148846927632846,CHMF
4345,dwell,none,dwell,13,0.31158477888133324,CHMF
4345,dwell,none,volume,14,0.27633571535490714,CHMF
4345,dwell,none,swing,14,0.3038960929062133,CHMF
4345,volume,none,touch,15,0.620966210904958,CHMF
4345,volume,none,dwell,13,0.30853168204121717,CHMF
4345,volume,none,volume,14,0.25783327621901314,CHMF
4345,volume,none,swing,14,0.2858088669264554,CHMF
4345,swing,none,touch,15,0.5908104664278313,CHMF
4345,swing,none,dwell,14,0.4032738050362735,CHMF
4345,swing,none,volume,14,0.28668260398216927,CHMF
4345,swing,none,swing,14,0.2792147402405967,CHMF
4345,touch,hl250,touch,15,0.60595311393795,CHMF
4345,touch,hl250,dwell,13,0.2528121789572426,CHMF
4345,touch,hl250,volume,14,0.23199338146505025,CHMF
4345,touch,hl250,swing,14,0.2460134857847978,CHMF
4345,dwell,hl250,touch,15,0.555025840375015,CHMF
4345,dwell,hl250,dwell,13,0.21027581552225671,CHMF
4345,dwell,hl250,volume,14,0.2163816108840315,CHMF
4345,dwell,hl250,swing,14,0.26948215345008647,CHMF
4345,volume,hl250,touch,15,0.6224289584840126,CHMF
4345,volume,hl250,dwell,13,0.29473228367770676,CHMF
4345,volume,hl250,volume,14,0.25649254646909575,CHMF
4345,volume,hl250,swing,14,0.3136947770677203,CHMF
4345,swing,hl250,touch,15,0.5196679043900292,CHMF
4345,swing,hl250,dwell,14,0.31575339640907524,CHMF
4345,swing,hl250,volume,14,0.23045975586955875,CHMF
4345,swing,hl250,swing,14,0.24354867184733972,CHMF
4495,touch,none,touch,15,0.5107345136069678,CHMF
4495,touch,none,dwell,13,0.33180473850336695,CHMF
4495,touch,none,volume,15,0.3150593461044445,CHMF
4495,touch,none,swing,15,0.27976333060463204,CHMF
4495,dwell,none,touch,15,0.5092536232491286,CHMF
4495,dwell,none,dwell,13,0.3158708065441778,CHMF
4495,dwell,none,volume,15,0.34505734105411656,CHMF
4495,dwell,none,swing,15,0.3101995695365133,CHMF
4495,volume,none,touch,15,0.5324323630439445,CHMF
4495,volume,none,dwell,13,0.3671053094181981,CHMF
4495,volume,none,volume,15,0.35871599437704954,CHMF
4495,volume,none,swing,15,0.33647314098099307,CHMF
4495,swing,none,touch,17,0.5591201295382797,CHMF
4495,swing,none,dwell,15,0.42875851077142335,CHMF
4495,swing,none,volume,15,0.33619814939675385,CHMF
4495,swing,none,swing,15,0.29666926331054927,CHMF
4495,touch,hl250,touch,15,0.6085041322572459,CHMF
4495,touch,hl250,dwell,13,0.40063932745587794,CHMF
4495,touch,hl250,volume,15,0.39773712763584507,CHMF
4495,touch,hl250,swing,15,0.37911356017440534,CHMF
4495,dwell,hl250,touch,15,0.6296389065816199,CHMF
4495,dwell,hl250,dwell,13,0.4205990475224134,CHMF
4495,dwell,hl250,volume,15,0.46944159074003655,CHMF
4495,dwell,hl250,swing,15,0.45403202049576574,CHMF
4495,volume,hl250,touch,15,0.6677004726264113,CHMF
4495,volume,hl250,dwell,13,0.5004746205875295,CHMF
4495,volume,hl250,volume,15,0.5131335292777475,CHMF
4495,volume,hl250,swing,15,0.5104010904180146,CHMF
4495,swing,hl250,touch,17,0.6634092827953589,CHMF
4495,swing,hl250,dwell,15,0.5238444498194412,CHMF
4495,swing,hl250,volume,15,0.4505572381029791,CHMF
4495,swing,hl250,swing,15,0.43012862836465116,CHMF
4645,touch,none,touch,22,0.9554285212973654,CHMF
4645,touch,none,dwell,16,0.8106847602088031,CHMF
4645,touch,none,volume,23,0.7794392066886803,CHMF
4645,touch,none,swing,22,0.8891381424712387,CHMF
4645,dwell,none,touch,21,0.9351542276108539,CHMF
4645,dwell,none,dwell,16,0.770208554763038,CHMF
4645,dwell,none,volume,22,0.7404287874549474,CHMF
4645,dwell,none,swing,22,0.8586170790277974,CHMF
4645,volume,none,touch,22,0.9426193257353495,CHMF
4645,volume,none,dwell,16,0.7782387262993444,CHMF
4645,volume,none,volume,23,0.7543037898154993,CHMF
4645,volume,none,swing,22,0.8616022972291577,CHMF
4645,swing,none,touch,23,0.9255599504883006,CHMF
4645,swing,none,dwell,22,0.8112370237476588,CHMF
4645,swing,none,volume,22,0.7279468509271767,CHMF
4645,swing,none,swing,21,0.8236750955567315,CHMF
4645,touch,hl250,touch,22,0.9337758538363585,CHMF
4645,touch,hl250,dwell,16,0.7816929710769459,CHMF
4645,touch,hl250,volume,23,0.7707720522684933,CHMF
4645,touch,hl250,swing,22,0.8948124669082604,CHMF
4645,dwell,hl250,touch,21,0.8853108717917743,CHMF
4645,dwell,hl250,dwell,16,0.6937196658114305,CHMF
4645,dwell,hl250,volume,22,0.691931051866125,CHMF
4645,dwell,hl250,swing,22,0.8391050601795171,CHMF
4645,volume,hl250,touch,22,0.8930085668861898,CHMF
4645,volume,hl250,dwell,16,0.6840201220609655,CHMF
4645,volume,hl250,volume,23,0.6969804014036477,CHMF
4645,volume,hl250,swing,22,0.8154499252294499,CHMF
4645,swing,hl250,touch,23,0.8477805680168692,CHMF
4645,swing,hl250,dwell,22,0.7177146664624678,CHMF
4645,swing,hl250,volume,22,0.6464293189296457,CHMF
4645,swing,hl250,swing,21,0.7623169563636611,CHMF
4795,touch,none,touch,21,0.7536321383632288,CHMF
4795,touch,none,dwell,16,0.6315490800737292,CHMF
4795,touch,none,volume,22,0.7163907945033273,CHMF
4795,touch,none,swing,21,0.6034648172580888,CHMF
4795,dwell,none,touch,21,0.7383865095354515,CHMF
4795,dwell,none,dwell,16,0.583588560877652,CHMF
4795,dwell,none,volume,21,0.6935254621894,CHMF
4795,dwell,none,swing,21,0.5844942762148961,CHMF
4795,volume,none,touch,21,0.7246789987264921,CHMF
4795,volume,none,dwell,16,0.5605083232493866,CHMF
4795,volume,none,volume,22,0.6936374117614683,CHMF
4795,volume,none,swing,21,0.5874397598486798,CHMF
4795,swing,none,touch,24,0.7724106947632804,CHMF
4795,swing,none,dwell,22,0.6944718812220009,CHMF
4795,swing,none,volume,22,0.6961076737630413,CHMF
4795,swing,none,swing,21,0.5791534146475712,CHMF
4795,touch,hl250,touch,21,0.6218989936465119,CHMF
4795,touch,hl250,dwell,16,0.454843981955708,CHMF
4795,touch,hl250,volume,22,0.601754291458147,CHMF
4795,touch,hl250,swing,21,0.46155376594780134,CHMF
4795,dwell,hl250,touch,21,0.6057394883862273,CHMF
4795,dwell,hl250,dwell,16,0.4026031202996973,CHMF
4795,dwell,hl250,volume,21,0.573662347510963,CHMF
4795,dwell,hl250,swing,21,0.42792016562673507,CHMF
4795,volume,hl250,touch,21,0.577079338070448,CHMF
4795,volume,hl250,dwell,16,0.36545504433709236,CHMF
4795,volume,hl250,volume,22,0.5920252026483868,CHMF
4795,volume,hl250,swing,21,0.46116393398676675,CHMF
4795,swing,hl250,touch,24,0.6361026891422619,CHMF
4795,swing,hl250,dwell,22,0.5461963838009941,CHMF
4795,swing,hl250,volume,22,0.5565531560722637,CHMF
4795,swing,hl250,swing,21,0.40806919129864605,CHMF
4945,touch,none,touch,19,0.9533971828581892,CHMF
4945,touch,none,dwell,16,0.7758315207416835,CHMF
4945,touch,none,volume,19,0.7237300314055625,CHMF
4945,touch,none,swing,19,0.6993214983164513,CHMF
4945,dwell,none,touch,19,0.9299549268054906,CHMF
4945,dwell,none,dwell,16,0.7396149292063494,CHMF
4945,dwell,none,volume,18,0.7147264689905316,CHMF
4945,dwell,none,swing,19,0.6746224599940804,CHMF
4945,volume,none,touch,19,0.9363264481122451,CHMF
4945,volume,none,dwell,16,0.7509144430891923,CHMF
4945,volume,none,volume,19,0.7439121416497784,CHMF
4945,volume,none,swing,19,0.6978303229330913,CHMF
4945,swing,none,touch,22,0.9157073379998035,CHMF
4945,swing,none,dwell,19,0.7893737264838665,CHMF
4945,swing,none,volume,19,0.7557871721119008,CHMF
4945,swing,none,swing,19,0.6636754639216136,CHMF
4945,touch,hl250,touch,19,0.9438950938979849,CHMF
4945,touch,hl250,dwell,16,0.7665011626949005,CHMF
4945,touch,hl250,volume,19,0.7466867923573778,CHMF
4945,touch,hl250,swing,19,0.7151552037768889,CHMF
4945,dwell,hl250,touch,19,0.9067947434004361,CHMF
4945,dwell,hl250,dwell,16,0.7225176021764986,CHMF
4945,dwell,hl250,volume,18,0.7076306707113821,CHMF
4945,dwell,hl250,swing,19,0.677792947608281,CHMF
4945,volume,hl250,touch,19,0.9256192570832457,CHMF
4945,volume,hl250,dwell,16,0.7882450891088687,CHMF
4945,volume,hl250,volume,19,0.7740520872681623,CHMF
4945,volume,hl250,swing,19,0.7583450182222655,CHMF
4945,swing,hl250,touch,22,0.8955211484832168,CHMF
4945,swing,hl250,dwell,19,0.7911965136466358,CHMF
4945,swing,hl250,volume,19,0.7685239209649293,CHMF
4945,swing,hl250,swing,19,0.6843055919458292,CHMF
5095,touch,none,touch,13,0.5423568813626922,CHMF
5095,touch,none,dwell,13,0.5335022422511381,CHMF
5095,touch,none,volume,13,0.5149937433486905,CHMF
5095,touch,none,swing,13,0.4621826257193302,CHMF
5095,dwell,none,touch,13,0.5444567082944122,CHMF
5095,dwell,none,dwell,13,0.5468265129989794,CHMF
5095,dwell,none,volume,13,0.5381907640501976,CHMF
5095,dwell,none,swing,13,0.46340771134172687,CHMF
5095,volume,none,touch,13,0.4558354468704946,CHMF
5095,volume,none,dwell,13,0.4808164324758453,CHMF
5095,volume,none,volume,13,0.4822703780818466,CHMF
5095,volume,none,swing,13,0.41395317770323475,CHMF
5095,swing,none,touch,13,0.40595222436362666,CHMF
5095,swing,none,dwell,13,0.46904633532129636,CHMF
5095,swing,none,volume,13,0.44444555469030506,CHMF
5095,swing,none,swing,13,0.4100294400597922,CHMF
5095,touch,hl250,touch,13,0.3742944507791652,CHMF
5095,touch,hl250,dwell,13,0.36912569761724545,CHMF
5095,touch,hl250,volume,13,0.3343151099572173,CHMF
5095,touch,hl250,swing,13,0.2851294063341764,CHMF
5095,dwell,hl250,touch,13,0.43705309461573494,CHMF
5095,dwell,hl250,dwell,13,0.45825354524370543,CHMF
5095,dwell,hl250,volume,13,0.41861383564043475,CHMF
5095,dwell,hl250,swing,13,0.3433582873478059,CHMF
5095,volume,hl250,touch,13,0.2997133989912991,CHMF
5095,volume,hl250,dwell,13,0.3565475694511096,CHMF
5095,volume,hl250,volume,13,0.31703273910260565,CHMF
5095,volume,hl250,swing,13,0.26098190609157884,CHMF
5095,swing,hl250,touch,13,0.285251766464084,CHMF
5095,swing,hl250,dwell,13,0.35080531789379116,CHMF
5095,swing,hl250,volume,13,0.30554088629961945,CHMF
5095,swing,hl250,swing,13,0.244582679096558,CHMF
3452,touch,none,touch,9,0.9431524786826487,LKOH
3452,touch,none,dwell,8,0.9018156230663215,LKOH
3452,touch,none,volume,10,0.9352839296556471,LKOH
3452,touch,none,swing,10,0.9028601641943785,LKOH
3452,dwell,none,touch,9,0.9205532145070844,LKOH
3452,dwell,none,dwell,8,0.8918614640618501,LKOH
3452,dwell,none,volume,10,0.9314027524903051,LKOH
3452,dwell,none,swing,10,0.8770438777184233,LKOH
3452,volume,none,touch,9,0.8976894383218194,LKOH
3452,volume,none,dwell,8,0.8710791301635588,LKOH
3452,volume,none,volume,10,0.9238310708928004,LKOH
3452,volume,none,swing,10,0.8623236748928474,LKOH
3452,swing,none,touch,13,0.937457877510526,LKOH
3452,swing,none,dwell,10,0.9173694365918568,LKOH
3452,swing,none,volume,10,0.9226969722336006,LKOH
3452,swing,none,swing,10,0.8706333469764282,LKOH
3452,touch,hl250,touch,9,0.8626423851308784,LKOH
3452,touch,hl250,dwell,8,0.7765986400477796,LKOH
3452,touch,hl250,volume,10,0.8579986594629552,LKOH
3452,touch,hl250,swing,10,0.8340270980367174,LKOH
3452,dwell,hl250,touch,9,0.8610901579657472,LKOH
3452,dwell,hl250,dwell,8,0.7927996133308359,LKOH
3452,dwell,hl250,volume,10,0.8625979025432627,LKOH
3452,dwell,hl250,swing,10,0.8134653457088116,LKOH
3452,volume,hl250,touch,9,0.8950473589794644,LKOH
3452,volume,hl250,dwell,8,0.8554936418859778,LKOH
3452,volume,hl250,volume,10,0.8983830602637315,LKOH
3452,volume,hl250,swing,10,0.832497215367484,LKOH
3452,swing,hl250,touch,13,0.9199195061166544,LKOH
3452,swing,hl250,dwell,10,0.8928277173505621,LKOH
3452,swing,hl250,volume,10,0.8902447189186377,LKOH
3452,swing,hl250,swing,10,0.8593095248748974,LKOH
3602,touch,none,touch,9,0.8199365994143027,LKOH
3602,touch,none,dwell,7,,LKOH
3602,touch,none,volume,9,0.8216773308787593,LKOH
3602,touch,none,swing,9,0.8058382951063616,LKOH
3602,dwell,none,touch,9,0.7920853537812806,LKOH
3602,dwell,none,dwell,7,,LKOH
3602,dwell,none,volume,9,0.7822756505375719,LKOH
3602,dwell,none,swing,9,0.7647096420383901,LKOH
3602,volume,none,touch,9,0.7943107607651284,LKOH
3602,volume,none,dwell,7,,LKOH
3602,volume,none,volume,9,0.7750400936175829,LKOH
3602,volume,none,swing,9,0.7537761131656788,LKOH
3602,swing,none,touch,11,0.8265450013766402,LKOH
3602,swing,none,dwell,9,0.7770820889942972,LKOH
3602,swing,none,volume,9,0.7596057696793007,LKOH
3602,swing,none,swing,9,0.7326601972094279,LKOH
3602,touch,hl250,touch,9,0.7793620092299353,LKOH
3602,touch,hl250,dwell,7,,LKOH
3602,touch,hl250,volume,9,0.7886710958723115,LKOH
3602,touch,hl250,swing,9,0.76756213404115,LKOH
3602,dwell,hl250,touch,9,0.7380122866953209,LKOH
3602,dwell,hl250,dwell,7,,LKOH
3602,dwell,hl250,volume,9,0.7367362400921588,LKOH
3602,dwell,hl250,swing,9,0.7200551840987833,LKOH
3602,volume,hl250,touch,9,0.7062935570219988,LKOH
3602,volume,hl250,dwell,7,,LKOH
3602,volume,hl250,volume,9,0.7111000796739181,LKOH
3602,volume,hl250,swing,9,0.6926338277682624,LKOH
3602,swing,hl250,touch,11,0.7726137571199431,LKOH
3602,swing,hl250,dwell,9,0.7191883819637075,LKOH
3602,swing,hl250,volume,9,0.695107077482184,LKOH
3602,swing,hl250,swing,9,0.6550395529165676,LKOH
3752,touch,none,touch,10,0.8805715082635067,LKOH
3752,touch,none,dwell,9,0.799728507774609,LKOH
3752,touch,none,volume,11,0.8356804319252049,LKOH
3752,touch,none,swing,10,0.768326475565073,LKOH
3752,dwell,none,touch,10,0.909540500733369,LKOH
3752,dwell,none,dwell,9,0.8409767036186065,LKOH
3752,dwell,none,volume,11,0.8701425313503492,LKOH
3752,dwell,none,swing,10,0.8120772769018629,LKOH
3752,volume,none,touch,10,0.9118546563494483,LKOH
3752,volume,none,dwell,9,0.8514873239534587,LKOH
3752,volume,none,volume,11,0.8811329008000746,LKOH
3752,volume,none,swing,10,0.8317679395485434,LKOH
3752,swing,none,touch,12,0.9105217420569574,LKOH
3752,swing,none,dwell,11,0.865259524973605,LKOH
3752,swing,none,volume,11,0.8455015694170811,LKOH
3752,swing,none,swing,10,0.7797438727621571,LKOH
3752,touch,hl250,touch,10,0.8450718287077459,LKOH
3752,touch,hl250,dwell,9,0.738402670514904,LKOH
3752,touch,hl250,volume,11,0.8025857136945556,LKOH
3752,touch,hl250,swing,10,0.7048397953422465,LKOH
3752,dwell,hl250,touch,10,0.865338905709541,LKOH
3752,dwell,hl250,dwell,9,0.7688623851244917,LKOH
3752,dwell,hl250,volume,11,0.8273445244921347,LKOH
3752,dwell,hl250,swing,10,0.7399652181790517,LKOH
3752,volume,hl250,touch,10,0.8691636382487717,LKOH
3752,volume,hl250,dwell,9,0.7710936898065637,LKOH
3752,volume,hl250,volume,11,0.8377648856335629,LKOH
3752,volume,hl250,swing,10,0.7511724627248415,LKOH
3752,swing,hl250,touch,12,0.8670349467702623,LKOH
3752,swing,hl250,dwell,11,0.79981266538822,LKOH
3752,swing,hl250,volume,11,0.7898902540059407,LKOH
3752,swing,hl250,swing,10,0.6836885611921251,LKOH
3902,touch,none,touch,14,0.9857656392181046,LKOH
3902,touch,none,dwell,10,0.89580693453364,LKOH
3902,touch,none,volume,14,0.8869339398678003,LKOH
3902,touch,none,swing,12,0.8824238831600523,LKOH
3902,dwell,none,touch,12,0.9774395411785287,LKOH
3902,dwell,none,dwell,9,0.8485814777843103,LKOH
3902,dwell,none,volume,12,0.8438079279011,LKOH
3902,dwell,none,swing,12,0.8576519247522153,LKOH
3902,volume,none,touch,13,0.9819871024833075,LKOH
3902,volume,none,dwell,10,0.8947198287151351,LKOH
3902,volume,none,volume,13,0.8739151140787201,LKOH
3902,volume,none,swing,12,0.8762555406872203,LKOH
3902,swing,none,touch,13,0.9738396459852818,LKOH
3902,swing,none,dwell,13,0.8921876929631083,LKOH
3902,swing,none,volume,13,0.8430757320414827,LKOH
3902,swing,none,swing,12,0.8388053540721927,LKOH
3902,touch,hl250,touch,14,0.9796291203896963,LKOH
3902,touch,hl250,dwell,10,0.8838653793764184,LKOH
3902,touch,hl250,volume,14,0.8660060419608597,LKOH
3902,touch,hl250,swing,12,0.8723157355014024,LKOH
3902,dwell,hl250,touch,12,0.9591023643814569,LKOH
3902,dwell,hl250,dwell,9,0.8125551927401858,LKOH
3902,dwell,hl250,volume,12,0.8011290762740116,LKOH
3902,dwell,hl250,swing,12,0.8277558238202768,LKOH
3902,volume,hl250,touch,13,0.9725477080020958,LKOH
3902,volume,hl250,dwell,10,0.8767971871473609,LKOH
3902,volume,hl250,volume,13,0.842976290113405,LKOH
3902,volume,hl250,swing,12,0.8611468716463019,LKOH
3902,swing,hl250,touch,13,0.9629358691352561,LKOH
3902,swing,hl250,dwell,13,0.8771806120800719,LKOH
3902,swing,hl250,volume,13,0.82211288227383,LKOH
3902,swing,hl250,swing,12,0.8266753866593124,LKOH
4052,touch,none,touch,14,0.7158937581136096,LKOH
4052,touch,none,dwell,11,0.5288637518668093,LKOH
4052,touch,none,volume,14,0.6055602339682473,LKOH
4052,touch,none,swing,13,0.5450416706175714,LKOH
4052,dwell,none,touch,12,0.6080467866074091,LKOH
4052,dwell,none,dwell,10,0.403263270690233,LKOH
4052,dwell,none,volume,12,0.4802880719978883,LKOH
4052,dwell,none,swing,13,0.5286117842526316,LKOH
4052,volume,none,touch,15,0.6729670687313926,LKOH
4052,volume,none,dwell,12,0.5415623556794454,LKOH
4052,volume,none,volume,15,0.5851632683892583,LKOH
4052,volume,none,swing,13,0.53357494709076,LKOH
4052,swing,none,touch,14,0.6700475298207228,LKOH
4052,swing,none,dwell,14,0.6412202927468174,LKOH
4052,swing,none,volume,14,0.5693238071152279,LKOH
4052,swing,none,swing,12,0.45634429865656956,LKOH
4052,touch,hl250,touch,14,0.6527860588470045,LKOH
4052,touch,hl250,dwell,11,0.46406642418051813,LKOH
4052,touch,hl250,volume,14,0.5482571875556244,LKOH
4052,touch,hl250,swing,13,0.4846948975434395,LKOH
4052,dwell,hl250,touch,12,0.5461845557219648,LKOH
4052,dwell,hl250,dwell,10,0.35355017296751695,LKOH
4052,dwell,hl250,volume,12,0.4311563227467528,LKOH
4052,dwell,hl250,swing,13,0.48612586555486204,LKOH
4052,volume,hl250,touch,15,0.6028912350423493,LKOH
4052,volume,hl250,dwell,12,0.4704144124291536,LKOH
4052,volume,hl250,volume,15,0.5262015516358519,LKOH
4052,volume,hl250,swing,13,0.4706096745790152,LKOH
4052,swing,hl250,touch,14,0.5978531754145286,LKOH
4052,swing,hl250,dwell,14,0.5839814814343517,LKOH
4052,swing,hl250,volume,14,0.5136025907718348,LKOH
4052,swing,hl250,swing,12,0.41307194220256477,LKOH
4202,touch,none,touch,14,0.2545623183615479,LKOH
4202,touch,none,dwell,14,0.22559903094520597,LKOH
4202,touch,none,volume,15,0.2287917383134026,LKOH
4202,touch,none,swing,14,0.2225629566794777,LKOH
4202,dwell,none,touch,12,0.198732571412895,LKOH
4202,dwell,none,dwell,12,0.19444728195047292,LKOH
4202,dwell,none,volume,13,0.29045801216110384,LKOH
4202,dwell,none,swing,12,0.19515113934989803,LKOH
4202,volume,none,touch,12,0.16511893469298491,LKOH
4202,volume,none,dwell,12,0.1736054880596766,LKOH
4202,volume,none,volume,13,0.27199578037623884,LKOH
4202,volume,none,swing,12,0.1773334144405007,LKOH
4202,swing,none,touch,14,0.302682559821062,LKOH
4202,swing,none,dwell,13,0.24930372612182702,LKOH
4202,swing,none,volume,13,0.2738892470708226,LKOH
4202,swing,none,swing,12,0.16763753066563766,LKOH
4202,touch,hl250,touch,14,0.19271041606708852,LKOH
4202,touch,hl250,dwell,14,0.16727741758776168,LKOH
4202,touch,hl250,volume,15,0.1717958942882931,LKOH
4202,touch,hl250,swing,14,0.17579051416657457,LKOH
4202,dwell,hl250,touch,12,0.14491614058808858,LKOH
4202,dwell,hl250,dwell,12,0.1552693013536392,LKOH
4202,dwell,hl250,volume,13,0.2529948753300601,LKOH
4202,dwell,hl250,swing,12,0.16783592306257675,LKOH
4202,volume,hl250,touch,12,0.08285429849146672,LKOH
4202,volume,hl250,dwell,12,0.11160564406020883,LKOH
4202,volume,hl250,volume,13,0.20928841863234945,LKOH
4202,volume,hl250,swing,12,0.12050067225814319,LKOH
4202,swing,hl250,touch,14,0.2312441086145693,LKOH
4202,swing,hl250,dwell,13,0.20598336223648528,LKOH
4202,swing,hl250,volume,13,0.22538526481597176,LKOH
4202,swing,hl250,swing,12,0.14562131585895477,LKOH
4352,touch,none,touch,12,0.6018470067892814,LKOH
4352,touch,none,dwell,11,0.5028153818360843,LKOH
4352,touch,none,volume,13,0.6369077856751565,LKOH
4352,touch,none,swing,12,0.4864729511207382,LKOH
4352,dwell,none,touch,11,0.5013356121932261,LKOH
4352,dwell,none,dwell,11,0.47866554844017717,LKOH
4352,dwell,none,volume,12,0.572223509870069,LKOH
4352,dwell,none,swing,12,0.46923897918918156,LKOH
4352,volume,none,touch,12,0.6143988581611984,LKOH
4352,volume,none,dwell,11,0.49630561998525113,LKOH
4352,volume,none,volume,13,0.6457820292790593,LKOH
4352,volume,none,swing,12,0.5155379997572778,LKOH
4352,swing,none,touch,15,0.668423458020333,LKOH
4352,swing,none,dwell,12,0.5255737290655026,LKOH
4352,swing,none,volume,12,0.561761351388926,LKOH
4352,swing,none,swing,11,0.3740646210348084,LKOH
4352,touch,hl250,touch,12,0.7323556125848644,LKOH
4352,touch,hl250,dwell,11,0.6268506729452663,LKOH
4352,touch,hl250,volume,13,0.7256968323527033,LKOH
4352,touch,hl250,swing,12,0.6218201326746965,LKOH
4352,dwell,hl250,touch,11,0.6536361456130286,LKOH
4352,dwell,hl250,dwell,11,0.6009783839055103,LKOH
4352,dwell,hl250,volume,12,0.6692517826590926,LKOH
4352,dwell,hl250,swing,12,0.6257039298556883,LKOH
4352,volume,hl250,touch,12,0.7589103597338358,LKOH
4352,volume,hl250,dwell,11,0.6166011847193521,LKOH
4352,volume,hl250,volume,13,0.68082225937111,LKOH
4352,volume,hl250,swing,12,0.6780983857095848,LKOH
4352,swing,hl250,touch,15,0.7291978410812033,LKOH
4352,swing,hl250,dwell,12,0.5959819590409162,LKOH
4352,swing,hl250,volume,12,0.6331958865791757,LKOH
4352,swing,hl250,swing,11,0.5386542408945546,LKOH
4502,touch,none,touch,28,0.7102634669631122,LKOH
4502,touch,none,dwell,15,0.446552598559748,LKOH
4502,touch,none,volume,25,0.7218623540672253,LKOH
4502,touch,none,swing,18,0.3317584256905904,LKOH
4502,dwell,none,touch,19,0.5994460067882199,LKOH
4502,dwell,none,dwell,14,0.3633182142029607,LKOH
4502,dwell,none,volume,17,0.6174921188937244,LKOH
4502,dwell,none,swing,17,0.2591559934526935,LKOH
4502,volume,none,touch,25,0.7277680308634775,LKOH
4502,volume,none,dwell,15,0.5044229477873949,LKOH
4502,volume,none,volume,23,0.7464841388258625,LKOH
4502,volume,none,swing,17,0.33210154385801444,LKOH
4502,swing,none,touch,22,0.6622984241362886,LKOH
4502,swing,none,dwell,19,0.5826163334257001,LKOH
4502,swing,none,volume,19,0.673274360396636,LKOH
4502,swing,none,swing,15,0.14958705408477146,LKOH
4502,touch,hl250,touch,28,0.8153471195691271,LKOH
4502,touch,hl250,dwell,15,0.6269366228351713,LKOH
4502,touch,hl250,volume,25,0.8337808942702312,LKOH
4502,touch,hl250,swing,18,0.5190935247260579,LKOH
4502,dwell,hl250,touch,19,0.7459023908444425,LKOH
4502,dwell,hl250,dwell,14,0.5757845692839058,LKOH
4502,dwell,hl250,volume,17,0.7803207652390274,LKOH
4502,dwell,hl250,swing,17,0.46300872437082524,LKOH
4502,volume,hl250,touch,25,0.8107537769475047,LKOH
4502,volume,hl250,dwell,15,0.653409876607757,LKOH
4502,volume,hl250,volume,23,0.8305741951715253,LKOH
4502,volume,hl250,swing,17,0.5068054487347985,LKOH
4502,swing,hl250,touch,22,0.7916142681261287,LKOH
4502,swing,hl250,dwell,19,0.7237267398712334,LKOH
4502,swing,hl250,volume,19,0.8156897186034002,LKOH
4502,swing,hl250,swing,15,0.36508751882701257,LKOH
4652,touch,none,touch,26,0.6881493024024312,LKOH
4652,touch,none,dwell,15,0.29088075192593116,LKOH
4652,touch,none,volume,23,0.5532931198052454,LKOH
4652,touch,none,swing,18,0.3920725671808867,LKOH
4652,dwell,none,touch,21,0.6040060437082243,LKOH
4652,dwell,none,dwell,15,0.2727959553785458,LKOH
4652,dwell,none,volume,19,0.43753395106312326,LKOH
4652,dwell,none,swing,18,0.3643848776102265,LKOH
4652,volume,none,touch,24,0.6946760666195747,LKOH
4652,volume,none,dwell,15,0.2949195593708948,LKOH
4652,volume,none,volume,22,0.5453927959769947,LKOH
4652,volume,none,swing,18,0.4094029334735271,LKOH
4652,swing,none,touch,24,0.6491419539117761,LKOH
4652,swing,none,dwell,20,0.5188289634723531,LKOH
4652,swing,none,volume,20,0.47571934833634594,LKOH
4652,swing,none,swing,17,0.31048086739775776,LKOH
4652,touch,hl250,touch,26,0.7394961513865178,LKOH
4652,touch,hl250,dwell,15,0.32677575214328036,LKOH
4652,touch,hl250,volume,23,0.5633379584265971,LKOH
4652,touch,hl250,swing,18,0.4530441141588768,LKOH
4652,dwell,hl250,touch,21,0.6778751759080166,LKOH
4652,dwell,hl250,dwell,15,0.33305067870572075,LKOH
4652,dwell,hl250,volume,19,0.46373401695767846,LKOH
4652,dwell,hl250,swing,18,0.44385017854883413,LKOH
4652,volume,hl250,touch,24,0.7388731982924255,LKOH
4652,volume,hl250,dwell,15,0.3515749985719123,LKOH
4652,volume,hl250,volume,22,0.5588406400451207,LKOH
4652,volume,hl250,swing,18,0.4792676210316469,LKOH
4652,swing,hl250,touch,24,0.7219869223996559,LKOH
4652,swing,hl250,dwell,20,0.5658536206968671,LKOH
4652,swing,hl250,volume,20,0.4851331693797259,LKOH
4652,swing,hl250,swing,17,0.385480613732088,LKOH
4802,touch,none,touch,16,0.9217392036729491,LKOH
4802,touch,none,dwell,14,0.8452776476518092,LKOH
4802,touch,none,volume,16,0.8141060750684118,LKOH
4802,touch,none,swing,13,0.6938135335722638,LKOH
4802,dwell,none,touch,16,0.9078036457683186,LKOH
4802,dwell,none,dwell,14,0.8224405074275258,LKOH
4802,dwell,none,volume,16,0.810419453533443,LKOH
4802,dwell,none,swing,13,0.6436260693206752,LKOH
4802,volume,none,touch,16,0.9105781194761644,LKOH
4802,volume,none,dwell,14,0.8488141327575528,LKOH
4802,volume,none,volume,16,0.779106159499063,LKOH
4802,volume,none,swing,13,0.7071119621013616,LKOH
4802,swing,none,touch,16,0.8812351848303666,LKOH
4802,swing,none,dwell,15,0.7809077980814327,LKOH
4802,swing,none,volume,15,0.7134583428410948,LKOH
4802,swing,none,swing,12,0.4992717847942318,LKOH
4802,touch,hl250,touch,16,0.9636977423179341,LKOH
4802,touch,hl250,dwell,14,0.914529511027564,LKOH
4802,touch,hl250,volume,16,0.8256343802697843,LKOH
4802,touch,hl250,swing,13,0.8322213867542125,LKOH
4802,dwell,hl250,touch,16,0.9456266234302421,LKOH
4802,dwell,hl250,dwell,14,0.8970472196577847,LKOH
4802,dwell,hl250,volume,16,0.8363198145750634,LKOH
4802,dwell,hl250,swing,13,0.785721123648686,LKOH
4802,volume,hl250,touch,16,0.9614073392164644,LKOH
4802,volume,hl250,dwell,14,0.9311093389310667,LKOH
4802,volume,hl250,volume,16,0.8039541796622517,LKOH
4802,volume,hl250,swing,13,0.8430041568234946,LKOH
4802,swing,hl250,touch,16,0.9174357499055825,LKOH
4802,swing,hl250,dwell,15,0.8543428255840456,LKOH
4802,swing,hl250,volume,15,0.7089316237305388,LKOH
4802,swing,hl250,swing,12,0.6884751147520682,LKOH
4952,touch,none,touch,11,0.8212120542071263,LKOH
4952,touch,none,dwell,10,0.6458725947845672,LKOH
4952,touch,none,volume,11,0.6746543562437797,LKOH
4952,touch,none,swing,11,0.6457458944468202,LKOH
4952,dwell,none,touch,11,0.7393776589482836,LKOH
4952,dwell,none,dwell,10,0.5118609757828806,LKOH
4952,dwell,none,volume,11,0.5737494520716043,LKOH
4952,dwell,none,swing,11,0.5558005264288468,LKOH
4952,volume,none,touch,11,0.8024515520769443,LKOH
4952,volume,none,dwell,10,0.6253782842621216,LKOH
4952,volume,none,volume,11,0.6429124839810585,LKOH
4952,volume,none,swing,11,0.6436694722875086,LKOH
4952,swing,none,touch,13,0.7700370889393984,LKOH
4952,swing,none,dwell,11,0.5181827347721158,LKOH
4952,swing,none,volume,11,0.4356587762484247,LKOH
4952,swing,none,swing,11,0.43508439616833516,LKOH
4952,touch,hl250,touch,11,0.6638384847293404,LKOH
4952,touch,hl250,dwell,10,0.46979074054525816,LKOH
4952,touch,hl250,volume,11,0.5311644812317853,LKOH
4952,touch,hl250,swing,11,0.6018214676397982,LKOH
4952,dwell,hl250,touch,11,0.606389869127798,LKOH
4952,dwell,hl250,dwell,10,0.36408768677743425,LKOH
4952,dwell,hl250,volume,11,0.45032759553913976,LKOH
4952,dwell,hl250,swing,11,0.5144775963284978,LKOH
4952,volume,hl250,touch,11,0.6792369457474968,LKOH
4952,volume,hl250,dwell,10,0.5068911897211333,LKOH
4952,volume,hl250,volume,11,0.577101012897362,LKOH
4952,volume,hl250,swing,11,0.6018806592995642,LKOH
4952,swing,hl250,touch,13,0.7166331093009601,LKOH
4952,swing,hl250,dwell,11,0.48847020426850457,LKOH
4952,swing,hl250,volume,11,0.38515394484508014,LKOH
4952,swing,hl250,swing,11,0.4404569520840963,LKOH
5102,touch,none,touch,13,0.6472703201064083,LKOH
5102,touch,none,dwell,11,0.4325247910395786,LKOH
5102,touch,none,volume,13,0.6229906600971161,LKOH
5102,touch,none,swing,13,0.4789896282462851,LKOH
5102,dwell,none,touch,13,0.6137598392358738,LKOH
5102,dwell,none,dwell,11,0.397930818043339,LKOH
5102,dwell,none,volume,13,0.5975927535450511,LKOH
5102,dwell,none,swing,13,0.4754233693503133,LKOH
5102,volume,none,touch,13,0.7283749554645572,LKOH
5102,volume,none,dwell,11,0.5744893619812116,LKOH
5102,volume,none,volume,13,0.6931583883426143,LKOH
5102,volume,none,swing,13,0.60103050736906,LKOH
5102,swing,none,touch,15,0.6140105836048605,LKOH
5102,swing,none,dwell,13,0.4310218788494431,LKOH
5102,swing,none,volume,13,0.46329061456741866,LKOH
5102,swing,none,swing,13,0.34805642723446983,LKOH
5102,touch,hl250,touch,13,0.6697498746408977,LKOH
5102,touch,hl250,dwell,11,0.45367571648202376,LKOH
5102,touch,hl250,volume,13,0.6424494656185821,LKOH
5102,touch,hl250,swing,13,0.5053608076155747,LKOH
5102,dwell,hl250,touch,13,0.6068508121685259,LKOH
5102,dwell,hl250,dwell,11,0.37709949911136126,LKOH
5102,dwell,hl250,volume,13,0.5868706992332587,LKOH
5102,dwell,hl250,swing,13,0.5010740708657352,LKOH
5102,volume,hl250,touch,13,0.7847117932524208,LKOH
5102,volume,hl250,dwell,11,0.659709005788763,LKOH
5102,volume,hl250,volume,13,0.7636563074141302,LKOH
5102,volume,hl250,swing,13,0.73845845266959,LKOH
5102,swing,hl250,touch,15,0.5939348281428528,LKOH
5102,swing,hl250,dwell,13,0.42037708134783025,LKOH
5102,swing,hl250,volume,13,0.43277082459303573,LKOH
5102,swing,hl250,swing,13,0.38079442262969126,LKOH
5252,touch,none,touch,14,0.4417374519765981,LKOH
5252,touch,none,dwell,13,0.3993304349006186,LKOH
5252,touch,none,volume,14,0.41195073393045645,LKOH
5252,touch,none,swing,14,0.3824085394781998,LKOH
5252,dwell,none,touch,14,0.4231633816013464,LKOH
5252,dwell,none,dwell,13,0.3572831752534904,LKOH
5252,dwell,none,volume,14,0.3967613593251357,LKOH
5252,dwell,none,swing,14,0.3380148244471491,LKOH
5252,volume,none,touch,14,0.48354008133632054,LKOH
5252,volume,none,dwell,13,0.41423187904782505,LKOH
5252,volume,none,volume,14,0.4342464259051417,LKOH
5252,volume,none,swing,14,0.38658570538903186,LKOH
5252,swing,none,touch,15,0.35076388968429933,LKOH
5252,swing,none,dwell,14,0.2543694714130922,LKOH
5252,swing,none,volume,14,0.2641640996547389,LKOH
5252,swing,none,swing,14,0.20139266608529677,LKOH
5252,touch,hl250,touch,14,0.4525546252256761,LKOH
5252,touch,hl250,dwell,13,0.40600171577033844,LKOH
5252,touch,hl250,volume,14,0.4061093416363285,LKOH
5252,touch,hl250,swing,14,0.40912175350243385,LKOH
5252,dwell,hl250,touch,14,0.41644601461356445,LKOH
5252,dwell,hl250,dwell,13,0.3340880011550437,LKOH
5252,dwell,hl250,volume,14,0.3585282741314102,LKOH
5252,dwell,hl250,swing,14,0.33369695442181335,LKOH
5252,volume,hl250,touch,14,0.5311774742466072,LKOH
5252,volume,hl250,dwell,13,0.4246093574471562,LKOH
5252,volume,hl250,volume,14,0.44348356315052406,LKOH
5252,volume,hl250,swing,14,0.41430689209474303,LKOH
5252,swing,hl250,touch,15,0.30469695434004157,LKOH
5252,swing,hl250,dwell,14,0.18244874110244044,LKOH
5252,swing,hl250,volume,14,0.17643225104203203,LKOH
5252,swing,hl250,swing,14,0.12338573170905628,LKOH
5402,touch,none,touch,15,0.7975459089080329,LKOH
5402,touch,none,dwell,14,0.7437067431732863,LKOH
5402,touch,none,volume,15,0.5539022291951083,LKOH
5402,touch,none,swing,15,0.7869638077587336,LKOH
5402,dwell,none,touch,15,0.7812258547046564,LKOH
5402,dwell,none,dwell,14,0.7385359009019414,LKOH
5402,dwell,none,volume,15,0.539787048084114,LKOH
5402,dwell,none,swing,15,0.783336779181038,LKOH
5402,volume,none,touch,15,0.825632645770406,LKOH
5402,volume,none,dwell,14,0.7950319845081862,LKOH
5402,volume,none,volume,15,0.5947851732226127,LKOH
5402,volume,none,swing,15,0.8230868017024773,LKOH
5402,swing,none,touch,15,0.6839904782514268,LKOH
5402,swing,none,dwell,15,0.6694468976204018,LKOH
5402,swing,none,volume,15,0.45496045450043554,LKOH
5402,swing,none,swing,15,0.7144659902939969,LKOH
5402,touch,hl250,touch,15,0.8904360526394838,LKOH
5402,touch,hl250,dwell,14,0.8711442728151042,LKOH
5402,touch,hl250,volume,15,0.6809052154107468,LKOH
5402,touch,hl250,swing,15,0.882975915696518,LKOH
5402,dwell,hl250,touch,15,0.8630986833730698,LKOH
5402,dwell,hl250,dwell,14,0.8560294310224487,LKOH
5402,dwell,hl250,volume,15,0.6784067371157961,LKOH
5402,dwell,hl250,swing,15,0.8840264088019001,LKOH
5402,volume,hl250,touch,15,0.9004198448032456,LKOH
5402,volume,hl250,dwell,14,0.8870534104409296,LKOH
5402,volume,hl250,volume,15,0.690624266053099,LKOH
5402,volume,hl250,swing,15,0.9012618890426757,LKOH
5402,swing,hl250,touch,15,0.8383605712011938,LKOH
5402,swing,hl250,dwell,15,0.8492243711416192,LKOH
5402,swing,hl250,volume,15,0.6542201021517361,LKOH
5402,swing,hl250,swing,15,0.8707122142185669,LKOH
5552,touch,none,touch,15,0.908562930434474,LKOH
5552,touch,none,dwell,13,0.8388590023768662,LKOH
5552,touch,none,volume,15,0.7137351886722286,LKOH
5552,touch,none,swing,15,0.8017132072628522,LKOH
5552,dwell,none,touch,15,0.890903571846451,LKOH
5552,dwell,none,dwell,13,0.8178435348099377,LKOH
5552,dwell,none,volume,15,0.6915285788217584,LKOH
5552,dwell,none,swing,15,0.7917345574898909,LKOH
5552,volume,none,touch,15,0.8996515735350429,LKOH
5552,volume,none,dwell,13,0.8260723018026772,LKOH
5552,volume,none,volume,15,0.7390857416459983,LKOH
5552,volume,none,swing,15,0.7999562267852877,LKOH
5552,swing,none,touch,16,0.9177933000992458,LKOH
5552,swing,none,dwell,15,0.9008353702382264,LKOH
5552,swing,none,volume,15,0.7294599231886879,LKOH
5552,swing,none,swing,15,0.832795805708287,LKOH
5552,touch,hl250,touch,15,0.8128438218844978,LKOH
5552,touch,hl250,dwell,13,0.7066553233073466,LKOH
5552,touch,hl250,volume,15,0.6813640888459057,LKOH
5552,touch,hl250,swing,15,0.7124479443410743,LKOH
5552,dwell,hl250,touch,15,0.7818391288653158,LKOH
5552,dwell,hl250,dwell,13,0.6855873994125696,LKOH
5552,dwell,hl250,volume,15,0.6601685261052032,LKOH
5552,dwell,hl250,swing,15,0.7011345837081531,LKOH
5552,volume,hl250,touch,15,0.8256883248976099,LKOH
5552,volume,hl250,dwell,13,0.7184901837492109,LKOH
5552,volume,hl250,volume,15,0.6841766818495393,LKOH
5552,volume,hl250,swing,15,0.7409426118877716,LKOH
5552,swing,hl250,touch,16,0.820033923445022,LKOH
5552,swing,hl250,dwell,15,0.7832955534823806,LKOH
5552,swing,hl250,volume,15,0.6954980802548859,LKOH
5552,swing,hl250,swing,15,0.7303642542308011,LKOH
2709,touch,none,touch,20,0.7304678458568659,MGNT
2709,touch,none,dwell,18,0.6921151291449246,MGNT
2709,touch,none,volume,20,0.6078471715602883,MGNT
2709,touch,none,swing,20,0.65126514344256,MGNT
2709,dwell,none,touch,17,0.7451302650728079,MGNT
2709,dwell,none,dwell,15,0.7097059618719777,MGNT
2709,dwell,none,volume,17,0.6431063058493064,MGNT
2709,dwell,none,swing,17,0.6582219796416624,MGNT
2709,volume,none,touch,18,0.674533649639175,MGNT
2709,volume,none,dwell,16,0.6433982706345542,MGNT
2709,volume,none,volume,18,0.5727197035760709,MGNT
2709,volume,none,swing,17,0.5605961136269952,MGNT
2709,swing,none,touch,18,0.7469002522360755,MGNT
2709,swing,none,dwell,18,0.7540533369425126,MGNT
2709,swing,none,volume,18,0.6333456778726613,MGNT
2709,swing,none,swing,17,0.6713966135098359,MGNT
2709,touch,hl250,touch,20,0.7645621274493941,MGNT
2709,touch,hl250,dwell,18,0.7181071954216899,MGNT
2709,touch,hl250,volume,20,0.6157443327327482,MGNT
2709,touch,hl250,swing,20,0.6724786287234862,MGNT
2709,dwell,hl250,touch,17,0.7390910374731041,MGNT
2709,dwell,hl250,dwell,15,0.6959146202059581,MGNT
2709,dwell,hl250,volume,17,0.6400330570156374,MGNT
2709,dwell,hl250,swing,17,0.6266932055316031,MGNT
2709,volume,hl250,touch,18,0.6935305214607281,MGNT
2709,volume,hl250,dwell,16,0.6536072969458937,MGNT
2709,volume,hl250,volume,18,0.5964999630239466,MGNT
2709,volume,hl250,swing,17,0.5513535022901328,MGNT
2709,swing,hl250,touch,18,0.7244892132986884,MGNT
2709,swing,hl250,dwell,18,0.7260795719290588,MGNT
2709,swing,hl250,volume,18,0.6413782095904774,MGNT
2709,swing,hl250,swing,17,0.6121768504585718,MGNT
2859,touch,none,touch,15,0.8382654892809226,MGNT
2859,touch,none,dwell,12,0.5361602808775476,MGNT
2859,touch,none,volume,16,0.7292858417404986,MGNT
2859,touch,none,swing,16,0.7139862545519857,MGNT
2859,dwell,none,touch,15,0.8575008332617929,MGNT
2859,dwell,none,dwell,12,0.6111582336823926,MGNT
2859,dwell,none,volume,16,0.7538115065937903,MGNT
2859,dwell,none,swing,16,0.7647907182777219,MGNT
2859,volume,none,touch,15,0.8327958479052663,MGNT
2859,volume,none,dwell,12,0.6338074779208022,MGNT
2859,volume,none,volume,16,0.7551159107477784,MGNT
2859,volume,none,swing,16,0.7513679193964958,MGNT
2859,swing,none,touch,17,0.8328485597633132,MGNT
2859,swing,none,dwell,16,0.6876144834199402,MGNT
2859,swing,none,volume,16,0.6907270003151091,MGNT
2859,swing,none,swing,16,0.708999284024838,MGNT
2859,touch,hl250,touch,15,0.8278129132083909,MGNT
2859,touch,hl250,dwell,12,0.5327241784979347,MGNT
2859,touch,hl250,volume,16,0.7075864178758612,MGNT
2859,touch,hl250,swing,16,0.7146652043819498,MGNT
2859,dwell,hl250,touch,15,0.8377870455156942,MGNT
2859,dwell,hl250,dwell,12,0.6400170512621682,MGNT
2859,dwell,hl250,volume,16,0.7583679497104393,MGNT
2859,dwell,hl250,swing,16,0.7797357791967626,MGNT
2859,volume,hl250,touch,15,0.844952664341758,MGNT
2859,volume,hl250,dwell,12,0.6366876245270113,MGNT
2859,volume,hl250,volume,16,0.7566613601070169,MGNT
2859,volume,hl250,swing,16,0.7846471952847656,MGNT
2859,swing,hl250,touch,17,0.8312040666808044,MGNT
2859,swing,hl250,dwell,16,0.7288054681995748,MGNT
2859,swing,hl250,volume,16,0.7258144186522264,MGNT
2859,swing,hl250,swing,16,0.7379244158776356,MGNT
3009,touch,none,touch,15,0.9259501307926048,MGNT
3009,touch,none,dwell,13,0.8541188802429538,MGNT
3009,touch,none,volume,15,0.8594124912518186,MGNT
3009,touch,none,swing,14,0.9047261408082455,MGNT
3009,dwell,none,touch,15,0.936824119228849,MGNT
3009,dwell,none,dwell,13,0.9007154602590389,MGNT
3009,dwell,none,volume,15,0.8908390594712862,MGNT
3009,dwell,none,swing,14,0.9282838787166867,MGNT
3009,volume,none,touch,15,0.8960133888323455,MGNT
3009,volume,none,dwell,13,0.8851207578936179,MGNT
3009,volume,none,volume,15,0.8809921031918339,MGNT
3009,volume,none,swing,14,0.9411541432060434,MGNT
3009,swing,none,touch,17,0.9297754292231649,MGNT
3009,swing,none,dwell,15,0.8963213770107462,MGNT
3009,swing,none,volume,15,0.8790070571990111,MGNT
3009,swing,none,swing,14,0.9007620715860842,MGNT
3009,touch,hl250,touch,15,0.8909126379133344,MGNT
3009,touch,hl250,dwell,13,0.8234953732005365,MGNT
3009,touch,hl250,volume,15,0.8145799095968379,MGNT
3009,touch,hl250,swing,14,0.893347429527766,MGNT
3009,dwell,hl250,touch,15,0.8629072262530866,MGNT
3009,dwell,hl250,dwell,13,0.8447047838337981,MGNT
3009,dwell,hl250,volume,15,0.8300322780721567,MGNT
3009,dwell,hl250,swing,14,0.907722006048193,MGNT
3009,volume,hl250,touch,15,0.7209116351249728,MGNT
3009,volume,hl250,dwell,13,0.7193101551092093,MGNT
3009,volume,hl250,volume,15,0.7392154690150462,MGNT
3009,volume,hl250,swing,14,0.8403404288459427,MGNT
3009,swing,hl250,touch,17,0.8988050595866007,MGNT
3009,swing,hl250,dwell,15,0.8944147803907851,MGNT
3009,swing,hl250,volume,15,0.8692346469159059,MGNT
3009,swing,hl250,swing,14,0.9119672730188234,MGNT
3159,touch,none,touch,21,0.9602574549587104,MGNT
3159,touch,none,dwell,13,0.9043266457294594,MGNT
3159,touch,none,volume,18,0.8576622166587518,MGNT
3159,touch,none,swing,16,0.8948313979562305,MGNT
3159,dwell,none,touch,20,0.9510733573685901,MGNT
3159,dwell,none,dwell,13,0.9065871673459286,MGNT
3159,dwell,none,volume,17,0.852547890280652,MGNT
3159,dwell,none,swing,15,0.8995964026984673,MGNT
3159,volume,none,touch,22,0.9050226686248212,MGNT
3159,volume,none,dwell,13,0.8256193171368256,MGNT
3159,volume,none,volume,18,0.8047340337779655,MGNT
3159,volume,none,swing,15,0.8410474833427384,MGNT
3159,swing,none,touch,23,0.946038161953969,MGNT
3159,swing,none,dwell,17,0.9104617642738718,MGNT
3159,swing,none,volume,17,0.8331173944124878,MGNT
3159,swing,none,swing,14,0.8595856358136671,MGNT
3159,touch,hl250,touch,21,0.9506485288690032,MGNT
3159,touch,hl250,dwell,13,0.8955738256014442,MGNT
3159,touch,hl250,volume,18,0.8688907939271285,MGNT
3159,touch,hl250,swing,16,0.8924005091004221,MGNT
3159,dwell,hl250,touch,20,0.9161988606513798,MGNT
3159,dwell,hl250,dwell,13,0.8552011593290276,MGNT
3159,dwell,hl250,volume,17,0.8411914444782392,MGNT
3159,dwell,hl250,swing,15,0.8624510912577945,MGNT
3159,volume,hl250,touch,22,0.8505924084184563,MGNT
3159,volume,hl250,dwell,13,0.7412464162452518,MGNT
3159,volume,hl250,volume,18,0.7658583353652696,MGNT
3159,volume,hl250,swing,15,0.7657544122069037,MGNT
3159,swing,hl250,touch,23,0.8947231916963282,MGNT
3159,swing,hl250,dwell,17,0.8523469948599581,MGNT
3159,swing,hl250,volume,17,0.7789475868818854,MGNT
3159,swing,hl250,swing,14,0.7925465718668157,MGNT
3309,touch,none,touch,22,0.8821399476103136,MGNT
3309,touch,none,dwell,15,0.7652420696496205,MGNT
3309,touch,none,volume,19,0.6521595130941464,MGNT
3309,touch,none,swing,17,0.7039408480073883,MGNT
3309,dwell,none,touch,21,0.8320780027000805,MGNT
3309,dwell,none,dwell,15,0.743799184926273,MGNT
3309,dwell,none,volume,18,0.6233107565585287,MGNT
3309,dwell,none,swing,16,0.6154034277873736,MGNT
3309,volume,none,touch,23,0.8059979146043341,MGNT
3309,volume,none,dwell,15,0.6527852825521991,MGNT
3309,volume,none,volume,19,0.6065028255471288,MGNT
3309,volume,none,swing,16,0.5242677114539553,MGNT
3309,swing,none,touch,24,0.8318843648132532,MGNT
3309,swing,none,dwell,18,0.778526591541488,MGNT
3309,swing,none,volume,18,0.6113644467055334,MGNT
3309,swing,none,swing,15,0.553633172093558,MGNT
3309,touch,hl250,touch,22,0.8598727559261804,MGNT
3309,touch,hl250,dwell,15,0.723038026881317,MGNT
3309,touch,hl250,volume,19,0.6216169440921325,MGNT
3309,touch,hl250,swing,17,0.6470247049916468,MGNT
3309,dwell,hl250,touch,21,0.8017677556622724,MGNT
3309,dwell,hl250,dwell,15,0.6713539452012535,MGNT
3309,dwell,hl250,volume,18,0.5767573243666051,MGNT
3309,dwell,hl250,swing,16,0.5156038159904759,MGNT
3309,volume,hl250,touch,23,0.7860975533930012,MGNT
3309,volume,hl250,dwell,15,0.593190906290282,MGNT
3309,volume,hl250,volume,19,0.5790885943913111,MGNT
3309,volume,hl250,swing,16,0.46084025077684604,MGNT
3309,swing,hl250,touch,24,0.7878839702414936,MGNT
3309,swing,hl250,dwell,18,0.717133700353132,MGNT
3309,swing,hl250,volume,18,0.5353805852473928,MGNT
3309,swing,hl250,swing,15,0.44720565545440577,MGNT
3459,touch,none,touch,14,0.911451688183797,MGNT
3459,touch,none,dwell,11,0.8407035380702823,MGNT
3459,touch,none,volume,13,0.893551213405223,MGNT
3459,touch,none,swing,12,0.7592384161469049,MGNT
3459,dwell,none,touch,14,0.8864812236140823,MGNT
3459,dwell,none,dwell,11,0.827647598720819,MGNT
3459,dwell,none,volume,13,0.8632917770854314,MGNT
3459,dwell,none,swing,12,0.7588990387245106,MGNT
3459,volume,none,touch,14,0.8041143816412195,MGNT
3459,volume,none,dwell,11,0.7280032591174632,MGNT
3459,volume,none,volume,13,0.7859245350171424,MGNT
3459,volume,none,swing,12,0.7021002790705262,MGNT
3459,swing,none,touch,15,0.9116045191294014,MGNT
3459,swing,none,dwell,13,0.8868858592240018,MGNT
3459,swing,none,volume,13,0.8653135985442418,MGNT
3459,swing,none,swing,12,0.8204409588175928,MGNT
3459,touch,hl250,touch,14,0.828935292710377,MGNT
3459,touch,hl250,dwell,11,0.7395250002637581,MGNT
3459,touch,hl250,volume,13,0.7983849160150961,MGNT
3459,touch,hl250,swing,12,0.6658326788350514,MGNT
3459,dwell,hl250,touch,14,0.8097545892744161,MGNT
3459,dwell,hl250,dwell,11,0.7224055040735109,MGNT
3459,dwell,hl250,volume,13,0.7728246521621097,MGNT
3459,dwell,hl250,swing,12,0.667710220804552,MGNT
3459,volume,hl250,touch,14,0.5974620556829792,MGNT
3459,volume,hl250,dwell,11,0.51546282488858,MGNT
3459,volume,hl250,volume,13,0.5237279003180808,MGNT
3459,volume,hl250,swing,12,0.5438279507590383,MGNT
3459,swing,hl250,touch,15,0.8252869202056872,MGNT
3459,swing,hl250,dwell,13,0.7645765395771805,MGNT
3459,swing,hl250,volume,13,0.7531270723263438,MGNT
3459,swing,hl250,swing,12,0.7170867219624669,MGNT
3609,touch,none,touch,13,0.8576240710948053,MGNT
3609,touch,none,dwell,13,0.8247076289593926,MGNT
3609,touch,none,volume,13,0.7952390257253595,MGNT
3609,touch,none,swing,13,0.7641475391279101,MGNT
3609,dwell,none,touch,13,0.8397719451946305,MGNT
3609,dwell,none,dwell,13,0.763370365607931,MGNT
3609,dwell,none,volume,13,0.7257877722427468,MGNT
3609,dwell,none,swing,13,0.7074654550174118,MGNT
3609,volume,none,touch,13,0.7118882553950608,MGNT
3609,volume,none,dwell,13,0.6318819647572584,MGNT
3609,volume,none,volume,13,0.5746618934001682,MGNT
3609,volume,none,swing,13,0.5776901491469073,MGNT
3609,swing,none,touch,15,0.8707960591600755,MGNT
3609,swing,none,dwell,13,0.7144813966161225,MGNT
3609,swing,none,volume,13,0.6608407872464672,MGNT
3609,swing,none,swing,13,0.6994123346282538,MGNT
3609,touch,hl250,touch,13,0.8332200992220219,MGNT
3609,touch,hl250,dwell,13,0.811323598510167,MGNT
3609,touch,hl250,volume,13,0.7737080361536686,MGNT
3609,touch,hl250,swing,13,0.7613235822560006,MGNT
3609,dwell,hl250,touch,13,0.813567596252108,MGNT
3609,dwell,hl250,dwell,13,0.7309419422751653,MGNT
3609,dwell,hl250,volume,13,0.6856810922439143,MGNT
3609,dwell,hl250,swing,13,0.6908331277240092,MGNT
3609,volume,hl250,touch,13,0.682762074145637,MGNT
3609,volume,hl250,dwell,13,0.6076292218698259,MGNT
3609,volume,hl250,volume,13,0.5349486448736889,MGNT
3609,volume,hl250,swing,13,0.5732563277651065,MGNT
3609,swing,hl250,touch,15,0.8311259792382534,MGNT
3609,swing,hl250,dwell,13,0.6306392950712889,MGNT
3609,swing,hl250,volume,13,0.5658409785043637,MGNT
3609,swing,hl250,swing,13,0.6471519469050544,MGNT
3759,touch,none,touch,28,0.6785134609031124,MGNT
3759,touch,none,dwell,15,0.42754991539409565,MGNT
3759,touch,none,volume,21,0.33129678423446374,MGNT
3759,touch,none,swing,19,0.3868266499751751,MGNT
3759,dwell,none,touch,22,0.5848273474889256,MGNT
3759,dwell,none,dwell,14,0.42928407846061684,MGNT
3759,dwell,none,volume,17,0.13371805498366066,MGNT
3759,dwell,none,swing,17,0.2871708580768821,MGNT
3759,volume,none,touch,26,0.6740360848536147,MGNT
3759,volume,none,dwell,15,0.511548091123653,MGNT
3759,volume,none,volume,19,0.2687032943134806,MGNT
3759,volume,none,swing,17,0.3367298847103146,MGNT
3759,swing,none,touch,26,0.6300891872656661,MGNT
3759,swing,none,dwell,19,0.44400533359837996,MGNT
3759,swing,none,volume,19,0.22533825259599366,MGNT
3759,swing,none,swing,17,0.25519563978187526,MGNT
3759,touch,hl250,touch,28,0.6502332564506305,MGNT
3759,touch,hl250,dwell,15,0.3955447457161972,MGNT
3759,touch,hl250,volume,21,0.3132500574858352,MGNT
3759,touch,hl250,swing,19,0.36849332948536384,MGNT
3759,dwell,hl250,touch,22,0.5686749940418261,MGNT
3759,dwell,hl250,dwell,14,0.36926755131495564,MGNT
3759,dwell,hl250,volume,17,0.1460142917442589,MGNT
3759,dwell,hl250,swing,17,0.2792291508787792,MGNT
3759,volume,hl250,touch,26,0.6623169351261493,MGNT
3759,volume,hl250,dwell,15,0.47546752419233396,MGNT
3759,volume,hl250,volume,19,0.2764776115072762,MGNT
3759,volume,hl250,swing,17,0.339590331620352,MGNT
3759,swing,hl250,touch,26,0.5942662032888577,MGNT
3759,swing,hl250,dwell,19,0.4136947222662715,MGNT
3759,swing,hl250,volume,19,0.22182673005139686,MGNT
3759,swing,hl250,swing,17,0.2480118899268335,MGNT
3909,touch,none,touch,20,0.7997958912962818,MGNT
3909,touch,none,dwell,16,0.649121209964769,MGNT
3909,touch,none,volume,19,0.6480434231306673,MGNT
3909,touch,none,swing,17,0.6605727014547942,MGNT
3909,dwell,none,touch,16,0.7201909256926786,MGNT
3909,dwell,none,dwell,14,0.6071314743282658,MGNT
3909,dwell,none,volume,16,0.5773755337398645,MGNT
3909,dwell,none,swing,16,0.656029168404605,MGNT
3909,volume,none,touch,19,0.8062476647168176,MGNT
3909,volume,none,dwell,15,0.6753311891864457,MGNT
3909,volume,none,volume,18,0.6793376319700766,MGNT
3909,volume,none,swing,16,0.692667827155295,MGNT
3909,swing,none,touch,17,0.6603051644343597,MGNT
3909,swing,none,dwell,17,0.5699385065382756,MGNT
3909,swing,none,volume,17,0.4963852056727067,MGNT
3909,swing,none,swing,15,0.48869157548221864,MGNT
3909,touch,hl250,touch,20,0.7770123250431654,MGNT
3909,touch,hl250,dwell,16,0.6152250481719714,MGNT
3909,touch,hl250,volume,19,0.6398870780913551,MGNT
3909,touch,hl250,swing,17,0.6084643436984427,MGNT
3909,dwell,hl250,touch,16,0.7151603846034739,MGNT
3909,dwell,hl250,dwell,14,0.5990362248884147,MGNT
3909,dwell,hl250,volume,16,0.5885393880159263,MGNT
3909,dwell,hl250,swing,16,0.62576001492273,MGNT
3909,volume,hl250,touch,19,0.7759659998730317,MGNT
3909,volume,hl250,dwell,15,0.6498884774322062,MGNT
3909,volume,hl250,volume,18,0.673768304091836,MGNT
3909,volume,hl250,swing,16,0.6407228622284677,MGNT
3909,swing,hl250,touch,17,0.63357343683217,MGNT
3909,swing,hl250,dwell,17,0.5588623191717423,MGNT
3909,swing,hl250,volume,17,0.5188774001857052,MGNT
3909,swing,hl250,swing,15,0.4851795758553223,MGNT
4059,touch,none,touch,17,0.9448838173830295,MGNT
4059,touch,none,dwell,14,0.83875536537305,MGNT
4059,touch,none,volume,16,0.5206728751601618,MGNT
4059,touch,none,swing,15,0.8564050530812544,MGNT
4059,dwell,none,touch,17,0.9328448139068553,MGNT
4059,dwell,none,dwell,14,0.8425206156831146,MGNT
4059,dwell,none,volume,16,0.5384883339262855,MGNT
4059,dwell,none,swing,15,0.8553838416750277,MGNT
4059,volume,none,touch,17,0.9165034613044175,MGNT
4059,volume,none,dwell,14,0.8235499902454848,MGNT
4059,volume,none,volume,16,0.5003362329184521,MGNT
4059,volume,none,swing,15,0.8413696638076501,MGNT
4059,swing,none,touch,18,0.8918863204862005,MGNT
4059,swing,none,dwell,16,0.7845993530850861,MGNT
4059,swing,none,volume,16,0.4481194017439578,MGNT
4059,swing,none,swing,15,0.7437064111361497,MGNT
4059,touch,hl250,touch,17,0.8981476035818051,MGNT
4059,touch,hl250,dwell,14,0.767783837026027,MGNT
4059,touch,hl250,volume,16,0.44173156295177685,MGNT
4059,touch,hl250,swing,15,0.8190111148503113,MGNT
4059,dwell,hl250,touch,17,0.8825157546621467,MGNT
4059,dwell,hl250,dwell,14,0.7832908294209525,MGNT
4059,dwell,hl250,volume,16,0.49913759489155657,MGNT
4059,dwell,hl250,swing,15,0.8391977517569399,MGNT
4059,volume,hl250,touch,17,0.8789909569092937,MGNT
4059,volume,hl250,dwell,14,0.7888976883529889,MGNT
4059,volume,hl250,volume,16,0.4307380389339967,MGNT
4059,volume,hl250,swing,15,0.8084490656441904,MGNT
4059,swing,hl250,touch,18,0.8332441486015731,MGNT
4059,swing,hl250,dwell,16,0.7371755488833265,MGNT
4059,swing,hl250,volume,16,0.4095247464123082,MGNT
4059,swing,hl250,swing,15,0.7448717053439061,MGNT
4209,touch,none,touch,20,0.7891569647753277,MGNT
4209,touch,none,dwell,16,0.6384759828767229,MGNT
4209,touch,none,volume,19,0.6607869081426018,MGNT
4209,touch,none,swing,19,0.6590399785054101,MGNT
4209,dwell,none,touch,18,0.7838688530304962,MGNT
4209,dwell,none,dwell,15,0.6323089203459171,MGNT
4209,dwell,none,volume,17,0.6649156667264882,MGNT
4209,dwell,none,swing,18,0.6614867605915649,MGNT
4209,volume,none,touch,19,0.745445821170931,MGNT
4209,volume,none,dwell,16,0.5915460377983021,MGNT
4209,volume,none,volume,18,0.6214600285680405,MGNT
4209,volume,none,swing,18,0.607872638232776,MGNT
4209,swing,none,touch,20,0.8128451312942467,MGNT
4209,swing,none,dwell,17,0.699306666943816,MGNT
4209,swing,none,volume,17,0.6788771984945323,MGNT
4209,swing,none,swing,17,0.6724194129951462,MGNT
4209,touch,hl250,touch,20,0.7349742976543776,MGNT
4209,touch,hl250,dwell,16,0.5551841162942778,MGNT
4209,touch,hl250,volume,19,0.5947409717000279,MGNT
4209,touch,hl250,swing,19,0.5974572264088813,MGNT
4209,dwell,hl250,touch,18,0.7248278767024302,MGNT
4209,dwell,hl250,dwell,15,0.5351235287953554,MGNT
4209,dwell,hl250,volume,17,0.6030260388330048,MGNT
4209,dwell,hl250,swing,18,0.6035396153058187,MGNT
4209,volume,hl250,touch,19,0.5992309155642982,MGNT
4209,volume,hl250,dwell,16,0.3966421231981833,MGNT
4209,volume,hl250,volume,18,0.431853809608814,MGNT
4209,volume,hl250,swing,18,0.4539053581260857,MGNT
4209,swing,hl250,touch,20,0.7632852950811302,MGNT
4209,swing,hl250,dwell,17,0.6108102641005834,MGNT
4209,swing,hl250,volume,17,0.6223982703517931,MGNT
4209,swing,hl250,swing,17,0.6195052385191944,MGNT
4359,touch,none,touch,22,0.796864937608648,MGNT
4359,touch,none,dwell,18,0.7303104592576053,MGNT
4359,touch,none,volume,22,0.7885596050468294,MGNT
4359,touch,none,swing,20,0.7690357762310663,MGNT
4359,dwell,none,touch,19,0.7807993874161656,MGNT
4359,dwell,none,dwell,16,0.7252215449129831,MGNT
4359,dwell,none,volume,19,0.8575018505462783,MGNT
4359,dwell,none,swing,18,0.7706312630665038,MGNT
4359,volume,none,touch,20,0.6938072334146805,MGNT
4359,volume,none,dwell,17,0.6471667726845872,MGNT
4359,volume,none,volume,20,0.803124705028256,MGNT
4359,volume,none,swing,18,0.7018859474487201,MGNT
4359,swing,none,touch,21,0.8151898778906911,MGNT
4359,swing,none,dwell,19,0.7726887906434116,MGNT
4359,swing,none,volume,19,0.8728080960226364,MGNT
4359,swing,none,swing,17,0.7974578351933849,MGNT
4359,touch,hl250,touch,22,0.7429911961549137,MGNT
4359,touch,hl250,dwell,18,0.6676465864712954,MGNT
4359,touch,hl250,volume,22,0.7536331498152312,MGNT
4359,touch,hl250,swing,20,0.7270489033305262,MGNT
4359,dwell,hl250,touch,19,0.7069195842360803,MGNT
4359,dwell,hl250,dwell,16,0.654403812391098,MGNT
4359,dwell,hl250,volume,19,0.8280922933830493,MGNT
4359,dwell,hl250,swing,18,0.7312254976314321,MGNT
4359,volume,hl250,touch,20,0.5596954166609458,MGNT
4359,volume,hl250,dwell,17,0.5331082888267091,MGNT
4359,volume,hl250,volume,20,0.7561722682116043,MGNT
4359,volume,hl250,swing,18,0.6296275064281489,MGNT
4359,swing,hl250,touch,21,0.7310183515451842,MGNT
4359,swing,hl250,dwell,19,0.6928517464522922,MGNT
4359,swing,hl250,volume,19,0.8368070545749117,MGNT
4359,swing,hl250,swing,17,0.7471307323528971,MGNT
4509,touch,none,touch,18,0.9467214890180549,MGNT
4509,touch,none,dwell,15,0.8841468152333138,MGNT
4509,touch,none,volume,18,0.7473555082155812,MGNT
4509,touch,none,swing,17,0.8791848992637277,MGNT
4509,dwell,none,touch,16,0.9364517103125365,MGNT
4509,dwell,none,dwell,14,0.8762579992548393,MGNT
4509,dwell,none,volume,16,0.7409505395743221,MGNT
4509,dwell,none,swing,16,0.8873127710956239,MGNT
4509,volume,none,touch,17,0.9044115116287079,MGNT
4509,volume,none,dwell,14,0.843492335277745,MGNT
4509,volume,none,volume,17,0.7729436553289442,MGNT
4509,volume,none,swing,16,0.8445771327355921,MGNT
4509,swing,none,touch,16,0.9115352621584125,MGNT
4509,swing,none,dwell,16,0.8682670006743908,MGNT
4509,swing,none,volume,16,0.6859986891761184,MGNT
4509,swing,none,swing,15,0.8517722384950103,MGNT
4509,touch,hl250,touch,18,0.9430459410570229,MGNT
4509,touch,hl250,dwell,15,0.8970323903541473,MGNT
4509,touch,hl250,volume,18,0.7072112427457341,MGNT
4509,touch,hl250,swing,17,0.8576558075190189,MGNT
4509,dwell,hl250,touch,16,0.8947350345959999,MGNT
4509,dwell,hl250,dwell,14,0.826120322300256,MGNT
4509,dwell,hl250,volume,16,0.6418119340593815,MGNT
4509,dwell,hl250,swing,16,0.8327395502571691,MGNT
4509,volume,hl250,touch,17,0.8549747008661845,MGNT
4509,volume,hl250,dwell,14,0.7797469250787312,MGNT
4509,volume,hl250,volume,17,0.7173269485678344,MGNT
4509,volume,hl250,swing,16,0.8109960892510045,MGNT
4509,swing,hl250,touch,16,0.8619720726912217,MGNT
4509,swing,hl250,dwell,16,0.8085667087045662,MGNT
4509,swing,hl250,volume,16,0.6066098676934324,MGNT
4509,swing,hl250,swing,15,0.798741680669454,MGNT
4659,touch,none,touch,15,0.6562029143007841,MGNT
4659,touch,none,dwell,13,0.5621498944418903,MGNT
4659,touch,none,volume,15,0.2476242867122331,MGNT
4659,touch,none,swing,15,0.574216532620289,MGNT
4659,dwell,none,touch,15,0.651596866272635,MGNT
4659,dwell,none,dwell,13,0.5778186206451513,MGNT
4659,dwell,none,volume,15,0.2714468728575165,MGNT
4659,dwell,none,swing,15,0.6066991335017701,MGNT
4659,volume,none,touch,15,0.47633268719362454,MGNT
4659,volume,none,dwell,13,0.3645229780778869,MGNT
4659,volume,none,volume,15,0.12551398578980025,MGNT
4659,volume,none,swing,15,0.43211872629704584,MGNT
4659,swing,none,touch,15,0.6214752126884122,MGNT
4659,swing,none,dwell,15,0.6509976911286689,MGNT
4659,swing,none,volume,15,0.2343058807659317,MGNT
4659,swing,none,swing,15,0.5980622090723001,MGNT
4659,touch,hl250,touch,15,0.7203147617555512,MGNT
4659,touch,hl250,dwell,13,0.6600071435190554,MGNT
4659,touch,hl250,volume,15,0.32859992076606515,MGNT
4659,touch,hl250,swing,15,0.662186528014098,MGNT
4659,dwell,hl250,touch,15,0.7117706141232624,MGNT
4659,dwell,hl250,dwell,13,0.6357986562324222,MGNT
4659,dwell,hl250,volume,15,0.3232142626872642,MGNT
4659,dwell,hl250,swing,15,0.6594464207003098,MGNT
4659,volume,hl250,touch,15,0.4603544820787537,MGNT
4659,volume,hl250,dwell,13,0.3194650078237888,MGNT
4659,volume,hl250,volume,15,0.09746226532103876,MGNT
4659,volume,hl250,swing,15,0.41836438180416685,MGNT
4659,swing,hl250,touch,15,0.6201353085251147,MGNT
4659,swing,hl250,dwell,15,0.6227729678608077,MGNT
4659,swing,hl250,volume,15,0.22054313269162507,MGNT
4659,swing,hl250,swing,15,0.5702627356513721,MGNT
4809,touch,none,touch,14,0.7191824320775188,MGNT
4809,touch,none,dwell,13,0.6906243323109854,MGNT
4809,touch,none,volume,14,0.4042219809658334,MGNT
4809,touch,none,swing,14,0.689256913343944,MGNT
4809,dwell,none,touch,14,0.6797498354584303,MGNT
4809,dwell,none,dwell,13,0.6519185176359559,MGNT
4809,dwell,none,volume,14,0.4017316119108791,MGNT
4809,dwell,none,swing,14,0.6390534902359523,MGNT
4809,volume,none,touch,14,0.5503972938475655,MGNT
4809,volume,none,dwell,13,0.5200120646582442,MGNT
4809,volume,none,volume,14,0.35539003009525993,MGNT
4809,volume,none,swing,14,0.5308720963357336,MGNT
4809,swing,none,touch,15,0.6533325662138859,MGNT
4809,swing,none,dwell,14,0.6851226676565783,MGNT
4809,swing,none,volume,14,0.4229208275419937,MGNT
4809,swing,none,swing,14,0.6140220382748953,MGNT
4809,touch,hl250,touch,14,0.7494274623206818,MGNT
4809,touch,hl250,dwell,13,0.7179894825885452,MGNT
4809,touch,hl250,volume,14,0.4467740322199019,MGNT
4809,touch,hl250,swing,14,0.7270011658173462,MGNT
4809,dwell,hl250,touch,14,0.7180248076462455,MGNT
4809,dwell,hl250,dwell,13,0.6703382025002527,MGNT
4809,dwell,hl250,volume,14,0.4182252911591724,MGNT
4809,dwell,hl250,swing,14,0.6825612906823803,MGNT
4809,volume,hl250,touch,14,0.6173470725109231,MGNT
4809,volume,hl250,dwell,13,0.562519189458167,MGNT
4809,volume,hl250,volume,14,0.3925123022230567,MGNT
4809,volume,hl250,swing,14,0.6094389099423271,MGNT
4809,swing,hl250,touch,15,0.6845495872530266,MGNT
4809,swing,hl250,dwell,14,0.6838294177241463,MGNT
4809,swing,hl250,volume,14,0.4151930991352125,MGNT
4809,swing,hl250,swing,14,0.6310523801510323,MGNT
2195,touch,none,touch,27,0.863188420559547,MRKP
2195,touch,none,dwell,22,0.8268523063957147,MRKP
2195,touch,none,volume,28,0.6166137728146908,MRKP
2195,touch,none,swing,26,0.8429764788549297,MRKP
2195,dwell,none,touch,25,0.8464795620952744,MRKP
2195,dwell,none,dwell,22,0.8273096118667292,MRKP
2195,dwell,none,volume,25,0.592875015662294,MRKP
2195,dwell,none,swing,26,0.8425978946253949,MRKP
2195,volume,none,touch,26,0.6579763879521852,MRKP
2195,volume,none,dwell,22,0.6300055136630848,MRKP
2195,volume,none,volume,28,0.4603000508106737,MRKP
2195,volume,none,swing,26,0.7148934412049058,MRKP
2195,swing,none,touch,26,0.8004907309729079,MRKP
2195,swing,none,dwell,25,0.8029199973862495,MRKP
2195,swing,none,volume,25,0.5616873213065124,MRKP
2195,swing,none,swing,24,0.8039060757780074,MRKP
2195,touch,hl250,touch,27,0.7678637302346686,MRKP
2195,touch,hl250,dwell,22,0.7318136942115913,MRKP
2195,touch,hl250,volume,28,0.5091300190890684,MRKP
2195,touch,hl250,swing,26,0.8020200148715247,MRKP
2195,dwell,hl250,touch,25,0.7433712790762249,MRKP
2195,dwell,hl250,dwell,22,0.7231037305584297,MRKP
2195,dwell,hl250,volume,25,0.4583859312882799,MRKP
2195,dwell,hl250,swing,26,0.7905166110405645,MRKP
2195,volume,hl250,touch,26,0.549009538672967,MRKP
2195,volume,hl250,dwell,22,0.4950274352071904,MRKP
2195,volume,hl250,volume,28,0.3284973405902458,MRKP
2195,volume,hl250,swing,26,0.6695518207679665,MRKP
2195,swing,hl250,touch,26,0.6622345626319439,MRKP
2195,swing,hl250,dwell,25,0.675814659120004,MRKP
2195,swing,hl250,volume,25,0.3760892372590991,MRKP
2195,swing,hl250,swing,24,0.7225962529811887,MRKP
2345,touch,none,touch,16,0.9249053793812397,MRKP
2345,touch,none,dwell,13,0.8420893775669407,MRKP
2345,touch,none,volume,16,0.9032853337726183,MRKP
2345,touch,none,swing,15,0.9218627836070502,MRKP
2345,dwell,none,touch,16,0.8963848396188802,MRKP
2345,dwell,none,dwell,13,0.796888020951965,MRKP
2345,dwell,none,volume,16,0.8716786024379697,MRKP
2345,dwell,none,swing,15,0.8951196236378173,MRKP
2345,volume,none,touch,16,0.7993901640129042,MRKP
2345,volume,none,dwell,13,0.6391090745211075,MRKP
2345,volume,none,volume,16,0.7464901173339279,MRKP
2345,volume,none,swing,15,0.7446385587098188,MRKP
2345,swing,none,touch,20,0.8672889205001046,MRKP
2345,swing,none,dwell,16,0.7910813299724463,MRKP
2345,swing,none,volume,16,0.829150967456828,MRKP
2345,swing,none,swing,15,0.8540055095913813,MRKP
2345,touch,hl250,touch,16,0.9254932300385417,MRKP
2345,touch,hl250,dwell,13,0.8391443766246209,MRKP
2345,touch,hl250,volume,16,0.8933898089627675,MRKP
2345,touch,hl250,swing,15,0.9033160133464312,MRKP
2345,dwell,hl250,touch,16,0.8626278545396577,MRKP
2345,dwell,hl250,dwell,13,0.7455061526046675,MRKP
2345,dwell,hl250,volume,16,0.8288293668773584,MRKP
2345,dwell,hl250,swing,15,0.8318567502485767,MRKP
2345,volume,hl250,touch,16,0.779381034577739,MRKP
2345,volume,hl250,dwell,13,0.5920474902743089,MRKP
2345,volume,hl250,volume,16,0.7262543933487653,MRKP
2345,volume,hl250,swing,15,0.7032126030955299,MRKP
2345,swing,hl250,touch,20,0.7649226006423443,MRKP
2345,swing,hl250,dwell,16,0.667019524423766,MRKP
2345,swing,hl250,volume,16,0.7185969688871975,MRKP
2345,swing,hl250,swing,15,0.7183648449223162,MRKP
2495,touch,none,touch,9,0.8960997735021959,MRKP
2495,touch,none,dwell,8,0.7299398741614829,MRKP
2495,touch,none,volume,10,0.7397195132416872,MRKP
2495,touch,none,swing,10,0.8988341610339798,MRKP
2495,dwell,none,touch,9,0.8851418563462633,MRKP
2495,dwell,none,dwell,8,0.7215804049102833,MRKP
2495,dwell,none,volume,10,0.7474829024626082,MRKP
2495,dwell,none,swing,10,0.8890154473240915,MRKP
2495,volume,none,touch,9,0.7190694239064798,MRKP
2495,volume,none,dwell,8,0.5206176625525404,MRKP
2495,volume,none,volume,10,0.5882678469038481,MRKP
2495,volume,none,swing,10,0.7472722828151432,MRKP
2495,swing,none,touch,10,0.8005639057229347,MRKP
2495,swing,none,dwell,10,0.68297643764963,MRKP
2495,swing,none,volume,10,0.5929446991478268,MRKP
2495,swing,none,swing,10,0.8074644852576391,MRKP
2495,touch,hl250,touch,9,0.8758039606463434,MRKP
2495,touch,hl250,dwell,8,0.7099342942644341,MRKP
2495,touch,hl250,volume,10,0.7189181618598774,MRKP
2495,touch,hl250,swing,10,0.8823622423815447,MRKP
2495,dwell,hl250,touch,9,0.86079229729594,MRKP
2495,dwell,hl250,dwell,8,0.7191518592427474,MRKP
2495,dwell,hl250,volume,10,0.719962948566442,MRKP
2495,dwell,hl250,swing,10,0.8807961262401498,MRKP
2495,volume,hl250,touch,9,0.7018986656804448,MRKP
2495,volume,hl250,dwell,8,0.5209116858320787,MRKP
2495,volume,hl250,volume,10,0.5654587391037617,MRKP
2495,volume,hl250,swing,10,0.7506423461519391,MRKP
2495,swing,hl250,touch,10,0.7104250103411084,MRKP
2495,swing,hl250,dwell,10,0.598428185385471,MRKP
2495,swing,hl250,volume,10,0.46225614028652995,MRKP
2495,swing,hl250,swing,10,0.7311339023733245,MRKP
2645,touch,none,touch,15,0.9273675702636645,MRKP
2645,touch,none,dwell,13,0.8532398182324622,MRKP
2645,touch,none,volume,15,0.7459700649665187,MRKP
2645,touch,none,swing,15,0.907157397534919,MRKP
2645,dwell,none,touch,15,0.9348089717725157,MRKP
2645,dwell,none,dwell,13,0.8858178880550498,MRKP
2645,dwell,none,volume,15,0.7620690566118536,MRKP
2645,dwell,none,swing,15,0.9177719209017382,MRKP
2645,volume,none,touch,15,0.8373717325899507,MRKP
2645,volume,none,dwell,13,0.7704250436811495,MRKP
2645,volume,none,volume,15,0.6890186005475266,MRKP
2645,volume,none,swing,15,0.804041228736724,MRKP
2645,swing,none,touch,15,0.8977351291300879,MRKP
2645,swing,none,dwell,14,0.82237726895239,MRKP
2645,swing,none,volume,14,0.6694923319279613,MRKP
2645,swing,none,swing,14,0.8816428003641955,MRKP
2645,touch,hl250,touch,15,0.9299427793541831,MRKP
2645,touch,hl250,dwell,13,0.8812011517299951,MRKP
2645,touch,hl250,volume,15,0.7702640990680701,MRKP
2645,touch,hl250,swing,15,0.9001887004279987,MRKP
2645,dwell,hl250,touch,15,0.9109885362048866,MRKP
2645,dwell,hl250,dwell,13,0.8742840751010622,MRKP
2645,dwell,hl250,volume,15,0.7592299003026013,MRKP
2645,dwell,hl250,swing,15,0.8636111723673164,MRKP
2645,volume,hl250,touch,15,0.8440532974105929,MRKP
2645,volume,hl250,dwell,13,0.8130635690135432,MRKP
2645,volume,hl250,volume,15,0.722070855757955,MRKP
2645,volume,hl250,swing,15,0.8078614930919464,MRKP
2645,swing,hl250,touch,15,0.9028441531668043,MRKP
2645,swing,hl250,dwell,14,0.8400200120169901,MRKP
2645,swing,hl250,volume,14,0.7002350304064268,MRKP
2645,swing,hl250,swing,14,0.8623923515627134,MRKP
2795,touch,none,touch,27,0.8927401459212015,MRKP
2795,touch,none,dwell,17,0.7298021817868239,MRKP
2795,touch,none,volume,25,0.5559771983882311,MRKP
2795,touch,none,swing,23,0.7756273976438424,MRKP
2795,dwell,none,touch,24,0.8485219775776479,MRKP
2795,dwell,none,dwell,17,0.6943261366709822,MRKP
2795,dwell,none,volume,23,0.4559505152939089,MRKP
2795,dwell,none,swing,21,0.7018309372297534,MRKP
2795,volume,none,touch,24,0.8599007723707619,MRKP
2795,volume,none,dwell,17,0.6906101396573094,MRKP
2795,volume,none,volume,23,0.4317427192939541,MRKP
2795,volume,none,swing,21,0.6795596661822065,MRKP
2795,swing,none,touch,25,0.8127482502588503,MRKP
2795,swing,none,dwell,22,0.7350042332785203,MRKP
2795,swing,none,volume,22,0.4589873078109035,MRKP
2795,swing,none,swing,20,0.7312163111963074,MRKP
2795,touch,hl250,touch,27,0.8669755293980199,MRKP
2795,touch,hl250,dwell,17,0.687179011256697,MRKP
2795,touch,hl250,volume,25,0.49155756028172665,MRKP
2795,touch,hl250,swing,23,0.7203619945407842,MRKP
2795,dwell,hl250,touch,24,0.8286103723685987,MRKP
2795,dwell,hl250,dwell,17,0.6443692290985501,MRKP
2795,dwell,hl250,volume,23,0.38908265800253405,MRKP
2795,dwell,hl250,swing,21,0.6219410797735778,MRKP
2795,volume,hl250,touch,24,0.8248467388801634,MRKP
2795,volume,hl250,dwell,17,0.6222053916578707,MRKP
2795,volume,hl250,volume,23,0.371105151112871,MRKP
2795,volume,hl250,swing,21,0.5869215682012596,MRKP
2795,swing,hl250,touch,25,0.8331646636939477,MRKP
2795,swing,hl250,dwell,22,0.7407975856650043,MRKP
2795,swing,hl250,volume,22,0.429793024672096,MRKP
2795,swing,hl250,swing,20,0.6988971689590371,MRKP
2945,touch,none,touch,16,0.7420661057385793,MRKP
2945,touch,none,dwell,14,0.628859344650931,MRKP
2945,touch,none,volume,16,0.7687512022991941,MRKP
2945,touch,none,swing,15,0.6216025182946311,MRKP
2945,dwell,none,touch,16,0.6954451132349173,MRKP
2945,dwell,none,dwell,14,0.5993883694760703,MRKP
2945,dwell,none,volume,16,0.7608816117191692,MRKP
2945,dwell,none,swing,15,0.5733902693468023,MRKP
2945,volume,none,touch,16,0.6910434951504275,MRKP
2945,volume,none,dwell,14,0.573060077448679,MRKP
2945,volume,none,volume,16,0.7347609493402323,MRKP
2945,volume,none,swing,15,0.5594109658200835,MRKP
2945,swing,none,touch,18,0.7967946105654856,MRKP
2945,swing,none,dwell,16,0.7510983817136734,MRKP
2945,swing,none,volume,16,0.8599255424358584,MRKP
2945,swing,none,swing,15,0.6977121163053462,MRKP
2945,touch,hl250,touch,16,0.6620776378199384,MRKP
2945,touch,hl250,dwell,14,0.5382281086726484,MRKP
2945,touch,hl250,volume,16,0.7243264630418044,MRKP
2945,touch,hl250,swing,15,0.5353513871551575,MRKP
2945,dwell,hl250,touch,16,0.6133662948103121,MRKP
2945,dwell,hl250,dwell,14,0.5006864190604317,MRKP
2945,dwell,hl250,volume,16,0.711185781357346,MRKP
2945,dwell,hl250,swing,15,0.4750171003415044,MRKP
2945,volume,hl250,touch,16,0.5540943517131158,MRKP
2945,volume,hl250,dwell,14,0.4419037797454841,MRKP
2945,volume,hl250,volume,16,0.6460333021438623,MRKP
2945,volume,hl250,swing,15,0.44573436060181826,MRKP
2945,swing,hl250,touch,18,0.6994978039976879,MRKP
2945,swing,hl250,dwell,16,0.6292039165987092,MRKP
2945,swing,hl250,volume,16,0.7855344275792695,MRKP
2945,swing,hl250,swing,15,0.5589312608229356,MRKP
3095,touch,none,touch,15,0.8292348835828497,MRKP
3095,touch,none,dwell,12,0.49908664849302464,MRKP
3095,touch,none,volume,15,0.7601976230759367,MRKP
3095,touch,none,swing,13,0.49670524163725854,MRKP
3095,dwell,none,touch,15,0.797836799293831,MRKP
3095,dwell,none,dwell,12,0.4619231942730629,MRKP
3095,dwell,none,volume,15,0.7797587676254033,MRKP
3095,dwell,none,swing,13,0.4481110475311878,MRKP
3095,volume,none,touch,15,0.7456403327898208,MRKP
3095,volume,none,dwell,12,0.38608969054986597,MRKP
3095,volume,none,volume,15,0.7767383847310976,MRKP
3095,volume,none,swing,13,0.39165351296860096,MRKP
3095,swing,none,touch,15,0.865277954195256,MRKP
3095,swing,none,dwell,15,0.7051592668401131,MRKP
3095,swing,none,volume,15,0.8099634262433709,MRKP
3095,swing,none,swing,13,0.5838750016553971,MRKP
3095,touch,hl250,touch,15,0.8007461002627467,MRKP
3095,touch,hl250,dwell,12,0.4844090335066738,MRKP
3095,touch,hl250,volume,15,0.7307466973136487,MRKP
3095,touch,hl250,swing,13,0.48199201105915285,MRKP
3095,dwell,hl250,touch,15,0.7865948866109066,MRKP
3095,dwell,hl250,dwell,12,0.492098212265171,MRKP
3095,dwell,hl250,volume,15,0.7837238381873611,MRKP
3095,dwell,hl250,swing,13,0.48525867284995,MRKP
3095,volume,hl250,touch,15,0.71734361371602,MRKP
3095,volume,hl250,dwell,12,0.38504089738911745,MRKP
3095,volume,hl250,volume,15,0.7781901521143016,MRKP
3095,volume,hl250,swing,13,0.40923606317242267,MRKP
3095,swing,hl250,touch,15,0.8394740931501148,MRKP
3095,swing,hl250,dwell,15,0.6866043980931146,MRKP
3095,swing,hl250,volume,15,0.8172350583631315,MRKP
3095,swing,hl250,swing,13,0.5893356469861118,MRKP
3245,touch,none,touch,33,0.7434021473031223,MRKP
3245,touch,none,dwell,19,0.5673577819456178,MRKP
3245,touch,none,volume,26,0.4587404837728255,MRKP
3245,touch,none,swing,22,0.5245211898813467,MRKP
3245,dwell,none,touch,25,0.6631908537180182,MRKP
3245,dwell,none,dwell,18,0.5213960018294738,MRKP
3245,dwell,none,volume,22,0.4027186314092209,MRKP
3245,dwell,none,swing,20,0.47339385209547014,MRKP
3245,volume,none,touch,30,0.6432637138701495,MRKP
3245,volume,none,dwell,18,0.42687823163805794,MRKP
3245,volume,none,volume,23,0.41075754202872355,MRKP
3245,volume,none,swing,20,0.42200499417213966,MRKP
3245,swing,none,touch,30,0.6934139286459226,MRKP
3245,swing,none,dwell,23,0.6175473360382864,MRKP
3245,swing,none,volume,23,0.43239993024165824,MRKP
3245,swing,none,swing,20,0.4709367355693514,MRKP
3245,touch,hl250,touch,33,0.7618130793619053,MRKP
3245,touch,hl250,dwell,19,0.614948142152937,MRKP
3245,touch,hl250,volume,26,0.4904732792123701,MRKP
3245,touch,hl250,swing,22,0.5526707820038522,MRKP
3245,dwell,hl250,touch,25,0.6816549421056478,MRKP
3245,dwell,hl250,dwell,18,0.5795263190407504,MRKP
3245,dwell,hl250,volume,22,0.46119374530029683,MRKP
3245,dwell,hl250,swing,20,0.5184745079434897,MRKP
3245,volume,hl250,touch,30,0.644321272306869,MRKP
3245,volume,hl250,dwell,18,0.4440188398394877,MRKP
3245,volume,hl250,volume,23,0.4510331133794062,MRKP
3245,volume,hl250,swing,20,0.4453168808038249,MRKP
3245,swing,hl250,touch,30,0.7033548087694563,MRKP
3245,swing,hl250,dwell,23,0.6509968753661393,MRKP
3245,swing,hl250,volume,23,0.4706958675832008,MRKP
3245,swing,hl250,swing,20,0.5052955811267734,MRKP
3395,touch,none,touch,32,0.4527601343144137,MRKP
3395,touch,none,dwell,20,-0.0193050283955264,MRKP
3395,touch,none,volume,24,-0.04016463162017631,MRKP
3395,touch,none,swing,24,0.09374183146035257,MRKP
3395,dwell,none,touch,19,0.08423650641382056,MRKP
3395,dwell,none,dwell,18,-0.15324567247395385,MRKP
3395,dwell,none,volume,18,-0.2778435774760955,MRKP
3395,dwell,none,swing,22,0.015792710161211677,MRKP
3395,volume,none,touch,31,0.3696235928631746,MRKP
3395,volume,none,dwell,21,-0.07762914029717818,MRKP
3395,volume,none,volume,23,-0.0831785186819853,MRKP
3395,volume,none,swing,22,0.0025057930182159223,MRKP
3395,swing,none,touch,28,0.3230101655179014,MRKP
3395,swing,none,dwell,22,-0.028874427433080833,MRKP
3395,swing,none,volume,22,-0.18968974318968132,MRKP
3395,swing,none,swing,22,-0.02054723066007358,MRKP
3395,touch,hl250,touch,32,0.5404328038935069,MRKP
3395,touch,hl250,dwell,20,0.08752566124056964,MRKP
3395,touch,hl250,volume,24,0.05019826199462451,MRKP
3395,touch,hl250,swing,24,0.16276312892622868,MRKP
3395,dwell,hl250,touch,19,0.20176841229200557,MRKP
3395,dwell,hl250,dwell,18,-0.050883448667505764,MRKP
3395,dwell,hl250,volume,18,-0.18688793916149804,MRKP
3395,dwell,hl250,swing,22,0.06526938671071082,MRKP
3395,volume,hl250,touch,31,0.42839644485312234,MRKP
3395,volume,hl250,dwell,21,-0.012490046688513534,MRKP
3395,volume,hl250,volume,23,-0.029046083309994176,MRKP
3395,volume,hl250,swing,22,0.03438934181172962,MRKP
3395,swing,hl250,touch,28,0.4262735466633435,MRKP
3395,swing,hl250,dwell,22,0.09227064172854857,MRKP
3395,swing,hl250,volume,22,-0.08082525589288399,MRKP
3395,swing,hl250,swing,22,0.052284712334570584,MRKP
3545,touch,none,touch,24,0.5365121378252586,MRKP
3545,touch,none,dwell,20,0.24552119093896477,MRKP
3545,touch,none,volume,22,0.35668992067480804,MRKP
3545,touch,none,swing,22,0.12339082828178252,MRKP
3545,dwell,none,touch,20,0.41693926400718484,MRKP
3545,dwell,none,dwell,18,0.1046668983283586,MRKP
3545,dwell,none,volume,19,0.11625041775452527,MRKP
3545,dwell,none,swing,21,0.013356578534095059,MRKP
3545,volume,none,touch,23,0.570104296356819,MRKP
3545,volume,none,dwell,19,0.15705132400446628,MRKP
3545,volume,none,volume,21,0.353270490631468,MRKP
3545,volume,none,swing,21,0.0837400748629307,MRKP
3545,swing,none,touch,21,0.44005824581501346,MRKP
3545,swing,none,dwell,19,0.23521454674554312,MRKP
3545,swing,none,volume,19,0.11512549292195372,MRKP
3545,swing,none,swing,19,0.045312079731561684,MRKP
3545,touch,hl250,touch,24,0.4300727743165605,MRKP
3545,touch,hl250,dwell,20,0.1290065270106888,MRKP
3545,touch,hl250,volume,22,0.3106949865575596,MRKP
3545,touch,hl250,swing,22,0.0592837744007357,MRKP
3545,dwell,hl250,touch,20,0.2378159929801936,MRKP
3545,dwell,hl250,dwell,18,-0.06937672193885323,MRKP
3545,dwell,hl250,volume,19,-0.011451279473504,MRKP
3545,dwell,hl250,swing,21,-0.07882640233225062,MRKP
3545,volume,hl250,touch,23,0.39462922907716835,MRKP
3545,volume,hl250,dwell,19,-0.012578791193025626,MRKP
3545,volume,hl250,volume,21,0.2552123195721523,MRKP
3545,volume,hl250,swing,21,-0.024960357143932476,MRKP
3545,swing,hl250,touch,21,0.25026441438214386,MRKP
3545,swing,hl250,dwell,19,0.06222556441736103,MRKP
3545,swing,hl250,volume,19,0.023440420016394396,MRKP
3545,swing,hl250,swing,19,-0.07013250042445587,MRKP
3695,touch,none,touch,24,0.8830413285907306,MRKP
3695,touch,none,dwell,19,0.7207266731621379,MRKP
3695,touch,none,volume,22,0.6324303256024417,MRKP
3695,touch,none,swing,22,0.7256690944513021,MRKP
3695,dwell,none,touch,21,0.8734813639411159,MRKP
3695,dwell,none,dwell,18,0.7691421072398239,MRKP
3695,dwell,none,volume,20,0.5445312487337551,MRKP
3695,dwell,none,swing,21,0.7781610416959822,MRKP
3695,volume,none,touch,23,0.8171238716484103,MRKP
3695,volume,none,dwell,18,0.7038190859332212,MRKP
3695,volume,none,volume,21,0.5208863035228062,MRKP
3695,volume,none,swing,21,0.7339269294281134,MRKP
3695,swing,none,touch,22,0.8529419998262834,MRKP
3695,swing,none,dwell,20,0.8077549299026223,MRKP
3695,swing,none,volume,20,0.51115182208314,MRKP
3695,swing,none,swing,20,0.8085785311783051,MRKP
3695,touch,hl250,touch,24,0.8095930223924009,MRKP
3695,touch,hl250,dwell,19,0.6108140728479471,MRKP
3695,touch,hl250,volume,22,0.534672762946127,MRKP
3695,touch,hl250,swing,22,0.6852483427443565,MRKP
3695,dwell,hl250,touch,21,0.789311044573323,MRKP
3695,dwell,hl250,dwell,18,0.6565117681602756,MRKP
3695,dwell,hl250,volume,20,0.4349654990577426,MRKP
3695,dwell,hl250,swing,21,0.7359533384920576,MRKP
3695,volume,hl250,touch,23,0.6133743591654577,MRKP
3695,volume,hl250,dwell,18,0.4817232333065089,MRKP
3695,volume,hl250,volume,21,0.3477096118105994,MRKP
3695,volume,hl250,swing,21,0.5725395986763213,MRKP
3695,swing,hl250,touch,22,0.7433451605923995,MRKP
3695,swing,hl250,dwell,20,0.6684368122560357,MRKP
3695,swing,hl250,volume,20,0.3698218302849939,MRKP
3695,swing,hl250,swing,20,0.7215445314349348,MRKP
3845,touch,none,touch,21,0.9045629366081551,MRKP
3845,touch,none,dwell,15,0.8654005812859579,MRKP
3845,touch,none,volume,20,0.7832032607065018,MRKP
3845,touch,none,swing,18,0.8490946697897122,MRKP
3845,dwell,none,touch,18,0.8706359159886957,MRKP
3845,dwell,none,dwell,15,0.8780492394501915,MRKP
3845,dwell,none,volume,18,0.7556021900972771,MRKP
3845,dwell,none,swing,18,0.8621085312291156,MRKP
3845,volume,none,touch,21,0.7850774261557889,MRKP
3845,volume,none,dwell,15,0.8023225757530108,MRKP
3845,volume,none,volume,20,0.7096246825540077,MRKP
3845,volume,none,swing,18,0.7117768303332442,MRKP
3845,swing,none,touch,23,0.8491852251822697,MRKP
3845,swing,none,dwell,19,0.7866409759489753,MRKP
3845,swing,none,volume,19,0.7010707660567576,MRKP
3845,swing,none,swing,17,0.7880349195019487,MRKP
3845,touch,hl250,touch,21,0.7961054692532227,MRKP
3845,touch,hl250,dwell,15,0.7335092872985159,MRKP
3845,touch,hl250,volume,20,0.6457821471856604,MRKP
3845,touch,hl250,swing,18,0.731260430844279,MRKP
3845,dwell,hl250,touch,18,0.6683889226113566,MRKP
3845,dwell,hl250,dwell,15,0.6744343548112671,MRKP
3845,dwell,hl250,volume,18,0.5353014927690358,MRKP
3845,dwell,hl250,swing,18,0.6936057274560288,MRKP
3845,volume,hl250,touch,21,0.7065826592109471,MRKP
3845,volume,hl250,dwell,15,0.6860902879318517,MRKP
3845,volume,hl250,volume,20,0.5919023366101059,MRKP
3845,volume,hl250,swing,18,0.5947142372231083,MRKP
3845,swing,hl250,touch,23,0.6126703315980171,MRKP
3845,swing,hl250,dwell,19,0.4721697759174234,MRKP
3845,swing,hl250,volume,19,0.4021797014475504,MRKP
3845,swing,hl250,swing,17,0.4745100456942631,MRKP
3995,touch,none,touch,13,0.8042169771540808,MRKP
3995,touch,none,dwell,12,0.7073863771312683,MRKP
3995,touch,none,volume,14,0.7735754647962713,MRKP
3995,touch,none,swing,14,0.7576323817515338,MRKP
3995,dwell,none,touch,13,0.7616063773968466,MRKP
3995,dwell,none,dwell,12,0.6923171136965934,MRKP
3995,dwell,none,volume,14,0.7920641326166223,MRKP
3995,dwell,none,swing,14,0.7322998344062817,MRKP
3995,volume,none,touch,13,0.7894971657495357,MRKP
3995,volume,none,dwell,12,0.647598265430412,MRKP
3995,volume,none,volume,14,0.6040015422821271,MRKP
3995,volume,none,swing,14,0.7062645280931751,MRKP
3995,swing,none,touch,16,0.7741898842386301,MRKP
3995,swing,none,dwell,14,0.7043174215977732,MRKP
3995,swing,none,volume,14,0.7571429248446783,MRKP
3995,swing,none,swing,14,0.7201666515562917,MRKP
3995,touch,hl250,touch,13,0.8546955085258605,MRKP
3995,touch,hl250,dwell,12,0.7568752916469202,MRKP
3995,touch,hl250,volume,14,0.7954821638540883,MRKP
3995,touch,hl250,swing,14,0.7967933784899135,MRKP
3995,dwell,hl250,touch,13,0.8073017306253684,MRKP
3995,dwell,hl250,dwell,12,0.7228894492105581,MRKP
3995,dwell,hl250,volume,14,0.7891771226111375,MRKP
3995,dwell,hl250,swing,14,0.7731405077713648,MRKP
3995,volume,hl250,touch,13,0.8234073082605977,MRKP
3995,volume,hl250,dwell,12,0.684762365908728,MRKP
3995,volume,hl250,volume,14,0.6253139104725514,MRKP
3995,volume,hl250,swing,14,0.7540500226907748,MRKP
3995,swing,hl250,touch,16,0.7987706557092044,MRKP
3995,swing,hl250,dwell,14,0.7311272797024249,MRKP
3995,swing,hl250,volume,14,0.7596498919553187,MRKP
3995,swing,hl250,swing,14,0.7543880851859747,MRKP
4145,touch,none,touch,19,0.9137653423983062,MRKP
4145,touch,none,dwell,13,0.8696435593362221,MRKP
4145,touch,none,volume,15,0.6318150159563849,MRKP
4145,touch,none,swing,15,0.868562524752558,MRKP
4145,dwell,none,touch,16,0.8638664254895297,MRKP
4145,dwell,none,dwell,12,0.8223380290954798,MRKP
4145,dwell,none,volume,13,0.7566158137006056,MRKP
4145,dwell,none,swing,14,0.8296867651555858,MRKP
4145,volume,none,touch,18,0.7239845628101104,MRKP
4145,volume,none,dwell,12,0.49585659459667963,MRKP
4145,volume,none,volume,14,0.40210325294938215,MRKP
4145,volume,none,swing,14,0.5542748300851718,MRKP
4145,swing,none,touch,20,0.8615985190354539,MRKP
4145,swing,none,dwell,14,0.85186527592161,MRKP
4145,swing,none,volume,14,0.7625859731198827,MRKP
4145,swing,none,swing,14,0.8390001350296554,MRKP
4145,touch,hl250,touch,19,0.8930534529906005,MRKP
4145,touch,hl250,dwell,13,0.8506226040193023,MRKP
4145,touch,hl250,volume,15,0.6659641652428924,MRKP
4145,touch,hl250,swing,15,0.8268690775506657,MRKP
4145,dwell,hl250,touch,16,0.8243083497347274,MRKP
4145,dwell,hl250,dwell,12,0.7963221245726061,MRKP
4145,dwell,hl250,volume,13,0.7569193424141359,MRKP
4145,dwell,hl250,swing,14,0.7783417623290612,MRKP
4145,volume,hl250,touch,18,0.7908664468163873,MRKP
4145,volume,hl250,dwell,12,0.6676181566667095,MRKP
4145,volume,hl250,volume,14,0.5645301580137952,MRKP
4145,volume,hl250,swing,14,0.672726392036785,MRKP
4145,swing,hl250,touch,20,0.8352608004132728,MRKP
4145,swing,hl250,dwell,14,0.8679959998128283,MRKP
4145,swing,hl250,volume,14,0.8113494245649179,MRKP
4145,swing,hl250,swing,14,0.8001866247839567,MRKP
4295,touch,none,touch,20,0.8575049201751992,MRKP
4295,touch,none,dwell,13,0.7001363176673039,MRKP
4295,touch,none,volume,17,0.5097771715077887,MRKP
4295,touch,none,swing,16,0.8130632069417886,MRKP
4295,dwell,none,touch,17,0.7401350923497905,MRKP
4295,dwell,none,dwell,12,0.44948343327399143,MRKP
4295,dwell,none,volume,15,0.5924509373576999,MRKP
4295,dwell,none,swing,15,0.7044714771782364,MRKP
4295,volume,none,touch,19,0.6782882677253357,MRKP
4295,volume,none,dwell,12,0.23150527632747958,MRKP
4295,volume,none,volume,16,0.34561860691595286,MRKP
4295,volume,none,swing,15,0.5049116339186446,MRKP
4295,swing,none,touch,21,0.7827238447492602,MRKP
4295,swing,none,dwell,16,0.6864751109089944,MRKP
4295,swing,none,volume,16,0.5818436022743655,MRKP
4295,swing,none,swing,15,0.6835801762559001,MRKP
4295,touch,hl250,touch,20,0.783332847847196,MRKP
4295,touch,hl250,dwell,13,0.5901378846957167,MRKP
4295,touch,hl250,volume,17,0.4483768717723397,MRKP
4295,touch,hl250,swing,16,0.7380527958194117,MRKP
4295,dwell,hl250,touch,17,0.6546854953665143,MRKP
4295,dwell,hl250,dwell,12,0.367771157710638,MRKP
4295,dwell,hl250,volume,15,0.5005451187464547,MRKP
4295,dwell,hl250,swing,15,0.6301456852289317,MRKP
4295,volume,hl250,touch,19,0.6707521527532823,MRKP
4295,volume,hl250,dwell,12,0.2753075349642884,MRKP
4295,volume,hl250,volume,16,0.39560128251358684,MRKP
4295,volume,hl250,swing,15,0.5656442338224105,MRKP
4295,swing,hl250,touch,21,0.7416699915288558,MRKP
4295,swing,hl250,dwell,16,0.6402063357164015,MRKP
4295,swing,hl250,volume,16,0.5274324791306167,MRKP
4295,swing,hl250,swing,15,0.6402333920385446,MRKP
2792,touch,none,touch,12,0.9396043094762594,NLMK
2792,touch,none,dwell,11,0.806884670312429,NLMK
2792,touch,none,volume,12,0.8737498626379538,NLMK
2792,touch,none,swing,12,0.8718052063865912,NLMK
2792,dwell,none,touch,12,0.9160460703198982,NLMK
2792,dwell,none,dwell,11,0.7322047308810034,NLMK
2792,dwell,none,volume,12,0.8174152616224485,NLMK
2792,dwell,none,swing,12,0.8015255239356879,NLMK
2792,volume,none,touch,12,0.7410434247148551,NLMK
2792,volume,none,dwell,11,0.479362106654305,NLMK
2792,volume,none,volume,12,0.6151759118809367,NLMK
2792,volume,none,swing,12,0.5878105317181639,NLMK
2792,swing,none,touch,13,0.8419339735745613,NLMK
2792,swing,none,dwell,12,0.6566043825269489,NLMK
2792,swing,none,volume,12,0.6989054095398465,NLMK
2792,swing,none,swing,12,0.6683923746456963,NLMK
2792,touch,hl250,touch,12,0.7883394833379632,NLMK
2792,touch,hl250,dwell,11,0.6897739329486672,NLMK
2792,touch,hl250,volume,12,0.7270957889268332,NLMK
2792,touch,hl250,swing,12,0.7935443665635534,NLMK
2792,dwell,hl250,touch,12,0.764178837163763,NLMK
2792,dwell,hl250,dwell,11,0.5954267969855855,NLMK
2792,dwell,hl250,volume,12,0.6508915694251591,NLMK
2792,dwell,hl250,swing,12,0.6965528446995575,NLMK
2792,volume,hl250,touch,12,0.5605718400954152,NLMK
2792,volume,hl250,dwell,11,0.3166175045519105,NLMK
2792,volume,hl250,volume,12,0.4090123574946006,NLMK
2792,volume,hl250,swing,12,0.3708402007337131,NLMK
2792,swing,hl250,touch,13,0.7135888062545881,NLMK
2792,swing,hl250,dwell,12,0.49752341412750684,NLMK
2792,swing,hl250,volume,12,0.5429753891045487,NLMK
2792,swing,hl250,swing,12,0.5628304231858536,NLMK
2942,touch,none,touch,10,0.8857216580331635,NLMK
2942,touch,none,dwell,9,0.8725470149821701,NLMK
2942,touch,none,volume,10,0.8866425520574364,NLMK
2942,touch,none,swing,10,0.8445875511232773,NLMK
2942,dwell,none,touch,10,0.8522514128466546,NLMK
2942,dwell,none,dwell,9,0.8872070923151719,NLMK
2942,dwell,none,volume,10,0.8997034826532891,NLMK
2942,dwell,none,swing,10,0.8553418862171249,NLMK
2942,volume,none,touch,10,0.6956723189589471,NLMK
2942,volume,none,dwell,9,0.6278594281477321,NLMK
2942,volume,none,volume,10,0.7303853737811639,NLMK
2942,volume,none,swing,10,0.6974551023350689,NLMK
2942,swing,none,touch,10,0.7997624588604123,NLMK
2942,swing,none,dwell,10,0.8720622878466817,NLMK
2942,swing,none,volume,10,0.8860953140006618,NLMK
2942,swing,none,swing,10,0.8261119147918972,NLMK
2942,touch,hl250,touch,10,0.960706376382912,NLMK
2942,touch,hl250,dwell,9,0.9287982066605699,NLMK
2942,touch,hl250,volume,10,0.9293230139394419,NLMK
2942,touch,hl250,swing,10,0.9306640234345996,NLMK
2942,dwell,hl250,touch,10,0.9343806169743456,NLMK
2942,dwell,hl250,dwell,9,0.9372900728713323,NLMK
2942,dwell,hl250,volume,10,0.9258139088872678,NLMK
2942,dwell,hl250,swing,10,0.9385985508212421,NLMK
2942,volume,hl250,touch,10,0.7015893508177711,NLMK
2942,volume,hl250,dwell,9,0.6042863557841451,NLMK
2942,volume,hl250,volume,10,0.6978672538421185,NLMK
2942,volume,hl250,swing,10,0.70592571208579,NLMK
2942,swing,hl250,touch,10,0.922863023577768,NLMK
2942,swing,hl250,dwell,10,0.9673464434990837,NLMK
2942,swing,hl250,volume,10,0.9651056501772373,NLMK
2942,swing,hl250,swing,10,0.9443848490559108,NLMK
3092,touch,none,touch,10,0.8175235961823323,NLMK
3092,touch,none,dwell,10,0.6801245527978891,NLMK
3092,touch,none,volume,10,0.38716008232873794,NLMK
3092,touch,none,swing,10,0.7763242104805199,NLMK
3092,dwell,none,touch,10,0.7867938131019876,NLMK
3092,dwell,none,dwell,10,0.6508633115651071,NLMK
3092,dwell,none,volume,10,0.3580967772506599,NLMK
3092,dwell,none,swing,10,0.7604844076611953,NLMK
3092,volume,none,touch,10,0.6060238349100349,NLMK
3092,volume,none,dwell,10,0.48524569554119806,NLMK
3092,volume,none,volume,10,0.20760680450037744,NLMK
3092,volume,none,swing,10,0.5929657538804549,NLMK
3092,swing,none,touch,10,0.7633712180620764,NLMK
3092,swing,none,dwell,10,0.6967146648811287,NLMK
3092,swing,none,volume,10,0.3933024582371328,NLMK
3092,swing,none,swing,10,0.743066801011536,NLMK
3092,touch,hl250,touch,10,0.8263982749783103,NLMK
3092,touch,hl250,dwell,10,0.6895011421552484,NLMK
3092,touch,hl250,volume,10,0.4686996400531195,NLMK
3092,touch,hl250,swing,10,0.764262806463822,NLMK
3092,dwell,hl250,touch,10,0.8079930604269682,NLMK
3092,dwell,hl250,dwell,10,0.6505058045447996,NLMK
3092,dwell,hl250,volume,10,0.4078411605458756,NLMK
3092,dwell,hl250,swing,10,0.7540410516658949,NLMK
3092,volume,hl250,touch,10,0.6816520498176135,NLMK
3092,volume,hl250,dwell,10,0.5371003739075391,NLMK
3092,volume,hl250,volume,10,0.27013865631745093,NLMK
3092,volume,hl250,swing,10,0.6458502845981743,NLMK
3092,swing,hl250,touch,10,0.7821705177235289,NLMK
3092,swing,hl250,dwell,10,0.6678554883591343,NLMK
3092,swing,hl250,volume,10,0.42624341862832194,NLMK
3092,swing,hl250,swing,10,0.7268745199846272,NLMK
3242,touch,none,touch,19,0.8639043744854517,NLMK
3242,touch,none,dwell,14,0.7580597601000285,NLMK
3242,touch,none,volume,18,0.7757815061890766,NLMK
3242,touch,none,swing,17,0.7642975001191014,NLMK
3242,dwell,none,touch,15,0.7731958626694239,NLMK
3242,dwell,none,dwell,13,0.6486860792605429,NLMK
3242,dwell,none,volume,15,0.6788730073615419,NLMK
3242,dwell,none,swing,16,0.6961163304469515,NLMK
3242,volume,none,touch,18,0.8298252014847873,NLMK
3242,volume,none,dwell,14,0.6940887069248265,NLMK
3242,volume,none,volume,17,0.7022037160471954,NLMK
3242,volume,none,swing,16,0.6809381707887169,NLMK
3242,swing,none,touch,18,0.7952584733415774,NLMK
3242,swing,none,dwell,16,0.6895121418984591,NLMK
3242,swing,none,volume,16,0.668027157150977,NLMK
3242,swing,none,swing,16,0.6744344299918253,NLMK
3242,touch,hl250,touch,19,0.8622253018279321,NLMK
3242,touch,hl250,dwell,14,0.7450716362027815,NLMK
3242,touch,hl250,volume,18,0.776806580782767,NLMK
3242,touch,hl250,swing,17,0.764072014885643,NLMK
3242,dwell,hl250,touch,15,0.7818425084844413,NLMK
3242,dwell,hl250,dwell,13,0.6632145088978683,NLMK
3242,dwell,hl250,volume,15,0.6999836523369464,NLMK
3242,dwell,hl250,swing,16,0.7184637874222931,NLMK
3242,volume,hl250,touch,18,0.8301622512519627,NLMK
3242,volume,hl250,dwell,14,0.697498932563183,NLMK
3242,volume,hl250,volume,17,0.72255125643397,NLMK
3242,volume,hl250,swing,16,0.7092106724314552,NLMK
3242,swing,hl250,touch,18,0.7891931602782675,NLMK
3242,swing,hl250,dwell,16,0.7026115323345211,NLMK
3242,swing,hl250,volume,16,0.6823659731559382,NLMK
3242,swing,hl250,swing,16,0.6874962303802905,NLMK
3392,touch,none,touch,18,0.5843432823344193,NLMK
3392,touch,none,dwell,13,0.4073287292719284,NLMK
3392,touch,none,volume,18,0.46237216927547303,NLMK
3392,touch,none,swing,17,0.6930985848418382,NLMK
3392,dwell,none,touch,17,0.589511087333804,NLMK
3392,dwell,none,dwell,13,0.41875280446402285,NLMK
3392,dwell,none,volume,17,0.43558394172480747,NLMK
3392,dwell,none,swing,15,0.6316312037806785,NLMK
3392,volume,none,touch,17,0.5594485221041404,NLMK
3392,volume,none,dwell,13,0.38588145104947597,NLMK
3392,volume,none,volume,17,0.4081936648214202,NLMK
3392,volume,none,swing,15,0.6053199376465023,NLMK
3392,swing,none,touch,17,0.5632563659815591,NLMK
3392,swing,none,dwell,17,0.479426713834928,NLMK
3392,swing,none,volume,17,0.42451812863392957,NLMK
3392,swing,none,swing,15,0.6141236014911639,NLMK
3392,touch,hl250,touch,18,0.6224094279650967,NLMK
3392,touch,hl250,dwell,13,0.4648132045842745,NLMK
3392,touch,hl250,volume,18,0.5013655545050703,NLMK
3392,touch,hl250,swing,17,0.7067816573397643,NLMK
3392,dwell,hl250,touch,17,0.6452531966150205,NLMK
3392,dwell,hl250,dwell,13,0.5083157038032384,NLMK
3392,dwell,hl250,volume,17,0.5091481900368039,NLMK
3392,dwell,hl250,swing,15,0.6958544863492667,NLMK
3392,volume,hl250,touch,17,0.5810319853114047,NLMK
3392,volume,hl250,dwell,13,0.45737642178333937,NLMK
3392,volume,hl250,volume,17,0.43724703215923544,NLMK
3392,volume,hl250,swing,15,0.6372892603874256,NLMK
3392,swing,hl250,touch,17,0.6138168932661985,NLMK
3392,swing,hl250,dwell,17,0.5437659204766028,NLMK
3392,swing,hl250,volume,17,0.49575859604540534,NLMK
3392,swing,hl250,swing,15,0.6911952950532804,NLMK
3542,touch,none,touch,13,0.7605886728699434,NLMK
3542,touch,none,dwell,12,0.6850036787205436,NLMK
3542,touch,none,volume,13,0.817002759553717,NLMK
3542,touch,none,swing,13,0.7615875087233331,NLMK
3542,dwell,none,touch,13,0.7880188757983222,NLMK
3542,dwell,none,dwell,12,0.7278052009836931,NLMK
3542,dwell,none,volume,13,0.8506513752211554,NLMK
3542,dwell,none,swing,13,0.7943122569238986,NLMK
3542,volume,none,touch,13,0.8056106318617838,NLMK
3542,volume,none,dwell,12,0.7405752455574228,NLMK
3542,volume,none,volume,13,0.8673569124913691,NLMK
3542,volume,none,swing,13,0.8199963032468118,NLMK
3542,swing,none,touch,14,0.7890378285288998,NLMK
3542,swing,none,dwell,13,0.7531486445023368,NLMK
3542,swing,none,volume,13,0.8429910670854174,NLMK
3542,swing,none,swing,13,0.7608030241894528,NLMK
3542,touch,hl250,touch,13,0.8409896374576605,NLMK
3542,touch,hl250,dwell,12,0.796312311231564,NLMK
3542,touch,hl250,volume,13,0.881553117369267,NLMK
3542,touch,hl250,swing,13,0.8458556332651803,NLMK
3542,dwell,hl250,touch,13,0.8490917468975357,NLMK
3542,dwell,hl250,dwell,12,0.8174042198884106,NLMK
3542,dwell,hl250,volume,13,0.9010111079443553,NLMK
3542,dwell,hl250,swing,13,0.8573957993385457,NLMK
3542,volume,hl250,touch,13,0.8686832420875206,NLMK
3542,volume,hl250,dwell,12,0.8404632476082637,NLMK
3542,volume,hl250,volume,13,0.9219157213032255,NLMK
3542,volume,hl250,swing,13,0.8758699695342343,NLMK
3542,swing,hl250,touch,14,0.8317749361605665,NLMK
3542,swing,hl250,dwell,13,0.8075742740515373,NLMK
3542,swing,hl250,volume,13,0.8930642740046246,NLMK
3542,swing,hl250,swing,13,0.8063788212066334,NLMK
3692,touch,none,touch,19,0.9141373070599353,NLMK
3692,touch,none,dwell,14,0.7567755611736631,NLMK
3692,touch,none,volume,18,0.8156609170187104,NLMK
3692,touch,none,swing,16,0.7483736610593961,NLMK
3692,dwell,none,touch,17,0.8783317377770501,NLMK
3692,dwell,none,dwell,12,0.6458928847791932,NLMK
3692,dwell,none,volume,16,0.7759564696842908,NLMK
3692,dwell,none,swing,16,0.7091495990198398,NLMK
3692,volume,none,touch,19,0.9034070273370421,NLMK
3692,volume,none,dwell,14,0.7672788152978757,NLMK
3692,volume,none,volume,18,0.8235957160991063,NLMK
3692,volume,none,swing,16,0.7620930080005078,NLMK
3692,swing,none,touch,18,0.8655483447256628,NLMK
3692,swing,none,dwell,17,0.7601162780626968,NLMK
3692,swing,none,volume,17,0.7701514628541188,NLMK
3692,swing,none,swing,15,0.6702502606340445,NLMK
3692,touch,hl250,touch,19,0.9009739174079802,NLMK
3692,touch,hl250,dwell,14,0.7600916329938583,NLMK
3692,touch,hl250,volume,18,0.8248874170713427,NLMK
3692,touch,hl250,swing,16,0.7809921115226274,NLMK
3692,dwell,hl250,touch,17,0.8405801003329761,NLMK
3692,dwell,hl250,dwell,12,0.6051612633650374,NLMK
3692,dwell,hl250,volume,16,0.7452948121519416,NLMK
3692,dwell,hl250,swing,16,0.7137817776920551,NLMK
3692,volume,hl250,touch,19,0.8539713994063926,NLMK
3692,volume,hl250,dwell,14,0.7090092230867563,NLMK
3692,volume,hl250,volume,18,0.7802163896504627,NLMK
3692,volume,hl250,swing,16,0.7358349468379523,NLMK
3692,swing,hl250,touch,18,0.8511358212913335,NLMK
3692,swing,hl250,dwell,17,0.753070772411104,NLMK
3692,swing,hl250,volume,17,0.7694602437638091,NLMK
3692,swing,hl250,swing,15,0.6887695089596709,NLMK
3842,touch,none,touch,21,0.9059323289342006,NLMK
3842,touch,none,dwell,14,0.7910727646656195,NLMK
3842,touch,none,volume,18,0.7859769835702182,NLMK
3842,touch,none,swing,16,0.7613545414644112,NLMK
3842,dwell,none,touch,18,0.8815780306578251,NLMK
3842,dwell,none,dwell,14,0.7863922931225203,NLMK
3842,dwell,none,volume,16,0.7518851334303627,NLMK
3842,dwell,none,swing,15,0.7359096533090401,NLMK
3842,volume,none,touch,19,0.9103272505207474,NLMK
3842,volume,none,dwell,14,0.835211959022413,NLMK
3842,volume,none,volume,16,0.794031618048,NLMK
3842,volume,none,swing,15,0.7744503200271602,NLMK
3842,swing,none,touch,21,0.858451564103558,NLMK
3842,swing,none,dwell,16,0.7335904197265449,NLMK
3842,swing,none,volume,16,0.6961834491807443,NLMK
3842,swing,none,swing,15,0.6656022427426473,NLMK
3842,touch,hl250,touch,21,0.9640515010250459,NLMK
3842,touch,hl250,dwell,14,0.9025992294812714,NLMK
3842,touch,hl250,volume,18,0.870881256142462,NLMK
3842,touch,hl250,swing,16,0.865518783149326,NLMK
3842,dwell,hl250,touch,18,0.946018033793014,NLMK
3842,dwell,hl250,dwell,14,0.9077713273284607,NLMK
3842,dwell,hl250,volume,16,0.8606504937537329,NLMK
3842,dwell,hl250,swing,15,0.8656885370696912,NLMK
3842,volume,hl250,touch,19,0.938003721007673,NLMK
3842,volume,hl250,dwell,14,0.9072797890120661,NLMK
3842,volume,hl250,volume,16,0.8579532513680939,NLMK
3842,volume,hl250,swing,15,0.8538068734729175,NLMK
3842,swing,hl250,touch,21,0.939236682819564,NLMK
3842,swing,hl250,dwell,16,0.8594799066527229,NLMK
3842,swing,hl250,volume,16,0.8234808769101987,NLMK
3842,swing,hl250,swing,15,0.8283612702725046,NLMK
3992,touch,none,touch,24,0.8794247257270636,NLMK
3992,touch,none,dwell,16,0.7348484548465453,NLMK
3992,touch,none,volume,23,0.7414975764056085,NLMK
3992,touch,none,swing,21,0.7030668120492708,NLMK
3992,dwell,none,touch,19,0.8759576508674483,NLMK
3992,dwell,none,dwell,15,0.7551807657825461,NLMK
3992,dwell,none,volume,19,0.763734520491304,NLMK
3992,dwell,none,swing,20,0.7105326642256734,NLMK
3992,volume,none,touch,23,0.8798673728521988,NLMK
3992,volume,none,dwell,16,0.7413060887878119,NLMK
3992,volume,none,volume,23,0.7527585635240418,NLMK
3992,volume,none,swing,20,0.7104673703928814,NLMK
3992,swing,none,touch,22,0.8578134184027015,NLMK
3992,swing,none,dwell,22,0.7883778657299476,NLMK
3992,swing,none,volume,22,0.7217934790515925,NLMK
3992,swing,none,swing,19,0.668515784886569,NLMK
3992,touch,hl250,touch,24,0.8772285054782247,NLMK
3992,touch,hl250,dwell,16,0.7474477559577002,NLMK
3992,touch,hl250,volume,23,0.7542860392418468,NLMK
3992,touch,hl250,swing,21,0.7088478723133707,NLMK
3992,dwell,hl250,touch,19,0.8576721141866268,NLMK
3992,dwell,hl250,dwell,15,0.7493038160459652,NLMK
3992,dwell,hl250,volume,19,0.7764434945241357,NLMK
3992,dwell,hl250,swing,20,0.7220343511844249,NLMK
3992,volume,hl250,touch,23,0.8531273795382079,NLMK
3992,volume,hl250,dwell,16,0.7256440446421789,NLMK
3992,volume,hl250,volume,23,0.7488051933030863,NLMK
3992,volume,hl250,swing,20,0.7112507935882503,NLMK
3992,swing,hl250,touch,22,0.8439179048408876,NLMK
3992,swing,hl250,dwell,22,0.7781490571734806,NLMK
3992,swing,hl250,volume,22,0.7409461845010984,NLMK
3992,swing,hl250,swing,19,0.6839242099424917,NLMK
4142,touch,none,touch,18,0.7840443923812314,NLMK
4142,touch,none,dwell,16,0.7057765478736533,NLMK
4142,touch,none,volume,18,0.4950105381366634,NLMK
4142,touch,none,swing,18,0.5881563116796984,NLMK
4142,dwell,none,touch,18,0.7706429912431846,NLMK
4142,dwell,none,dwell,16,0.6722493283313375,NLMK
4142,dwell,none,volume,18,0.46147445163495693,NLMK
4142,dwell,none,swing,18,0.5752828433299964,NLMK
4142,volume,none,touch,18,0.7666789908218041,NLMK
4142,volume,none,dwell,16,0.683630284293177,NLMK
4142,volume,none,volume,18,0.4817992039525726,NLMK
4142,volume,none,swing,18,0.6032539360353749,NLMK
4142,swing,none,touch,19,0.7493983250927795,NLMK
4142,swing,none,dwell,18,0.6828650277046212,NLMK
4142,swing,none,volume,18,0.43635772511881754,NLMK
4142,swing,none,swing,18,0.5701482423621772,NLMK
4142,touch,hl250,touch,18,0.744225639982945,NLMK
4142,touch,hl250,dwell,16,0.6859243818582037,NLMK
4142,touch,hl250,volume,18,0.47167449541337425,NLMK
4142,touch,hl250,swing,18,0.5417132859655905,NLMK
4142,dwell,hl250,touch,18,0.7205354087866228,NLMK
4142,dwell,hl250,dwell,16,0.6435007167679084,NLMK
4142,dwell,hl250,volume,18,0.42530680207653254,NLMK
4142,dwell,hl250,swing,18,0.5296212760936845,NLMK
4142,volume,hl250,touch,18,0.7053197237883472,NLMK
4142,volume,hl250,dwell,16,0.6432053691829186,NLMK
4142,volume,hl250,volume,18,0.4411343489940665,NLMK
4142,volume,hl250,swing,18,0.5516605639814613,NLMK
4142,swing,hl250,touch,19,0.6744563493360185,NLMK
4142,swing,hl250,dwell,18,0.6348424890993039,NLMK
4142,swing,hl250,volume,18,0.3806324489589846,NLMK
4142,swing,hl250,swing,18,0.49751613607599426,NLMK
4292,touch,none,touch,20,0.5013221808017524,NLMK
4292,touch,none,dwell,17,0.3998134903619171,NLMK
4292,touch,none,volume,18,0.3345783225283333,NLMK
4292,touch,none,swing,17,0.35570673525972357,NLMK
4292,dwell,none,touch,19,0.4761495110679668,NLMK
4292,dwell,none,dwell,17,0.42151203088163264,NLMK
4292,dwell,none,volume,18,0.3652371524630365,NLMK
4292,dwell,none,swing,17,0.37845671311428497,NLMK
4292,volume,none,touch,20,0.5061036511671808,NLMK
4292,volume,none,dwell,17,0.40139855458445667,NLMK
4292,volume,none,volume,18,0.3561803802251099,NLMK
4292,volume,none,swing,17,0.36721445971686073,NLMK
4292,swing,none,touch,22,0.5758791107141112,NLMK
4292,swing,none,dwell,18,0.46182194869472454,NLMK
4292,swing,none,volume,18,0.35935803843868974,NLMK
4292,swing,none,swing,17,0.38072972974022096,NLMK
4292,touch,hl250,touch,20,0.4499160690483257,NLMK
4292,touch,hl250,dwell,17,0.37237861108990616,NLMK
4292,touch,hl250,volume,18,0.3179304365625496,NLMK
4292,touch,hl250,swing,17,0.3305480762442758,NLMK
4292,dwell,hl250,touch,19,0.38269049874141975,NLMK
4292,dwell,hl250,dwell,17,0.3693554291394712,NLMK
4292,dwell,hl250,volume,18,0.3304431452960914,NLMK
4292,dwell,hl250,swing,17,0.32500814417542273,NLMK
4292,volume,hl250,touch,20,0.44833002012693296,NLMK
4292,volume,hl250,dwell,17,0.3933396978208763,NLMK
4292,volume,hl250,volume,18,0.36564752161270253,NLMK
4292,volume,hl250,swing,17,0.3503472614964262,NLMK
4292,swing,hl250,touch,22,0.49456134665109264,NLMK
4292,swing,hl250,dwell,18,0.40671116274201813,NLMK
4292,swing,hl250,volume,18,0.3336910158715363,NLMK
4292,swing,hl250,swing,17,0.3280497094192691,NLMK
4442,touch,none,touch,24,0.8514922404936309,NLMK
4442,touch,none,dwell,19,0.7510603775814632,NLMK
4442,touch,none,volume,23,0.7522766774929783,NLMK
4442,touch,none,swing,23,0.795131951318567,NLMK
4442,dwell,none,touch,23,0.8647226609398778,NLMK
4442,dwell,none,dwell,19,0.7845764367513584,NLMK
4442,dwell,none,volume,22,0.7741574406724453,NLMK
4442,dwell,none,swing,23,0.8091254306912996,NLMK
4442,volume,none,touch,24,0.8460789921658142,NLMK
4442,volume,none,dwell,19,0.7668056861784341,NLMK
4442,volume,none,volume,23,0.7944697987857614,NLMK
4442,volume,none,swing,23,0.7751474900609926,NLMK
4442,swing,none,touch,25,0.8641931983734569,NLMK
4442,swing,none,dwell,23,0.7978196502521384,NLMK
4442,swing,none,volume,23,0.7886742956545564,NLMK
4442,swing,none,swing,23,0.7954620292998962,NLMK
4442,touch,hl250,touch,24,0.7226855057377648,NLMK
4442,touch,hl250,dwell,19,0.6359385165899559,NLMK
4442,touch,hl250,volume,23,0.6457141204558676,NLMK
4442,touch,hl250,swing,23,0.6562747512993299,NLMK
4442,dwell,hl250,touch,23,0.7175604613639814,NLMK
4442,dwell,hl250,dwell,19,0.6583370216527702,NLMK
4442,dwell,hl250,volume,22,0.6483997848968748,NLMK
4442,dwell,hl250,swing,23,0.6522900857891419,NLMK
4442,volume,hl250,touch,24,0.648741666519871,NLMK
4442,volume,hl250,dwell,19,0.5916073321835695,NLMK
4442,volume,hl250,volume,23,0.6290671328956862,NLMK
4442,volume,hl250,swing,23,0.5583327890319857,NLMK
4442,swing,hl250,touch,25,0.6759104842209795,NLMK
4442,swing,hl250,dwell,23,0.6050575525620436,NLMK
4442,swing,hl250,volume,23,0.6354409099761323,NLMK
4442,swing,hl250,swing,23,0.5740220603528292,NLMK
4592,touch,none,touch,24,0.9357411808931103,NLMK
4592,touch,none,dwell,19,0.8867253744865035,NLMK
4592,touch,none,volume,23,0.7811738116403868,NLMK
4592,touch,none,swing,22,0.8735253879672775,NLMK
4592,dwell,none,touch,24,0.9425501871555882,NLMK
4592,dwell,none,dwell,19,0.9048418742253483,NLMK
4592,dwell,none,volume,23,0.8161406028669236,NLMK
4592,dwell,none,swing,22,0.8832995786578068,NLMK
4592,volume,none,touch,24,0.9150199930302101,NLMK
4592,volume,none,dwell,19,0.9193846060595956,NLMK
4592,volume,none,volume,23,0.8196172684191898,NLMK
4592,volume,none,swing,22,0.8903876233362753,NLMK
4592,swing,none,touch,25,0.9381494380311683,NLMK
4592,swing,none,dwell,23,0.9250869899099237,NLMK
4592,swing,none,volume,23,0.8232000482125212,NLMK
4592,swing,none,swing,22,0.8857091261180956,NLMK
4592,touch,hl250,touch,24,0.902493833942517,NLMK
4592,touch,hl250,dwell,19,0.8486010653586981,NLMK
4592,touch,hl250,volume,23,0.7767080971601471,NLMK
4592,touch,hl250,swing,22,0.8427379234066681,NLMK
4592,dwell,hl250,touch,24,0.9010815960317466,NLMK
4592,dwell,hl250,dwell,19,0.8536208127181852,NLMK
4592,dwell,hl250,volume,23,0.807702303267857,NLMK
4592,dwell,hl250,swing,22,0.8399812191433174,NLMK
4592,volume,hl250,touch,24,0.8211658148018902,NLMK
4592,volume,hl250,dwell,19,0.8312185726125071,NLMK
4592,volume,hl250,volume,23,0.7667767615120652,NLMK
4592,volume,hl250,swing,22,0.7936839912858182,NLMK
4592,swing,hl250,touch,25,0.9073624784548608,NLMK
4592,swing,hl250,dwell,23,0.8948208436850886,NLMK
4592,swing,hl250,volume,23,0.8198980584962108,NLMK
4592,swing,hl250,swing,22,0.8573749476511301,NLMK
4742,touch,none,touch,23,0.9131026930148181,NLMK
4742,touch,none,dwell,18,0.9062226994918188,NLMK
4742,touch,none,volume,22,0.8053978017021993,NLMK
4742,touch,none,swing,21,0.866735743303962,NLMK
4742,dwell,none,touch,23,0.8734733550586555,NLMK
4742,dwell,none,dwell,18,0.9030643276564108,NLMK
4742,dwell,none,volume,22,0.8126972078763756,NLMK
4742,dwell,none,swing,21,0.8621446970438963,NLMK
4742,volume,none,touch,23,0.8539963756744386,NLMK
4742,volume,none,dwell,18,0.883841670857173,NLMK
4742,volume,none,volume,22,0.8338964726020325,NLMK
4742,volume,none,swing,21,0.8650239520318556,NLMK
4742,swing,none,touch,24,0.8676782345109952,NLMK
4742,swing,none,dwell,22,0.9068064614821092,NLMK
4742,swing,none,volume,22,0.8144332790998494,NLMK
4742,swing,none,swing,21,0.8462201929403143,NLMK
4742,touch,hl250,touch,23,0.8824895504330169,NLMK
4742,touch,hl250,dwell,18,0.8665443022097193,NLMK
4742,touch,hl250,volume,22,0.7855382753864363,NLMK
4742,touch,hl250,swing,21,0.8244963920396733,NLMK
4742,dwell,hl250,touch,23,0.8445638573108151,NLMK
4742,dwell,hl250,dwell,18,0.8488869357422977,NLMK
4742,dwell,hl250,volume,22,0.7998361672765123,NLMK
4742,dwell,hl250,swing,21,0.8087469127579924,NLMK
4742,volume,hl250,touch,23,0.7944610778914595,NLMK
4742,volume,hl250,dwell,18,0.79157349759627,NLMK
4742,volume,hl250,volume,22,0.7997315689176573,NLMK
4742,volume,hl250,swing,21,0.7817828790378852,NLMK
4742,swing,hl250,touch,24,0.8344659481275774,NLMK
4742,swing,hl250,dwell,22,0.842534107656657,NLMK
4742,swing,hl250,volume,22,0.7973774782479977,NLMK
4742,swing,hl250,swing,21,0.7845501269626535,NLMK
4892,touch,none,touch,14,0.6091851511950971,NLMK
4892,touch,none,dwell,12,0.48227319184985135,NLMK
4892,touch,none,volume,14,0.5376385763111072,NLMK
4892,touch,none,swing,14,0.5243741968296272,NLMK
4892,dwell,none,touch,14,0.541350136736829,NLMK
4892,dwell,none,dwell,12,0.4346346050214909,NLMK
4892,dwell,none,volume,14,0.5068980709883636,NLMK
4892,dwell,none,swing,14,0.49473104613064256,NLMK
4892,volume,none,touch,14,0.38473981695158455,NLMK
4892,volume,none,dwell,12,0.2338554869091853,NLMK
4892,volume,none,volume,14,0.35554360664265006,NLMK
4892,volume,none,swing,14,0.3473081276499652,NLMK
4892,swing,none,touch,14,0.5172620627605904,NLMK
4892,swing,none,dwell,14,0.49317671005530617,NLMK
4892,swing,none,volume,14,0.49608723938449745,NLMK
4892,swing,none,swing,14,0.4557895622825144,NLMK
4892,touch,hl250,touch,14,0.5312221390033383,NLMK
4892,touch,hl250,dwell,12,0.3883174171841077,NLMK
4892,touch,hl250,volume,14,0.4647840566725467,NLMK
4892,touch,hl250,swing,14,0.44729729998147894,NLMK
4892,dwell,hl250,touch,14,0.4790374586000835,NLMK
4892,dwell,hl250,dwell,12,0.32693904817652986,NLMK
4892,dwell,hl250,volume,14,0.4488472750648157,NLMK
4892,dwell,hl250,swing,14,0.40890656624542604,NLMK
4892,volume,hl250,touch,14,0.2871547658470365,NLMK
4892,volume,hl250,dwell,12,0.09667313648742963,NLMK
4892,volume,hl250,volume,14,0.2642808653744878,NLMK
4892,volume,hl250,swing,14,0.22535346435815418,NLMK
4892,swing,hl250,touch,14,0.5025174618450589,NLMK
4892,swing,hl250,dwell,14,0.43481523411514555,NLMK
4892,swing,hl250,volume,14,0.4528126203901246,NLMK
4892,swing,hl250,swing,14,0.3831501322913954,NLMK
2704,touch,none,touch,9,0.7598914231565533,NVTK
2704,touch,none,dwell,8,0.7353175731532468,NVTK
2704,touch,none,volume,9,0.7113272015356829,NVTK
2704,touch,none,swing,9,0.7287227488908362,NVTK
2704,dwell,none,touch,9,0.7563299697330471,NVTK
2704,dwell,none,dwell,8,0.7087830784682216,NVTK
2704,dwell,none,volume,9,0.6970144948802486,NVTK
2704,dwell,none,swing,9,0.7285649743091155,NVTK
2704,volume,none,touch,9,0.7582052912722268,NVTK
2704,volume,none,dwell,8,0.7263701512439401,NVTK
2704,volume,none,volume,9,0.6990377855999488,NVTK
2704,volume,none,swing,9,0.713835577840421,NVTK
2704,swing,none,touch,13,0.8557915298484985,NVTK
2704,swing,none,dwell,9,0.7849771327955157,NVTK
2704,swing,none,volume,9,0.7475752053706363,NVTK
2704,swing,none,swing,9,0.7943770033982731,NVTK
2704,touch,hl250,touch,9,0.6055724122239041,NVTK
2704,touch,hl250,dwell,8,0.6103736612140623,NVTK
2704,touch,hl250,volume,9,0.5551281637536941,NVTK
2704,touch,hl250,swing,9,0.5910728952618389,NVTK
2704,dwell,hl250,touch,9,0.5786824973104185,NVTK
2704,dwell,hl250,dwell,8,0.5495786308444988,NVTK
2704,dwell,hl250,volume,9,0.5161503977689841,NVTK
2704,dwell,hl250,swing,9,0.5709218211232985,NVTK
2704,volume,hl250,touch,9,0.6020200320244136,NVTK
2704,volume,hl250,dwell,8,0.5758749024137075,NVTK
2704,volume,hl250,volume,9,0.5385923647524951,NVTK
2704,volume,hl250,swing,9,0.587480033160345,NVTK
2704,swing,hl250,touch,13,0.7442918658322868,NVTK
2704,swing,hl250,dwell,9,0.616407456808319,NVTK
2704,swing,hl250,volume,9,0.5703674730847883,NVTK
2704,swing,hl250,swing,9,0.6337556766220488,NVTK
2854,touch,none,touch,14,0.9541140095476016,NVTK
2854,touch,none,dwell,12,0.9076742884713358,NVTK
2854,touch,none,volume,15,0.9041714379737917,NVTK
2854,touch,none,swing,15,0.9378746012299686,NVTK
2854,dwell,none,touch,14,0.9563626801140598,NVTK
2854,dwell,none,dwell,12,0.8993734744181378,NVTK
2854,dwell,none,volume,15,0.8941983603694488,NVTK
2854,dwell,none,swing,15,0.9339541562042345,NVTK
2854,volume,none,touch,14,0.9471153447852158,NVTK
2854,volume,none,dwell,12,0.9006507693300136,NVTK
2854,volume,none,volume,15,0.898973523973911,NVTK
2854,volume,none,swing,15,0.9310758465652612,NVTK
2854,swing,none,touch,16,0.9603626426532693,NVTK
2854,swing,none,dwell,15,0.9163674338331314,NVTK
2854,swing,none,volume,15,0.892764523241315,NVTK
2854,swing,none,swing,15,0.9330618996241444,NVTK
2854,touch,hl250,touch,14,0.9622485778492768,NVTK
2854,touch,hl250,dwell,12,0.9194289932936698,NVTK
2854,touch,hl250,volume,15,0.9082155969014264,NVTK
2854,touch,hl250,swing,15,0.941352192696322,NVTK
2854,dwell,hl250,touch,14,0.9616665682543181,NVTK
2854,dwell,hl250,dwell,12,0.910036793881516,NVTK
2854,dwell,hl250,volume,15,0.8910860607370263,NVTK
2854,dwell,hl250,swing,15,0.9291463747338046,NVTK
2854,volume,hl250,touch,14,0.9592347734776255,NVTK
2854,volume,hl250,dwell,12,0.9079864901889049,NVTK
2854,volume,hl250,volume,15,0.8955285924366719,NVTK
2854,volume,hl250,swing,15,0.9319133087039431,NVTK
2854,swing,hl250,touch,16,0.9561230182370674,NVTK
2854,swing,hl250,dwell,15,0.914569283483461,NVTK
2854,swing,hl250,volume,15,0.8764415704568425,NVTK
2854,swing,hl250,swing,15,0.9144251754033741,NVTK
3004,touch,none,touch,15,0.9079377953797941,NVTK
3004,touch,none,dwell,14,0.8655205959927245,NVTK
3004,touch,none,volume,15,0.8735045784811238,NVTK
3004,touch,none,swing,15,0.8662904634280298,NVTK
3004,dwell,none,touch,13,0.8817435122152585,NVTK
3004,dwell,none,dwell,12,0.8294434583013148,NVTK
3004,dwell,none,volume,13,0.8456575924729676,NVTK
3004,dwell,none,swing,14,0.8576245255632535,NVTK
3004,volume,none,touch,14,0.8759477693659805,NVTK
3004,volume,none,dwell,13,0.8134878603403038,NVTK
3004,volume,none,volume,14,0.8415283368324724,NVTK
3004,volume,none,swing,14,0.8228161094868902,NVTK
3004,swing,none,touch,15,0.8843475034774742,NVTK
3004,swing,none,dwell,14,0.8529583105761178,NVTK
3004,swing,none,volume,14,0.8515817899606729,NVTK
3004,swing,none,swing,14,0.8535366985287143,NVTK
3004,touch,hl250,touch,15,0.8675943677121098,NVTK
3004,touch,hl250,dwell,14,0.8362016346637977,NVTK
3004,touch,hl250,volume,15,0.8519733596055394,NVTK
3004,touch,hl250,swing,15,0.8478153251058744,NVTK
3004,dwell,hl250,touch,13,0.8265742823201155,NVTK
3004,dwell,hl250,dwell,12,0.7969652611831045,NVTK
3004,dwell,hl250,volume,13,0.8244268386238486,NVTK
3004,dwell,hl250,swing,14,0.8362878322377812,NVTK
3004,volume,hl250,touch,14,0.8415938246657292,NVTK
3004,volume,hl250,dwell,13,0.8089466071167026,NVTK
3004,volume,hl250,volume,14,0.8399220753776199,NVTK
3004,volume,hl250,swing,14,0.8276924601131239,NVTK
3004,swing,hl250,touch,15,0.8415683421703731,NVTK
3004,swing,hl250,dwell,14,0.8286677548063138,NVTK
3004,swing,hl250,volume,14,0.8372455735142671,NVTK
3004,swing,hl250,swing,14,0.8379645282617537,NVTK
3154,touch,none,touch,15,0.8807515201170302,NVTK
3154,touch,none,dwell,14,0.8571589923972192,NVTK
3154,touch,none,volume,14,0.4188576046633625,NVTK
3154,touch,none,swing,15,0.9081287204632895,NVTK
3154,dwell,none,touch,13,0.8342612839088429,NVTK
3154,dwell,none,dwell,13,0.8165276305416453,NVTK
3154,dwell,none,volume,13,0.31392305367727036,NVTK
3154,dwell,none,swing,14,0.8858950069890698,NVTK
3154,volume,none,touch,15,0.8535477535252135,NVTK
3154,volume,none,dwell,14,0.8298977652883301,NVTK
3154,volume,none,volume,14,0.3617176501172564,NVTK
3154,volume,none,swing,14,0.8837057742410648,NVTK
3154,swing,none,touch,15,0.8452294969070507,NVTK
3154,swing,none,dwell,14,0.8239592307786157,NVTK
3154,swing,none,volume,14,0.37441121663787796,NVTK
3154,swing,none,swing,14,0.8915568816652186,NVTK
3154,touch,hl250,touch,15,0.8773934795217951,NVTK
3154,touch,hl250,dwell,14,0.8461229059375802,NVTK
3154,touch,hl250,volume,14,0.4335765946418766,NVTK
3154,touch,hl250,swing,15,0.8988911390675813,NVTK
3154,dwell,hl250,touch,13,0.8234900441703062,NVTK
3154,dwell,hl250,dwell,13,0.8154622822737184,NVTK
3154,dwell,hl250,volume,13,0.3446900405401017,NVTK
3154,dwell,hl250,swing,14,0.8848020538650079,NVTK
3154,volume,hl250,touch,15,0.8397404450543422,NVTK
3154,volume,hl250,dwell,14,0.8441329678121272,NVTK
3154,volume,hl250,volume,14,0.3982355360453846,NVTK
3154,volume,hl250,swing,14,0.8900084866043516,NVTK
3154,swing,hl250,touch,15,0.8342134487195194,NVTK
3154,swing,hl250,dwell,14,0.819809376852955,NVTK
3154,swing,hl250,volume,14,0.393937920126951,NVTK
3154,swing,hl250,swing,14,0.8878179376846339,NVTK
3304,touch,none,touch,15,0.7264181857578149,NVTK
3304,touch,none,dwell,14,0.7302550652762642,NVTK
3304,touch,none,volume,14,0.5413586611357032,NVTK
3304,touch,none,swing,16,0.7954889576913561,NVTK
3304,dwell,none,touch,14,0.7090063131696103,NVTK
3304,dwell,none,dwell,14,0.7395440513692816,NVTK
3304,dwell,none,volume,14,0.5485378700450723,NVTK
3304,dwell,none,swing,14,0.7943218445279243,NVTK
3304,volume,none,touch,15,0.7029361314719054,NVTK
3304,volume,none,dwell,14,0.7151519976369733,NVTK
3304,volume,none,volume,14,0.5113417064987329,NVTK
3304,volume,none,swing,14,0.76749035265628,NVTK
3304,swing,none,touch,15,0.7026156957058127,NVTK
3304,swing,none,dwell,14,0.7137719250974431,NVTK
3304,swing,none,volume,14,0.5273235228793158,NVTK
3304,swing,none,swing,14,0.7806440180450237,NVTK
3304,touch,hl250,touch,15,0.7186431523256149,NVTK
3304,touch,hl250,dwell,14,0.7122505893071174,NVTK
3304,touch,hl250,volume,14,0.536323451227371,NVTK
3304,touch,hl250,swing,16,0.7786174974531193,NVTK
3304,dwell,hl250,touch,14,0.7126546162566869,NVTK
3304,dwell,hl250,dwell,14,0.7367119849629675,NVTK
3304,dwell,hl250,volume,14,0.5548388264991855,NVTK
3304,dwell,hl250,swing,14,0.7870867701972825,NVTK
3304,volume,hl250,touch,15,0.6843355686845655,NVTK
3304,volume,hl250,dwell,14,0.6905557011320932,NVTK
3304,volume,hl250,volume,14,0.4919137871003353,NVTK
3304,volume,hl250,swing,14,0.7390839039719999,NVTK
3304,swing,hl250,touch,15,0.69229110486847,NVTK
3304,swing,hl250,dwell,14,0.693023846927576,NVTK
3304,swing,hl250,volume,14,0.5183002455100008,NVTK
3304,swing,hl250,swing,14,0.7602857958257984,NVTK
3454,touch,none,touch,14,0.913839034214451,NVTK
3454,touch,none,dwell,12,0.8259114971733577,NVTK
3454,touch,none,volume,14,0.8603485422944508,NVTK
3454,touch,none,swing,13,0.8242584176413204,NVTK
3454,dwell,none,touch,14,0.8848931345473602,NVTK
3454,dwell,none,dwell,12,0.8076430165895998,NVTK
3454,dwell,none,volume,14,0.8398885817279893,NVTK
3454,dwell,none,swing,13,0.8127404657103142,NVTK
3454,volume,none,touch,14,0.8788161451896166,NVTK
3454,volume,none,dwell,12,0.7827359729931636,NVTK
3454,volume,none,volume,14,0.8288331443814694,NVTK
3454,volume,none,swing,13,0.812698629044425,NVTK
3454,swing,none,touch,15,0.8705722407905011,NVTK
3454,swing,none,dwell,14,0.81099840946215,NVTK
3454,swing,none,volume,14,0.8071073546151543,NVTK
3454,swing,none,swing,13,0.7804707266411457,NVTK
3454,touch,hl250,touch,14,0.9365541531769482,NVTK
3454,touch,hl250,dwell,12,0.8665584347479008,NVTK
3454,touch,hl250,volume,14,0.877567029227158,NVTK
3454,touch,hl250,swing,13,0.8610255044736811,NVTK
3454,dwell,hl250,touch,14,0.9132030514433574,NVTK
3454,dwell,hl250,dwell,12,0.8509553477456235,NVTK
3454,dwell,hl250,volume,14,0.8661704463030557,NVTK
3454,dwell,hl250,swing,13,0.8488004887438272,NVTK
3454,volume,hl250,touch,14,0.842504771460453,NVTK
3454,volume,hl250,dwell,12,0.7292618697815147,NVTK
3454,volume,hl250,volume,14,0.7553532221671491,NVTK
3454,volume,hl250,swing,13,0.7918659980069432,NVTK
3454,swing,hl250,touch,15,0.8938299867961688,NVTK
3454,swing,hl250,dwell,14,0.8358796316558122,NVTK
3454,swing,hl250,volume,14,0.8238767394950512,NVTK
3454,swing,hl250,swing,13,0.8019287020896044,NVTK
3604,touch,none,touch,16,0.9317605977809987,NVTK
3604,touch,none,dwell,13,0.8868646884500778,NVTK
3604,touch,none,volume,16,0.908098951172156,NVTK
3604,touch,none,swing,15,0.771845869867892,NVTK
3604,dwell,none,touch,14,0.8839824807278189,NVTK
3604,dwell,none,dwell,13,0.871956967478959,NVTK
3604,dwell,none,volume,14,0.8830835622343055,NVTK
3604,dwell,none,swing,15,0.7435349184626749,NVTK
3604,volume,none,touch,16,0.9107649962365922,NVTK
3604,volume,none,dwell,13,0.8749103272394095,NVTK
3604,volume,none,volume,16,0.8919899915004524,NVTK
3604,volume,none,swing,15,0.7651383995149722,NVTK
3604,swing,none,touch,18,0.8927082624146561,NVTK
3604,swing,none,dwell,16,0.8646435337757398,NVTK
3604,swing,none,volume,16,0.8895186712320388,NVTK
3604,swing,none,swing,15,0.7195081159994146,NVTK
3604,touch,hl250,touch,16,0.9190566302488491,NVTK
3604,touch,hl250,dwell,13,0.8851736436485316,NVTK
3604,touch,hl250,volume,16,0.8844591131166781,NVTK
3604,touch,hl250,swing,15,0.7690695490406296,NVTK
3604,dwell,hl250,touch,14,0.8575004175065398,NVTK
3604,dwell,hl250,dwell,13,0.8755670856737489,NVTK
3604,dwell,hl250,volume,14,0.8554187202002206,NVTK
3604,dwell,hl250,swing,15,0.7446541978228253,NVTK
3604,volume,hl250,touch,16,0.8660442277137325,NVTK
3604,volume,hl250,dwell,13,0.8556059751092284,NVTK
3604,volume,hl250,volume,16,0.8206433898525063,NVTK
3604,volume,hl250,swing,15,0.7368450460982007,NVTK
3604,swing,hl250,touch,18,0.8771219580096377,NVTK
3604,swing,hl250,dwell,16,0.8608922535930956,NVTK
3604,swing,hl250,volume,16,0.8711532280835348,NVTK
3604,swing,hl250,swing,15,0.7136095502011294,NVTK
3754,touch,none,touch,25,0.8458509177394266,NVTK
3754,touch,none,dwell,21,0.8737096491180972,NVTK
3754,touch,none,volume,24,0.8792343855427888,NVTK
3754,touch,none,swing,24,0.7101603133035386,NVTK
3754,dwell,none,touch,17,0.7764672057311099,NVTK
3754,dwell,none,dwell,16,0.8375908390040187,NVTK
3754,dwell,none,volume,17,0.8455416811027675,NVTK
3754,dwell,none,swing,23,0.6963767089704712,NVTK
3754,volume,none,touch,24,0.8173084429675832,NVTK
3754,volume,none,dwell,22,0.8642010799694376,NVTK
3754,volume,none,volume,24,0.8351951252015072,NVTK
3754,volume,none,swing,23,0.688478292781596,NVTK
3754,swing,none,touch,24,0.8129021636569542,NVTK
3754,swing,none,dwell,23,0.828889676599669,NVTK
3754,swing,none,volume,23,0.8458745894488744,NVTK
3754,swing,none,swing,22,0.6754401808758049,NVTK
3754,touch,hl250,touch,25,0.8567921520503783,NVTK
3754,touch,hl250,dwell,21,0.8934468898596203,NVTK
3754,touch,hl250,volume,24,0.8765773198803866,NVTK
3754,touch,hl250,swing,24,0.7190655592725516,NVTK
3754,dwell,hl250,touch,17,0.7838546468877082,NVTK
3754,dwell,hl250,dwell,16,0.8632905764912887,NVTK
3754,dwell,hl250,volume,17,0.8321375242464767,NVTK
3754,dwell,hl250,swing,23,0.6992987282532868,NVTK
3754,volume,hl250,touch,24,0.8100789314350104,NVTK
3754,volume,hl250,dwell,22,0.868375281396669,NVTK
3754,volume,hl250,volume,24,0.8134645230921206,NVTK
3754,volume,hl250,swing,23,0.6704379747486731,NVTK
3754,swing,hl250,touch,24,0.8217285034718116,NVTK
3754,swing,hl250,dwell,23,0.855544711409899,NVTK
3754,swing,hl250,volume,23,0.8376330873885491,NVTK
3754,swing,hl250,swing,22,0.6819147479623039,NVTK
3904,touch,none,touch,25,0.8376191061643609,NVTK
3904,touch,none,dwell,21,0.8437317213274201,NVTK
3904,touch,none,volume,24,0.6729056558548026,NVTK
3904,touch,none,swing,24,0.7541848374627832,NVTK
3904,dwell,none,touch,19,0.8455360867156312,NVTK
3904,dwell,none,dwell,17,0.8382024838729638,NVTK
3904,dwell,none,volume,19,0.5967513260619054,NVTK
3904,dwell,none,swing,24,0.7674365270098638,NVTK
3904,volume,none,touch,25,0.8513329414278408,NVTK
3904,volume,none,dwell,22,0.848664983495646,NVTK
3904,volume,none,volume,25,0.6233146800671698,NVTK
3904,volume,none,swing,24,0.7749199809767687,NVTK
3904,swing,none,touch,24,0.840454491557213,NVTK
3904,swing,none,dwell,23,0.8492179050136711,NVTK
3904,swing,none,volume,23,0.5580088310160778,NVTK
3904,swing,none,swing,22,0.7553712058891007,NVTK
3904,touch,hl250,touch,25,0.8121118833203705,NVTK
3904,touch,hl250,dwell,21,0.8099903183371018,NVTK
3904,touch,hl250,volume,24,0.6465960309719411,NVTK
3904,touch,hl250,swing,24,0.7287225778758558,NVTK
3904,dwell,hl250,touch,19,0.8126653462330422,NVTK
3904,dwell,hl250,dwell,17,0.7985896092785556,NVTK
3904,dwell,hl250,volume,19,0.5685762964739325,NVTK
3904,dwell,hl250,swing,24,0.7445040500023304,NVTK
3904,volume,hl250,touch,25,0.8364078817470185,NVTK
3904,volume,hl250,dwell,22,0.833659878857991,NVTK
3904,volume,hl250,volume,25,0.5874402143279593,NVTK
3904,volume,hl250,swing,24,0.7600598400765832,NVTK
3904,swing,hl250,touch,24,0.8132601827502345,NVTK
3904,swing,hl250,dwell,23,0.8162526598534381,NVTK
3904,swing,hl250,volume,23,0.5370724728231209,NVTK
3904,swing,hl250,swing,22,0.7372454998353625,NVTK
4054,touch,none,touch,12,0.8882908860517844,NVTK
4054,touch,none,dwell,11,0.8294802838116456,NVTK
4054,touch,none,volume,13,0.7612462645810142,NVTK
4054,touch,none,swing,13,0.8791487250383035,NVTK
4054,dwell,none,touch,12,0.891249683679317,NVTK
4054,dwell,none,dwell,11,0.845175109087624,NVTK
4054,dwell,none,volume,13,0.7661567672507139,NVTK
4054,dwell,none,swing,13,0.8848504619169055,NVTK
4054,volume,none,touch,12,0.9009070646344829,NVTK
4054,volume,none,dwell,11,0.8629181419820935,NVTK
4054,volume,none,volume,13,0.785674014969502,NVTK
4054,volume,none,swing,13,0.8828153234889748,NVTK
4054,swing,none,touch,13,0.9194730185697867,NVTK
4054,swing,none,dwell,13,0.8769938373081492,NVTK
4054,swing,none,volume,13,0.7987791699500706,NVTK
4054,swing,none,swing,13,0.9011225541985713,NVTK
4054,touch,hl250,touch,12,0.8353094650707846,NVTK
4054,touch,hl250,dwell,11,0.797125405249406,NVTK
4054,touch,hl250,volume,13,0.7051646573537139,NVTK
4054,touch,hl250,swing,13,0.8165977902023547,NVTK
4054,dwell,hl250,touch,12,0.8138963322635309,NVTK
4054,dwell,hl250,dwell,11,0.7473978375372824,NVTK
4054,dwell,hl250,volume,13,0.6849077083362078,NVTK
4054,dwell,hl250,swing,13,0.7735851025498394,NVTK
4054,volume,hl250,touch,12,0.8351448641100038,NVTK
4054,volume,hl250,dwell,11,0.7923169078217155,NVTK
4054,volume,hl250,volume,13,0.7366611997974908,NVTK
4054,volume,hl250,swing,13,0.7971297660870343,NVTK
4054,swing,hl250,touch,13,0.8075149355880613,NVTK
4054,swing,hl250,dwell,13,0.763685044647253,NVTK
4054,swing,hl250,volume,13,0.725334035165774,NVTK
4054,swing,hl250,swing,13,0.7578502873983823,NVTK
4204,touch,none,touch,11,0.962030698286319,NVTK
4204,touch,none,dwell,10,0.9512208677949888,NVTK
4204,touch,none,volume,11,0.9664689479337383,NVTK
4204,touch,none,swing,11,0.8546834488719187,NVTK
4204,dwell,none,touch,11,0.9154673355299862,NVTK
4204,dwell,none,dwell,10,0.9074285439568082,NVTK
4204,dwell,none,volume,11,0.939476301741151,NVTK
4204,dwell,none,swing,11,0.8250923473625028,NVTK
4204,volume,none,touch,11,0.9061094653695513,NVTK
4204,volume,none,dwell,10,0.9154595125144206,NVTK
4204,volume,none,volume,11,0.9417417045752332,NVTK
4204,volume,none,swing,11,0.8040404112595054,NVTK
4204,swing,none,touch,13,0.9191256758373818,NVTK
4204,swing,none,dwell,11,0.9141662825838514,NVTK
4204,swing,none,volume,11,0.9454923579283527,NVTK
4204,swing,none,swing,11,0.8242559596201313,NVTK
4204,touch,hl250,touch,11,0.8752503585206352,NVTK
4204,touch,hl250,dwell,10,0.8865273806625147,NVTK
4204,touch,hl250,volume,11,0.9138421427426157,NVTK
4204,touch,hl250,swing,11,0.7369011704138512,NVTK
4204,dwell,hl250,touch,11,0.8068498523837258,NVTK
4204,dwell,hl250,dwell,10,0.8550088774754682,NVTK
4204,dwell,hl250,volume,11,0.8724873528052396,NVTK
4204,dwell,hl250,swing,11,0.6940607032829879,NVTK
4204,volume,hl250,touch,11,0.7583106419329178,NVTK
4204,volume,hl250,dwell,10,0.8500860827246506,NVTK
4204,volume,hl250,volume,11,0.8399040403342689,NVTK
4204,volume,hl250,swing,11,0.6337581199302076,NVTK
4204,swing,hl250,touch,13,0.7970994086379302,NVTK
4204,swing,hl250,dwell,11,0.8045850229965279,NVTK
4204,swing,hl250,volume,11,0.8619862996491104,NVTK
4204,swing,hl250,swing,11,0.6909862377472215,NVTK
4354,touch,none,touch,14,0.9282858526071239,NVTK
4354,touch,none,dwell,10,0.8250835528924236,NVTK
4354,touch,none,volume,14,0.8050861088843273,NVTK
4354,touch,none,swing,13,0.8518109816940671,NVTK
4354,dwell,none,touch,14,0.918099714374367,NVTK
4354,dwell,none,dwell,10,0.8078523222587292,NVTK
4354,dwell,none,volume,14,0.8073568333411383,NVTK
4354,dwell,none,swing,13,0.844929081784242,NVTK
4354,volume,none,touch,14,0.9264534091465001,NVTK
4354,volume,none,dwell,10,0.8232995239449945,NVTK
4354,volume,none,volume,14,0.8468505792864968,NVTK
4354,volume,none,swing,13,0.8411699080083614,NVTK
4354,swing,none,touch,16,0.9275072437394187,NVTK
4354,swing,none,dwell,14,0.8770168709992918,NVTK
4354,swing,none,volume,14,0.8092207471516373,NVTK
4354,swing,none,swing,13,0.8863198686381901,NVTK
4354,touch,hl250,touch,14,0.9135247328518157,NVTK
4354,touch,hl250,dwell,10,0.810347075796937,NVTK
4354,touch,hl250,volume,14,0.7827652405121323,NVTK
4354,touch,hl250,swing,13,0.8234727773958154,NVTK
4354,dwell,hl250,touch,14,0.9109557108736259,NVTK
4354,dwell,hl250,dwell,10,0.8191182862004187,NVTK
4354,dwell,hl250,volume,14,0.8108843533627956,NVTK
4354,dwell,hl250,swing,13,0.8417562868447416,NVTK
4354,volume,hl250,touch,14,0.9315834955194655,NVTK
4354,volume,hl250,dwell,10,0.8482675886129807,NVTK
4354,volume,hl250,volume,14,0.8665289417612402,NVTK
4354,volume,hl250,swing,13,0.8358393783008856,NVTK
4354,swing,hl250,touch,16,0.8961546532181773,NVTK
4354,swing,hl250,dwell,14,0.8496981572682858,NVTK
4354,swing,hl250,volume,14,0.7715001734735516,NVTK
4354,swing,hl250,swing,13,0.8639769200742499,NVTK
4504,touch,none,touch,26,0.9418150245475273,NVTK
4504,touch,none,dwell,21,0.8625542915958636,NVTK
4504,touch,none,volume,26,0.8186129166144076,NVTK
4504,touch,none,swing,26,0.8071638264489166,NVTK
4504,dwell,none,touch,25,0.9403414541828199,NVTK
4504,dwell,none,dwell,21,0.8504169497096415,NVTK
4504,dwell,none,volume,23,0.7979035609214814,NVTK
4504,dwell,none,swing,24,0.7957024081488406,NVTK
4504,volume,none,touch,25,0.9010790388422645,NVTK
4504,volume,none,dwell,21,0.8071393483643706,NVTK
4504,volume,none,volume,24,0.7799436133153579,NVTK
4504,volume,none,swing,24,0.7837208514389379,NVTK
4504,swing,none,touch,26,0.9309609736387673,NVTK
4504,swing,none,dwell,24,0.8633569578925202,NVTK
4504,swing,none,volume,24,0.7980801643707187,NVTK
4504,swing,none,swing,24,0.8159019263120976,NVTK
4504,touch,hl250,touch,26,0.932570726657286,NVTK
4504,touch,hl250,dwell,21,0.8580035166292546,NVTK
4504,touch,hl250,volume,26,0.8128926537688719,NVTK
4504,touch,hl250,swing,26,0.8023643638633281,NVTK
4504,dwell,hl250,touch,25,0.9281903051434813,NVTK
4504,dwell,hl250,dwell,21,0.8503496797196249,NVTK
4504,dwell,hl250,volume,23,0.7977915628249984,NVTK
4504,dwell,hl250,swing,24,0.8016952370441004,NVTK
4504,volume,hl250,touch,25,0.8628640732936707,NVTK
4504,volume,hl250,dwell,21,0.7745845118989907,NVTK
4504,volume,hl250,volume,24,0.761780891605047,NVTK
4504,volume,hl250,swing,24,0.768204770113684,NVTK
4504,swing,hl250,touch,26,0.920587598710111,NVTK
4504,swing,hl250,dwell,24,0.8585780836898209,NVTK
4504,swing,hl250,volume,24,0.7838024691861823,NVTK
4504,swing,hl250,swing,24,0.8135390843056743,NVTK
4654,touch,none,touch,24,0.8700533452979545,NVTK
4654,touch,none,dwell,18,0.7934235201285587,NVTK
4654,touch,none,volume,23,0.6494585639351085,NVTK
4654,touch,none,swing,23,0.8176387255195806,NVTK
4654,dwell,none,touch,23,0.8414633684031998,NVTK
4654,dwell,none,dwell,18,0.7690569038963163,NVTK
4654,dwell,none,volume,21,0.5612386480869183,NVTK
4654,dwell,none,swing,22,0.814822408216427,NVTK
4654,volume,none,touch,23,0.7881596796202242,NVTK
4654,volume,none,dwell,18,0.7070038559888102,NVTK
4654,volume,none,volume,22,0.5324569921231135,NVTK
4654,volume,none,swing,22,0.7717318960053012,NVTK
4654,swing,none,touch,24,0.8641379831682447,NVTK
4654,swing,none,dwell,22,0.8217424159723352,NVTK
4654,swing,none,volume,22,0.6354847562072159,NVTK
4654,swing,none,swing,22,0.84323647172225,NVTK
4654,touch,hl250,touch,24,0.8133156388931625,NVTK
4654,touch,hl250,dwell,18,0.7797387692584824,NVTK
4654,touch,hl250,volume,23,0.6285992389985838,NVTK
4654,touch,hl250,swing,23,0.7829937509081818,NVTK
4654,dwell,hl250,touch,23,0.7785640791913667,NVTK
4654,dwell,hl250,dwell,18,0.7639163582011966,NVTK
4654,dwell,hl250,volume,21,0.5209039824512898,NVTK
4654,dwell,hl250,swing,22,0.7791936014741946,NVTK
4654,volume,hl250,touch,23,0.638611664190655,NVTK
4654,volume,hl250,dwell,18,0.6406366066305857,NVTK
4654,volume,hl250,volume,22,0.43192149862599805,NVTK
4654,volume,hl250,swing,22,0.6569199126293084,NVTK
4654,swing,hl250,touch,24,0.7957373907087361,NVTK
4654,swing,hl250,dwell,22,0.7660265188003041,NVTK
4654,swing,hl250,volume,22,0.5730019274171858,NVTK
4654,swing,hl250,swing,22,0.7788598612553355,NVTK
4804,touch,none,touch,15,0.768530977291479,NVTK
4804,touch,none,dwell,13,0.6804491412584502,NVTK
4804,touch,none,volume,15,0.597175395436282,NVTK
4804,touch,none,swing,15,0.7287640767129014,NVTK
4804,dwell,none,touch,15,0.758890213620451,NVTK
4804,dwell,none,dwell,13,0.6731502200581686,NVTK
4804,dwell,none,volume,15,0.5910849866970148,NVTK
4804,dwell,none,swing,15,0.7398959267164288,NVTK
4804,volume,none,touch,15,0.662105724333053,NVTK
4804,volume,none,dwell,13,0.49081728553361226,NVTK
4804,volume,none,volume,15,0.5371973134648805,NVTK
4804,volume,none,swing,15,0.6267572732257329,NVTK
4804,swing,none,touch,19,0.8360726891979959,NVTK
4804,swing,none,dwell,15,0.796830693924363,NVTK
4804,swing,none,volume,15,0.6224756501196296,NVTK
4804,swing,none,swing,15,0.8116289215389013,NVTK
4804,touch,hl250,touch,15,0.7222881503234494,NVTK
4804,touch,hl250,dwell,13,0.5881689754523324,NVTK
4804,touch,hl250,volume,15,0.5965770164272162,NVTK
4804,touch,hl250,swing,15,0.6616072428814629,NVTK
4804,dwell,hl250,touch,15,0.7225124763698674,NVTK
4804,dwell,hl250,dwell,13,0.6080185102983235,NVTK
4804,dwell,hl250,volume,15,0.5718265802872771,NVTK
4804,dwell,hl250,swing,15,0.687482388784661,NVTK
4804,volume,hl250,touch,15,0.5939754419026486,NVTK
4804,volume,hl250,dwell,13,0.34741425063254966,NVTK
4804,volume,hl250,volume,15,0.539766055295963,NVTK
4804,volume,hl250,swing,15,0.5299224076647823,NVTK
4804,swing,hl250,touch,19,0.7655200004311109,NVTK
4804,swing,hl250,dwell,15,0.7329579914115575,NVTK
4804,swing,hl250,volume,15,0.5688460126819738,NVTK
4804,swing,hl250,swing,15,0.7444544475513354,NVTK
2511,touch,none,touch,21,0.9438340364969086,SBER
2511,touch,none,dwell,14,0.8725887289464643,SBER
2511,touch,none,volume,19,0.8565646737072999,SBER
2511,touch,none,swing,18,0.8522559362997073,SBER
2511,dwell,none,touch,18,0.9302806980464405,SBER
2511,dwell,none,dwell,14,0.8609785354606286,SBER
2511,dwell,none,volume,16,0.8339852318935764,SBER
2511,dwell,none,swing,16,0.8447262510127332,SBER
2511,volume,none,touch,20,0.9453926595018672,SBER
2511,volume,none,dwell,14,0.8889728204722968,SBER
2511,volume,none,volume,17,0.8648832606819432,SBER
2511,volume,none,swing,16,0.860609397311377,SBER
2511,swing,none,touch,21,0.9378417942525921,SBER
2511,swing,none,dwell,17,0.9047008678760351,SBER
2511,swing,none,volume,17,0.8501786340167806,SBER
2511,swing,none,swing,16,0.8693939106831832,SBER
2511,touch,hl250,touch,21,0.9171441231489069,SBER
2511,touch,hl250,dwell,14,0.8278849098848021,SBER
2511,touch,hl250,volume,19,0.8181420126919605,SBER
2511,touch,hl250,swing,18,0.8085072467820061,SBER
2511,dwell,hl250,touch,18,0.8886581122786132,SBER
2511,dwell,hl250,dwell,14,0.8042128051832614,SBER
2511,dwell,hl250,volume,16,0.7788849020955886,SBER
2511,dwell,hl250,swing,16,0.7848982753362865,SBER
2511,volume,hl250,touch,20,0.9094147056132234,SBER
2511,volume,hl250,dwell,14,0.8315927614657284,SBER
2511,volume,hl250,volume,17,0.8178553816247197,SBER
2511,volume,hl250,swing,16,0.801946351360215,SBER
2511,swing,hl250,touch,21,0.8888963194389919,SBER
2511,swing,hl250,dwell,17,0.8308732557875812,SBER
2511,swing,hl250,volume,17,0.761332449338345,SBER
2511,swing,hl250,swing,16,0.7666864499822124,SBER
2661,touch,none,touch,20,0.9595530400059651,SBER
2661,touch,none,dwell,14,0.8804679108125147,SBER
2661,touch,none,volume,18,0.9237872054907162,SBER
2661,touch,none,swing,18,0.9247980755616667,SBER
2661,dwell,none,touch,18,0.9457690537461612,SBER
2661,dwell,none,dwell,14,0.8505897750529007,SBER
2661,dwell,none,volume,16,0.9005277255133637,SBER
2661,dwell,none,swing,16,0.8895113978661299,SBER
2661,volume,none,touch,20,0.9490909740091481,SBER
2661,volume,none,dwell,14,0.8337748605116008,SBER
2661,volume,none,volume,17,0.903988156680158,SBER
2661,volume,none,swing,16,0.891706274584046,SBER
2661,swing,none,touch,21,0.9321319873432704,SBER
2661,swing,none,dwell,17,0.8683950576935378,SBER
2661,swing,none,volume,17,0.8820069563719106,SBER
2661,swing,none,swing,16,0.8693851765854641,SBER
2661,touch,hl250,touch,20,0.9606694756003374,SBER
2661,touch,hl250,dwell,14,0.8862665674783183,SBER
2661,touch,hl250,volume,18,0.9305578301466513,SBER
2661,touch,hl250,swing,18,0.9195306414159521,SBER
2661,dwell,hl250,touch,18,0.9439816765232483,SBER
2661,dwell,hl250,dwell,14,0.8443618618917537,SBER
2661,dwell,hl250,volume,16,0.9058340611894586,SBER
2661,dwell,hl250,swing,16,0.8756797862329149,SBER
2661,volume,hl250,touch,20,0.952078613242225,SBER
2661,volume,hl250,dwell,14,0.8223525241190411,SBER
2661,volume,hl250,volume,17,0.918514016258694,SBER
2661,volume,hl250,swing,16,0.8714485668678823,SBER
2661,swing,hl250,touch,21,0.9235760044526558,SBER
2661,swing,hl250,dwell,17,0.8443602882018945,SBER
2661,swing,hl250,volume,17,0.8686736712041386,SBER
2661,swing,hl250,swing,16,0.83856536623943,SBER
2811,touch,none,touch,12,0.9705020010336218,SBER
2811,touch,none,dwell,10,0.9395243327961029,SBER
2811,touch,none,volume,12,0.9172503385117482,SBER
2811,touch,none,swing,12,0.9227854796722229,SBER
2811,dwell,none,touch,12,0.9659444099821277,SBER
2811,dwell,none,dwell,10,0.9490380194545243,SBER
2811,dwell,none,volume,12,0.9244184865863174,SBER
2811,dwell,none,swing,12,0.9096595091773667,SBER
2811,volume,none,touch,12,0.9066274826702109,SBER
2811,volume,none,dwell,10,0.8129185235268738,SBER
2811,volume,none,volume,12,0.9026633185745095,SBER
2811,volume,none,swing,12,0.8073968215350082,SBER
2811,swing,none,touch,12,0.9565605258906535,SBER
2811,swing,none,dwell,12,0.947981061940474,SBER
2811,swing,none,volume,12,0.8970878654245452,SBER
2811,swing,none,swing,12,0.9002833707679353,SBER
2811,touch,hl250,touch,12,0.9533641135096925,SBER
2811,touch,hl250,dwell,10,0.9191177562818518,SBER
2811,touch,hl250,volume,12,0.8784452501492476,SBER
2811,touch,hl250,swing,12,0.9231123026755026,SBER
2811,dwell,hl250,touch,12,0.9409609842229342,SBER
2811,dwell,hl250,dwell,10,0.9452083080816377,SBER
2811,dwell,hl250,volume,12,0.892125105835503,SBER
2811,dwell,hl250,swing,12,0.9352624749708801,SBER
2811,volume,hl250,touch,12,0.9120919863860832,SBER
2811,volume,hl250,dwell,10,0.8771100095049691,SBER
2811,volume,hl250,volume,12,0.891858908248318,SBER
2811,volume,hl250,swing,12,0.8704395593074191,SBER
2811,swing,hl250,touch,12,0.9040284640098166,SBER
2811,swing,hl250,dwell,12,0.9127024141595904,SBER
2811,swing,hl250,volume,12,0.824914969953456,SBER
2811,swing,hl250,swing,12,0.8759000780216784,SBER
2961,touch,none,touch,19,0.9199731960425471,SBER
2961,touch,none,dwell,13,0.9344075044591135,SBER
2961,touch,none,volume,18,0.8284062427955576,SBER
2961,touch,none,swing,17,0.8859744535794725,SBER
2961,dwell,none,touch,14,0.9118137926838585,SBER
2961,dwell,none,dwell,11,0.9503380699358183,SBER
2961,dwell,none,volume,14,0.8610206339593164,SBER
2961,dwell,none,swing,17,0.9019003953436499,SBER
2961,volume,none,touch,19,0.9030550695022246,SBER
2961,volume,none,dwell,13,0.9302441028521014,SBER
2961,volume,none,volume,19,0.8271079216568986,SBER
2961,volume,none,swing,17,0.8740172313437612,SBER
2961,swing,none,touch,19,0.9403219634731161,SBER
2961,swing,none,dwell,19,0.9409362901097955,SBER
2961,swing,none,volume,19,0.8746677217891875,SBER
2961,swing,none,swing,17,0.9112899476120978,SBER
2961,touch,hl250,touch,19,0.9113566278345546,SBER
2961,touch,hl250,dwell,13,0.9450668386633525,SBER
2961,touch,hl250,volume,18,0.8342230959001692,SBER
2961,touch,hl250,swing,17,0.8945359758680527,SBER
2961,dwell,hl250,touch,14,0.8804211183539898,SBER
2961,dwell,hl250,dwell,11,0.9606956297489733,SBER
2961,dwell,hl250,volume,14,0.8461508163586234,SBER
2961,dwell,hl250,swing,17,0.9080031946356699,SBER
2961,volume,hl250,touch,19,0.8713585487971502,SBER
2961,volume,hl250,dwell,13,0.9466425848972736,SBER
2961,volume,hl250,volume,19,0.8098339431360884,SBER
2961,volume,hl250,swing,17,0.8760160948152464,SBER
2961,swing,hl250,touch,19,0.935648746983148,SBER
2961,swing,hl250,dwell,19,0.9465147411878945,SBER
2961,swing,hl250,volume,19,0.8774642000080562,SBER
2961,swing,hl250,swing,17,0.9312640531670573,SBER
3111,touch,none,touch,21,0.9131118054350537,SBER
3111,touch,none,dwell,16,0.8493969763272378,SBER
3111,touch,none,volume,20,0.7428964308461025,SBER
3111,touch,none,swing,20,0.8444860658193911,SBER
3111,dwell,none,touch,16,0.8964641930498641,SBER
3111,dwell,none,dwell,14,0.8323563620095136,SBER
3111,dwell,none,volume,16,0.7149980702387381,SBER
3111,dwell,none,swing,19,0.8377568581415478,SBER
3111,volume,none,touch,21,0.9284206646302288,SBER
3111,volume,none,dwell,16,0.867108247149878,SBER
3111,volume,none,volume,21,0.7684692402445839,SBER
3111,volume,none,swing,19,0.8182898659621388,SBER
3111,swing,none,touch,21,0.9006286256407862,SBER
3111,swing,none,dwell,21,0.8807144930435488,SBER
3111,swing,none,volume,21,0.7626404304317399,SBER
3111,swing,none,swing,19,0.8432164229157956,SBER
3111,touch,hl250,touch,21,0.8927855628854624,SBER
3111,touch,hl250,dwell,16,0.8253334538605539,SBER
3111,touch,hl250,volume,20,0.7091821962031422,SBER
3111,touch,hl250,swing,20,0.8375605510402945,SBER
3111,dwell,hl250,touch,16,0.8630655525223268,SBER
3111,dwell,hl250,dwell,14,0.7938794026292834,SBER
3111,dwell,hl250,volume,16,0.6556385309423525,SBER
3111,dwell,hl250,swing,19,0.8249542935855584,SBER
3111,volume,hl250,touch,21,0.8970841374367367,SBER
3111,volume,hl250,dwell,16,0.8374565640117698,SBER
3111,volume,hl250,volume,21,0.722324510762499,SBER
3111,volume,hl250,swing,19,0.8145533965907955,SBER
3111,swing,hl250,touch,21,0.8696515289381798,SBER
3111,swing,hl250,dwell,21,0.8447392786213982,SBER
3111,swing,hl250,volume,21,0.6992568976386055,SBER
3111,swing,hl250,swing,19,0.8216532574795836,SBER
3261,touch,none,touch,15,0.8929084819839954,SBER
3261,touch,none,dwell,15,0.8826808362808898,SBER
3261,touch,none,volume,15,0.7893488132212902,SBER
3261,touch,none,swing,15,0.8252752673541051,SBER
3261,dwell,none,touch,14,0.845005910013365,SBER
3261,dwell,none,dwell,14,0.8558023104899292,SBER
3261,dwell,none,volume,14,0.7750854762379701,SBER
3261,dwell,none,swing,15,0.7823065971861073,SBER
3261,volume,none,touch,15,0.8224271973181041,SBER
3261,volume,none,dwell,15,0.8138625217137606,SBER
3261,volume,none,volume,15,0.745689528966383,SBER
3261,volume,none,swing,15,0.7290481703929775,SBER
3261,swing,none,touch,17,0.8870193056368274,SBER
3261,swing,none,dwell,15,0.8866506754779567,SBER
3261,swing,none,volume,15,0.8063660113795962,SBER
3261,swing,none,swing,15,0.8169362388787154,SBER
3261,touch,hl250,touch,15,0.8336632305248814,SBER
3261,touch,hl250,dwell,15,0.823419654788388,SBER
3261,touch,hl250,volume,15,0.7321754201873338,SBER
3261,touch,hl250,swing,15,0.7620417606831138,SBER
3261,dwell,hl250,touch,14,0.7483955232282429,SBER
3261,dwell,hl250,dwell,14,0.7651380620565744,SBER
3261,dwell,hl250,volume,14,0.673587065718026,SBER
3261,dwell,hl250,swing,15,0.7016218528318268,SBER
3261,volume,hl250,touch,15,0.7249795403330326,SBER
3261,volume,hl250,dwell,15,0.7238909733421212,SBER
3261,volume,hl250,volume,15,0.6476341285301357,SBER
3261,volume,hl250,swing,15,0.6420366487039891,SBER
3261,swing,hl250,touch,17,0.8196001714003027,SBER
3261,swing,hl250,dwell,15,0.8144936768436598,SBER
3261,swing,hl250,volume,15,0.7330719120849817,SBER
3261,swing,hl250,swing,15,0.7396308900686744,SBER
3411,touch,none,touch,19,0.8256273569590893,SBER
3411,touch,none,dwell,15,0.7871531030817217,SBER
3411,touch,none,volume,18,0.5453380989852417,SBER
3411,touch,none,swing,18,0.7814214004689211,SBER
3411,dwell,none,touch,18,0.7815285479091792,SBER
3411,dwell,none,dwell,15,0.7560883785003569,SBER
3411,dwell,none,volume,18,0.5362801711804016,SBER
3411,dwell,none,swing,18,0.7324270012977894,SBER
3411,volume,none,touch,19,0.7511486182679729,SBER
3411,volume,none,dwell,15,0.6928113378720858,SBER
3411,volume,none,volume,18,0.4716833116852655,SBER
3411,volume,none,swing,18,0.6751464194193356,SBER
3411,swing,none,touch,21,0.8600358331249919,SBER
3411,swing,none,dwell,18,0.850088873107961,SBER
3411,swing,none,volume,18,0.5742671957699105,SBER
3411,swing,none,swing,18,0.7820705342953652,SBER
3411,touch,hl250,touch,19,0.7614188160800173,SBER
3411,touch,hl250,dwell,15,0.6932221554147873,SBER
3411,touch,hl250,volume,18,0.44575608907578285,SBER
3411,touch,hl250,swing,18,0.6997044800801439,SBER
3411,dwell,hl250,touch,18,0.71252515287796,SBER
3411,dwell,hl250,dwell,15,0.6603152725110413,SBER
3411,dwell,hl250,volume,18,0.4409479981353391,SBER
3411,dwell,hl250,swing,18,0.648959301529658,SBER
3411,volume,hl250,touch,19,0.6428713483459259,SBER
3411,volume,hl250,dwell,15,0.5315416272669842,SBER
3411,volume,hl250,volume,18,0.3187826496463337,SBER
3411,volume,hl250,swing,18,0.5394961105243408,SBER
3411,swing,hl250,touch,21,0.8276396643119724,SBER
3411,swing,hl250,dwell,18,0.8117419465858007,SBER
3411,swing,hl250,volume,18,0.5236530346087942,SBER
3411,swing,hl250,swing,18,0.7356427246392674,SBER
3561,touch,none,touch,26,0.43415265168140377,SBER
3561,touch,none,dwell,23,0.49737088342997565,SBER
3561,touch,none,volume,25,0.11160027303430332,SBER
3561,touch,none,swing,24,0.5237899035119701,SBER
3561,dwell,none,touch,22,0.31889359965387337,SBER
3561,dwell,none,dwell,21,0.5039794839315798,SBER
3561,dwell,none,volume,21,-0.018019466596239677,SBER
3561,dwell,none,swing,24,0.5218252724081867,SBER
3561,volume,none,touch,26,0.4290845949768092,SBER
3561,volume,none,dwell,23,0.5304983504395342,SBER
3561,volume,none,volume,25,0.11746182540696429,SBER
3561,volume,none,swing,24,0.5251772148376311,SBER
3561,swing,none,touch,27,0.45485766557915697,SBER
3561,swing,none,dwell,25,0.5556224789191018,SBER
3561,swing,none,volume,25,0.12018955190278938,SBER
3561,swing,none,swing,24,0.5513897514846446,SBER
3561,touch,hl250,touch,26,0.4313424250330691,SBER
3561,touch,hl250,dwell,23,0.4876946316891907,SBER
3561,touch,hl250,volume,25,0.10112665241190803,SBER
3561,touch,hl250,swing,24,0.5361324739351562,SBER
3561,dwell,hl250,touch,22,0.33095196002432187,SBER
3561,dwell,hl250,dwell,21,0.5003795006514961,SBER
3561,dwell,hl250,volume,21,-0.02025777984858647,SBER
3561,dwell,hl250,swing,24,0.5482958303022579,SBER
3561,volume,hl250,touch,26,0.4164198406958614,SBER
3561,volume,hl250,dwell,23,0.5122681331051842,SBER
3561,volume,hl250,volume,25,0.10730034875290478,SBER
3561,volume,hl250,swing,24,0.5252902520255595,SBER
3561,swing,hl250,touch,27,0.4544103476246395,SBER
3561,swing,hl250,dwell,25,0.521839551873457,SBER
3561,swing,hl250,volume,25,0.11252845658030618,SBER
3561,swing,hl250,swing,24,0.5619630480026987,SBER
3711,touch,none,touch,23,0.6553768050039152,SBER
3711,touch,none,dwell,19,0.5237895113481839,SBER
3711,touch,none,volume,22,0.5519254983836998,SBER
3711,touch,none,swing,22,0.6281927941795266,SBER
3711,dwell,none,touch,21,0.6689979727016563,SBER
3711,dwell,none,dwell,17,0.531044388597796,SBER
3711,dwell,none,volume,20,0.5432682868788135,SBER
3711,dwell,none,swing,22,0.6448807243316047,SBER
3711,volume,none,touch,23,0.67215386569635,SBER
3711,volume,none,dwell,19,0.575549861122004,SBER
3711,volume,none,volume,22,0.5824489018891451,SBER
3711,volume,none,swing,22,0.6518372339149746,SBER
3711,swing,none,touch,24,0.6475282283945409,SBER
3711,swing,none,dwell,22,0.5340208683223369,SBER
3711,swing,none,volume,22,0.513738350953085,SBER
3711,swing,none,swing,22,0.6003310770452547,SBER
3711,touch,hl250,touch,23,0.5377179265065686,SBER
3711,touch,hl250,dwell,19,0.4282145073191474,SBER
3711,touch,hl250,volume,22,0.45574217928163097,SBER
3711,touch,hl250,swing,22,0.5495435403217167,SBER
3711,dwell,hl250,touch,21,0.6084865676886575,SBER
3711,dwell,hl250,dwell,17,0.4736852367732467,SBER
3711,dwell,hl250,volume,20,0.4694024611174899,SBER
3711,dwell,hl250,swing,22,0.6083438829076454,SBER
3711,volume,hl250,touch,23,0.421954059204584,SBER
3711,volume,hl250,dwell,19,0.36765103744432753,SBER
3711,volume,hl250,volume,22,0.3338052814452385,SBER
3711,volume,hl250,swing,22,0.42686748815176156,SBER
3711,swing,hl250,touch,24,0.5691737205356068,SBER
3711,swing,hl250,dwell,22,0.4407834217224374,SBER
3711,swing,hl250,volume,22,0.4247282546056521,SBER
3711,swing,hl250,swing,22,0.5367007734834299,SBER
3861,touch,none,touch,15,0.9462270408149349,SBER
3861,touch,none,dwell,14,0.8932689052107399,SBER
3861,touch,none,volume,15,0.9091628360738254,SBER
3861,touch,none,swing,15,0.8700339533777854,SBER
3861,dwell,none,touch,15,0.8996004931859632,SBER
3861,dwell,none,dwell,14,0.8426875567380041,SBER
3861,dwell,none,volume,15,0.8678179859456666,SBER
3861,dwell,none,swing,15,0.8300421364872403,SBER
3861,volume,none,touch,15,0.8551778605243855,SBER
3861,volume,none,dwell,14,0.7908443701517963,SBER
3861,volume,none,volume,15,0.8395858206185566,SBER
3861,volume,none,swing,15,0.8006053011474462,SBER
3861,swing,none,touch,16,0.9411931749753428,SBER
3861,swing,none,dwell,15,0.907442457597851,SBER
3861,swing,none,volume,15,0.9228019148960511,SBER
3861,swing,none,swing,15,0.8621501966222176,SBER
3861,touch,hl250,touch,15,0.8545393119800782,SBER
3861,touch,hl250,dwell,14,0.804189101955195,SBER
3861,touch,hl250,volume,15,0.8705450843235085,SBER
3861,touch,hl250,swing,15,0.8025452052568078,SBER
3861,dwell,hl250,touch,15,0.7739285450063135,SBER
3861,dwell,hl250,dwell,14,0.7296739498799336,SBER
3861,dwell,hl250,volume,15,0.7890880203340945,SBER
3861,dwell,hl250,swing,15,0.7470440934162047,SBER
3861,volume,hl250,touch,15,0.6813650868014157,SBER
3861,volume,hl250,dwell,14,0.6127373853313222,SBER
3861,volume,hl250,volume,15,0.7279259017845245,SBER
3861,volume,hl250,swing,15,0.670527567293078,SBER
3861,swing,hl250,touch,16,0.8575744808349428,SBER
3861,swing,hl250,dwell,15,0.8479439611253078,SBER
3861,swing,hl250,volume,15,0.8937975533984452,SBER
3861,swing,hl250,swing,15,0.8071455613641056,SBER
4011,touch,none,touch,11,0.7409833158427708,SBER
4011,touch,none,dwell,9,0.7044960351160938,SBER
4011,touch,none,volume,10,0.7197236874102929,SBER
4011,touch,none,swing,9,0.7338820711688049,SBER
4011,dwell,none,touch,11,0.7384934830498214,SBER
4011,dwell,none,dwell,9,0.6794923911165682,SBER
4011,dwell,none,volume,10,0.7035632196852991,SBER
4011,dwell,none,swing,9,0.7302860012033247,SBER
4011,volume,none,touch,11,0.6413509297778399,SBER
4011,volume,none,dwell,9,0.5761929567272426,SBER
4011,volume,none,volume,10,0.6274654387867741,SBER
4011,volume,none,swing,9,0.6432067223622292,SBER
4011,swing,none,touch,12,0.8130659374841533,SBER
4011,swing,none,dwell,10,0.7653522566549567,SBER
4011,swing,none,volume,10,0.7837631228777058,SBER
4011,swing,none,swing,9,0.7951605447278386,SBER
4011,touch,hl250,touch,11,0.5360773413690247,SBER
4011,touch,hl250,dwell,9,0.468255434229891,SBER
4011,touch,hl250,volume,10,0.48932358617213095,SBER
4011,touch,hl250,swing,9,0.5196778077057149,SBER
4011,dwell,hl250,touch,11,0.4975231348676256,SBER
4011,dwell,hl250,dwell,9,0.38818886385776086,SBER
4011,dwell,hl250,volume,10,0.4388284866125169,SBER
4011,dwell,hl250,swing,9,0.47090753437156885,SBER
4011,volume,hl250,touch,11,0.3918132047070513,SBER
4011,volume,hl250,dwell,9,0.31731901306703286,SBER
4011,volume,hl250,volume,10,0.3915576177753283,SBER
4011,volume,hl250,swing,9,0.38849135000234264,SBER
4011,swing,hl250,touch,12,0.5914580035889315,SBER
4011,swing,hl250,dwell,10,0.5135763639023002,SBER
4011,swing,hl250,volume,10,0.5129647803406758,SBER
4011,swing,hl250,swing,9,0.5240448464410923,SBER
4161,touch,none,touch,16,0.9519209051957735,SBER
4161,touch,none,dwell,14,0.908999951554062,SBER
4161,touch,none,volume,15,0.8285867380275274,SBER
4161,touch,none,swing,15,0.8485599027061542,SBER
4161,dwell,none,touch,16,0.9621185892699778,SBER
4161,dwell,none,dwell,14,0.9578756416182695,SBER
4161,dwell,none,volume,15,0.8747539740216775,SBER
4161,dwell,none,swing,15,0.8962715017909973,SBER
4161,volume,none,touch,16,0.8280914001968245,SBER
4161,volume,none,dwell,14,0.854455188991052,SBER
4161,volume,none,volume,15,0.7821163170789077,SBER
4161,volume,none,swing,15,0.7842747546560319,SBER
4161,swing,none,touch,17,0.9442567344258711,SBER
4161,swing,none,dwell,15,0.9414293256822538,SBER
4161,swing,none,volume,15,0.8609979835154616,SBER
4161,swing,none,swing,15,0.8859379846373455,SBER
4161,touch,hl250,touch,16,0.9613837352975126,SBER
4161,touch,hl250,dwell,14,0.9451715596028212,SBER
4161,touch,hl250,volume,15,0.8732945432057072,SBER
4161,touch,hl250,swing,15,0.9016625768299286,SBER
4161,dwell,hl250,touch,16,0.9554532329118828,SBER
4161,dwell,hl250,dwell,14,0.9775201950291582,SBER
4161,dwell,hl250,volume,15,0.91271868014746,SBER
4161,dwell,hl250,swing,15,0.9290598880470996,SBER
4161,volume,hl250,touch,16,0.9099920539389617,SBER
4161,volume,hl250,dwell,14,0.9132229284610421,SBER
4161,volume,hl250,volume,15,0.8453170798163152,SBER
4161,volume,hl250,swing,15,0.8650990544871567,SBER
4161,swing,hl250,touch,17,0.9428441317498742,SBER
4161,swing,hl250,dwell,15,0.9641607273923328,SBER
4161,swing,hl250,volume,15,0.8954104915111974,SBER
4161,swing,hl250,swing,15,0.9125018293737693,SBER
4311,touch,none,touch,18,0.8908348743367606,SBER
4311,touch,none,dwell,15,0.8542696571669343,SBER
4311,touch,none,volume,17,0.7737748642817234,SBER
4311,touch,none,swing,17,0.8507104845646956,SBER
4311,dwell,none,touch,18,0.9048951296929432,SBER
4311,dwell,none,dwell,15,0.8646440672536521,SBER
4311,dwell,none,volume,17,0.8145864947242676,SBER
4311,dwell,none,swing,17,0.8641769374622299,SBER
4311,volume,none,touch,18,0.8111258002559735,SBER
4311,volume,none,dwell,15,0.8228153715910903,SBER
4311,volume,none,volume,17,0.6974108761299026,SBER
4311,volume,none,swing,17,0.776667620575868,SBER
4311,swing,none,touch,19,0.9086818877300082,SBER
4311,swing,none,dwell,17,0.8897447059337663,SBER
4311,swing,none,volume,17,0.8168256576135945,SBER
4311,swing,none,swing,17,0.8788702486005727,SBER
4311,touch,hl250,touch,18,0.8875894964266332,SBER
4311,touch,hl250,dwell,15,0.8386959424931233,SBER
4311,touch,hl250,volume,17,0.7628717497477194,SBER
4311,touch,hl250,swing,17,0.8362773099658807,SBER
4311,dwell,hl250,touch,18,0.8965886736498877,SBER
4311,dwell,hl250,dwell,15,0.8466981008307328,SBER
4311,dwell,hl250,volume,17,0.8021646144570633,SBER
4311,dwell,hl250,swing,17,0.849599163424057,SBER
4311,volume,hl250,touch,18,0.8684796629456324,SBER
4311,volume,hl250,dwell,15,0.839066390232124,SBER
4311,volume,hl250,volume,17,0.7433379899942827,SBER
4311,volume,hl250,swing,17,0.830161017719227,SBER
4311,swing,hl250,touch,19,0.9131918518586963,SBER
4311,swing,hl250,dwell,17,0.8886319190193124,SBER
4311,swing,hl250,volume,17,0.8215376080988709,SBER
4311,swing,hl250,swing,17,0.8739007946871856,SBER
4461,touch,none,touch,7,,SBER
4461,touch,none,dwell,7,,SBER
4461,touch,none,volume,7,,SBER
4461,touch,none,swing,7,,SBER
4461,dwell,none,touch,7,,SBER
4461,dwell,none,dwell,7,,SBER
4461,dwell,none,volume,7,,SBER
4461,dwell,none,swing,7,,SBER
4461,volume,none,touch,7,,SBER
4461,volume,none,dwell,7,,SBER
4461,volume,none,volume,7,,SBER
4461,volume,none,swing,7,,SBER
4461,swing,none,touch,9,0.8217684186726509,SBER
4461,swing,none,dwell,7,,SBER
4461,swing,none,volume,7,,SBER
4461,swing,none,swing,7,,SBER
4461,touch,hl250,touch,7,,SBER
4461,touch,hl250,dwell,7,,SBER
4461,touch,hl250,volume,7,,SBER
4461,touch,hl250,swing,7,,SBER
4461,dwell,hl250,touch,7,,SBER
4461,dwell,hl250,dwell,7,,SBER
4461,dwell,hl250,volume,7,,SBER
4461,dwell,hl250,swing,7,,SBER
4461,volume,hl250,touch,7,,SBER
4461,volume,hl250,dwell,7,,SBER
4461,volume,hl250,volume,7,,SBER
4461,volume,hl250,swing,7,,SBER
4461,swing,hl250,touch,9,0.8315539012936052,SBER
4461,swing,hl250,dwell,7,,SBER
4461,swing,hl250,volume,7,,SBER
4461,swing,hl250,swing,7,,SBER
4611,touch,none,touch,8,0.9523342087852186,SBER
4611,touch,none,dwell,7,,SBER
4611,touch,none,volume,8,0.9634220737152376,SBER
4611,touch,none,swing,8,0.965666372283821,SBER
4611,dwell,none,touch,8,0.944842022032546,SBER
4611,dwell,none,dwell,7,,SBER
4611,dwell,none,volume,8,0.9549168022171919,SBER
4611,dwell,none,swing,8,0.9550432714992104,SBER
4611,volume,none,touch,8,0.861209735152926,SBER
4611,volume,none,dwell,7,,SBER
4611,volume,none,volume,8,0.8867944178290781,SBER
4611,volume,none,swing,8,0.8874561706776382,SBER
4611,swing,none,touch,10,0.9483220294204517,SBER
4611,swing,none,dwell,8,0.9406512575047413,SBER
4611,swing,none,volume,8,0.9508376327471466,SBER
4611,swing,none,swing,8,0.9537024543666962,SBER
4611,touch,hl250,touch,8,0.9372559274868076,SBER
4611,touch,hl250,dwell,7,,SBER
4611,touch,hl250,volume,8,0.9354258533083021,SBER
4611,touch,hl250,swing,8,0.9216807283092728,SBER
4611,dwell,hl250,touch,8,0.9092437770872226,SBER
4611,dwell,hl250,dwell,7,,SBER
4611,dwell,hl250,volume,8,0.9102939002000312,SBER
4611,dwell,hl250,swing,8,0.9011143988001942,SBER
4611,volume,hl250,touch,8,0.9264803773437058,SBER
4611,volume,hl250,dwell,7,,SBER
4611,volume,hl250,volume,8,0.9350028911166277,SBER
4611,volume,hl250,swing,8,0.9263190491672909,SBER
4611,swing,hl250,touch,10,0.9162336986137646,SBER
4611,swing,hl250,dwell,8,0.8714954211478326,SBER
4611,swing,hl250,volume,8,0.9022464963170956,SBER
4611,swing,hl250,swing,8,0.8862546612741802,SBER
2435,touch,none,touch,17,0.9128521848647071,VTBR
2435,touch,none,dwell,14,0.8163213642995533,VTBR
2435,touch,none,volume,17,0.863874490913123,VTBR
2435,touch,none,swing,15,0.8651203347547994,VTBR
2435,dwell,none,touch,17,0.9051397630141724,VTBR
2435,dwell,none,dwell,14,0.7946320742287344,VTBR
2435,dwell,none,volume,17,0.8678032907606152,VTBR
2435,dwell,none,swing,15,0.8603184891910682,VTBR
2435,volume,none,touch,17,0.6938048493687433,VTBR
2435,volume,none,dwell,14,0.5462061776938962,VTBR
2435,volume,none,volume,17,0.6900040830670201,VTBR
2435,volume,none,swing,15,0.6275470328314136,VTBR
2435,swing,none,touch,20,0.8943769808077865,VTBR
2435,swing,none,dwell,17,0.7803594943998997,VTBR
2435,swing,none,volume,17,0.8563204091737748,VTBR
2435,swing,none,swing,15,0.8351892732867364,VTBR
2435,touch,hl250,touch,17,0.948551712854247,VTBR
2435,touch,hl250,dwell,14,0.8753486674362673,VTBR
2435,touch,hl250,volume,17,0.9084160050529383,VTBR
2435,touch,hl250,swing,15,0.9131366507104047,VTBR
2435,dwell,hl250,touch,17,0.9391582823650154,VTBR
2435,dwell,hl250,dwell,14,0.8551118835732618,VTBR
2435,dwell,hl250,volume,17,0.9091058535050144,VTBR
2435,dwell,hl250,swing,15,0.9096219271372634,VTBR
2435,volume,hl250,touch,17,0.889282286907364,VTBR
2435,volume,hl250,dwell,14,0.7843783253844682,VTBR
2435,volume,hl250,volume,17,0.8725034510851941,VTBR
2435,volume,hl250,swing,15,0.8481678819553019,VTBR
2435,swing,hl250,touch,20,0.908834406936225,VTBR
2435,swing,hl250,dwell,17,0.8169949292101975,VTBR
2435,swing,hl250,volume,17,0.8763955029197954,VTBR
2435,swing,hl250,swing,15,0.8643186329044823,VTBR
2585,touch,none,touch,17,0.962422284400846,VTBR
2585,touch,none,dwell,14,0.9306468116123017,VTBR
2585,touch,none,volume,17,0.913156183237145,VTBR
2585,touch,none,swing,15,0.8562124387622335,VTBR
2585,dwell,none,touch,17,0.9437705687426738,VTBR
2585,dwell,none,dwell,14,0.9131297334535118,VTBR
2585,dwell,none,volume,17,0.9086484170220087,VTBR
2585,dwell,none,swing,15,0.8263762215995233,VTBR
2585,volume,none,touch,17,0.898285709307489,VTBR
2585,volume,none,dwell,14,0.8575221557236543,VTBR
2585,volume,none,volume,17,0.8442749863630733,VTBR
2585,volume,none,swing,15,0.8355126508558457,VTBR
2585,swing,none,touch,18,0.9272485504200391,VTBR
2585,swing,none,dwell,17,0.9142652137699465,VTBR
2585,swing,none,volume,17,0.9027727740620509,VTBR
2585,swing,none,swing,15,0.8164484026774774,VTBR
2585,touch,hl250,touch,17,0.9219256266937357,VTBR
2585,touch,hl250,dwell,14,0.8778083448732031,VTBR
2585,touch,hl250,volume,17,0.8862444673888435,VTBR
2585,touch,hl250,swing,15,0.7822344217558975,VTBR
2585,dwell,hl250,touch,17,0.8908656175412384,VTBR
2585,dwell,hl250,dwell,14,0.8431751345817378,VTBR
2585,dwell,hl250,volume,17,0.8514636347854927,VTBR
2585,dwell,hl250,swing,15,0.7311372390387546,VTBR
2585,volume,hl250,touch,17,0.9133967603601154,VTBR
2585,volume,hl250,dwell,14,0.8908098826823367,VTBR
2585,volume,hl250,volume,17,0.8727269411556535,VTBR
2585,volume,hl250,swing,15,0.7903994191372666,VTBR
2585,swing,hl250,touch,18,0.876903211719719,VTBR
2585,swing,hl250,dwell,17,0.8508409634748363,VTBR
2585,swing,hl250,volume,17,0.8569489555175046,VTBR
2585,swing,hl250,swing,15,0.7260145908204892,VTBR
2735,touch,none,touch,11,0.9024134648850739,VTBR
2735,touch,none,dwell,10,0.8765256301728965,VTBR
2735,touch,none,volume,11,0.5767894222294733,VTBR
2735,touch,none,swing,10,0.9041817553780892,VTBR
2735,dwell,none,touch,11,0.8901610044102022,VTBR
2735,dwell,none,dwell,10,0.899794268065091,VTBR
2735,dwell,none,volume,11,0.5715381425151199,VTBR
2735,dwell,none,swing,10,0.9029589466485092,VTBR
2735,volume,none,touch,11,0.8065960602183944,VTBR
2735,volume,none,dwell,10,0.9020215417194188,VTBR
2735,volume,none,volume,11,0.7001661543774031,VTBR
2735,volume,none,swing,10,0.8744842220000977,VTBR
2735,swing,none,touch,12,0.8754929979172447,VTBR
2735,swing,none,dwell,11,0.8997784862513918,VTBR
2735,swing,none,volume,11,0.5683488219037701,VTBR
2735,swing,none,swing,10,0.8650556016097021,VTBR
2735,touch,hl250,touch,11,0.8778554469239495,VTBR
2735,touch,hl250,dwell,10,0.8503657516892883,VTBR
2735,touch,hl250,volume,11,0.516338616758783,VTBR
2735,touch,hl250,swing,10,0.8801764387370068,VTBR
2735,dwell,hl250,touch,11,0.8615203788189606,VTBR
2735,dwell,hl250,dwell,10,0.8602495631637146,VTBR
2735,dwell,hl250,volume,11,0.507507546799841,VTBR
2735,dwell,hl250,swing,10,0.8796878690353083,VTBR
2735,volume,hl250,touch,11,0.8315358672196677,VTBR
2735,volume,hl250,dwell,10,0.8641262218093402,VTBR
2735,volume,hl250,volume,11,0.506780989401888,VTBR
2735,volume,hl250,swing,10,0.8079224679063366,VTBR
2735,swing,hl250,touch,12,0.8325068712797263,VTBR
2735,swing,hl250,dwell,11,0.845798729044204,VTBR
2735,swing,hl250,volume,11,0.4909468271265915,VTBR
2735,swing,hl250,swing,10,0.8135208055063454,VTBR
2885,touch,none,touch,13,0.8760216146545009,VTBR
2885,touch,none,dwell,11,0.8053137693697084,VTBR
2885,touch,none,volume,13,0.7488206724630083,VTBR
2885,touch,none,swing,11,0.846706213835434,VTBR
2885,dwell,none,touch,13,0.9046079086649873,VTBR
2885,dwell,none,dwell,11,0.8435326664312938,VTBR
2885,dwell,none,volume,13,0.7826515953091473,VTBR
2885,dwell,none,swing,11,0.8650190737520456,VTBR
2885,volume,none,touch,13,0.9023845294693407,VTBR
2885,volume,none,dwell,11,0.8367503633160667,VTBR
2885,volume,none,volume,13,0.7830134720525292,VTBR
2885,volume,none,swing,11,0.8243803574389593,VTBR
2885,swing,none,touch,16,0.9004948641797833,VTBR
2885,swing,none,dwell,13,0.8176348372717916,VTBR
2885,swing,none,volume,13,0.7223478539395732,VTBR
2885,swing,none,swing,11,0.8125550604456039,VTBR
2885,touch,hl250,touch,13,0.8573886419302941,VTBR
2885,touch,hl250,dwell,11,0.7768404002783834,VTBR
2885,touch,hl250,volume,13,0.7536418036100058,VTBR
2885,touch,hl250,swing,11,0.8296049035710698,VTBR
2885,dwell,hl250,touch,13,0.8759247174951709,VTBR
2885,dwell,hl250,dwell,11,0.7998506612244978,VTBR
2885,dwell,hl250,volume,13,0.7774873320782024,VTBR
2885,dwell,hl250,swing,11,0.8411157496849618,VTBR
2885,volume,hl250,touch,13,0.870153166632888,VTBR
2885,volume,hl250,dwell,11,0.7901456145957471,VTBR
2885,volume,hl250,volume,13,0.7375475827174062,VTBR
2885,volume,hl250,swing,11,0.7919809700896717,VTBR
2885,swing,hl250,touch,16,0.8877448152316766,VTBR
2885,swing,hl250,dwell,13,0.7946538560595154,VTBR
2885,swing,hl250,volume,13,0.7413506520047995,VTBR
2885,swing,hl250,swing,11,0.8162814323898658,VTBR
3035,touch,none,touch,17,0.9253678972886586,VTBR
3035,touch,none,dwell,17,0.8782631600263314,VTBR
3035,touch,none,volume,17,0.8876794715536643,VTBR
3035,touch,none,swing,19,0.8208864508886217,VTBR
3035,dwell,none,touch,15,0.8915506302722349,VTBR
3035,dwell,none,dwell,15,0.8460482846837475,VTBR
3035,dwell,none,volume,15,0.8571381893966492,VTBR
3035,dwell,none,swing,16,0.7764608112197192,VTBR
3035,volume,none,touch,17,0.9165515117590319,VTBR
3035,volume,none,dwell,17,0.878479523226179,VTBR
3035,volume,none,volume,17,0.9074366484073576,VTBR
3035,volume,none,swing,16,0.8002290697156281,VTBR
3035,swing,none,touch,15,0.8951899856942805,VTBR
3035,swing,none,dwell,15,0.845566634634328,VTBR
3035,swing,none,volume,15,0.8545333741607074,VTBR
3035,swing,none,swing,15,0.754847182193886,VTBR
3035,touch,hl250,touch,17,0.9202832421754025,VTBR
3035,touch,hl250,dwell,17,0.877857041037774,VTBR
3035,touch,hl250,volume,17,0.8956237438206732,VTBR
3035,touch,hl250,swing,19,0.8346470790969621,VTBR
3035,dwell,hl250,touch,15,0.8763689507415434,VTBR
3035,dwell,hl250,dwell,15,0.8400350667107127,VTBR
3035,dwell,hl250,volume,15,0.8638471269642206,VTBR
3035,dwell,hl250,swing,16,0.7871623817935435,VTBR
3035,volume,hl250,touch,17,0.8756974026676109,VTBR
3035,volume,hl250,dwell,17,0.850073368772037,VTBR
3035,volume,hl250,volume,17,0.906803685780211,VTBR
3035,volume,hl250,swing,16,0.790969423312537,VTBR
3035,swing,hl250,touch,15,0.8714765215336094,VTBR
3035,swing,hl250,dwell,15,0.8231992946847154,VTBR
3035,swing,hl250,volume,15,0.8566983523808422,VTBR
3035,swing,hl250,swing,15,0.7497338486242586,VTBR
3185,touch,none,touch,14,0.41222872812917016,VTBR
3185,touch,none,dwell,14,0.3265502082902327,VTBR
3185,touch,none,volume,14,0.20255728953982413,VTBR
3185,touch,none,swing,15,0.2639937664876662,VTBR
3185,dwell,none,touch,14,0.34550981926898106,VTBR
3185,dwell,none,dwell,14,0.26578687384293775,VTBR
3185,dwell,none,volume,14,0.15538187561493128,VTBR
3185,dwell,none,swing,14,0.1558996188996957,VTBR
3185,volume,none,touch,14,0.4229772165653845,VTBR
3185,volume,none,dwell,14,0.34702153484960685,VTBR
3185,volume,none,volume,14,0.26190444707362925,VTBR
3185,volume,none,swing,14,0.2423479980798351,VTBR
3185,swing,none,touch,13,0.3145869792730121,VTBR
3185,swing,none,dwell,12,0.13117058611257168,VTBR
3185,swing,none,volume,12,-0.02140521381664054,VTBR
3185,swing,none,swing,12,0.009427113993973845,VTBR
3185,touch,hl250,touch,14,0.4087468511633489,VTBR
3185,touch,hl250,dwell,14,0.32524041811213955,VTBR
3185,touch,hl250,volume,14,0.22663020645685428,VTBR
3185,touch,hl250,swing,15,0.28133772868453755,VTBR
3185,dwell,hl250,touch,14,0.3366805178707766,VTBR
3185,dwell,hl250,dwell,14,0.2663684834909766,VTBR
3185,dwell,hl250,volume,14,0.18598689832301715,VTBR
3185,dwell,hl250,swing,14,0.1707743058272567,VTBR
3185,volume,hl250,touch,14,0.3965951923744445,VTBR
3185,volume,hl250,dwell,14,0.32286208529606386,VTBR
3185,volume,hl250,volume,14,0.26426455649193914,VTBR
3185,volume,hl250,swing,14,0.22224955928883455,VTBR
3185,swing,hl250,touch,13,0.30876191491326194,VTBR
3185,swing,hl250,dwell,12,0.1252869258000397,VTBR
3185,swing,hl250,volume,12,0.02093392349219052,VTBR
3185,swing,hl250,swing,12,0.016026429388234124,VTBR
3335,touch,none,touch,18,0.7048816685624292,VTBR
3335,touch,none,dwell,14,0.6391214456471702,VTBR
3335,touch,none,volume,19,0.6291867414782486,VTBR
3335,touch,none,swing,18,0.6711302723907986,VTBR
3335,dwell,none,touch,17,0.6340462195157437,VTBR
3335,dwell,none,dwell,14,0.6032230587726687,VTBR
3335,dwell,none,volume,17,0.5158162123322594,VTBR
3335,dwell,none,swing,18,0.6183443920822528,VTBR
3335,volume,none,touch,18,0.5851807920352741,VTBR
3335,volume,none,dwell,14,0.6165784984570261,VTBR
3335,volume,none,volume,19,0.5057272614851203,VTBR
3335,volume,none,swing,18,0.5232678890068558,VTBR
3335,swing,none,touch,20,0.7099308196902142,VTBR
3335,swing,none,dwell,18,0.6794286401142614,VTBR
3335,swing,none,volume,18,0.5962616761134311,VTBR
3335,swing,none,swing,17,0.633832308168439,VTBR
3335,touch,hl250,touch,18,0.6831888353224136,VTBR
3335,touch,hl250,dwell,14,0.6552922667006981,VTBR
3335,touch,hl250,volume,19,0.623723516537113,VTBR
3335,touch,hl250,swing,18,0.6504510285812138,VTBR
3335,dwell,hl250,touch,17,0.6162348261034442,VTBR
3335,dwell,hl250,dwell,14,0.6874659008324845,VTBR
3335,dwell,hl250,volume,17,0.5038048813513222,VTBR
3335,dwell,hl250,swing,18,0.5914369510678239,VTBR
3335,volume,hl250,touch,18,0.4557948614960962,VTBR
3335,volume,hl250,dwell,14,0.6055887175363536,VTBR
3335,volume,hl250,volume,19,0.3825132296677981,VTBR
3335,volume,hl250,swing,18,0.37901799256987556,VTBR
3335,swing,hl250,touch,20,0.6782778036480507,VTBR
3335,swing,hl250,dwell,18,0.6337643932506875,VTBR
3335,swing,hl250,volume,18,0.5702318030404409,VTBR
3335,swing,hl250,swing,17,0.5783164559644179,VTBR
3485,touch,none,touch,28,0.9073551108905542,VTBR
3485,touch,none,dwell,19,0.8047601974682974,VTBR
3485,touch,none,volume,25,0.6903958278807012,VTBR
3485,touch,none,swing,22,0.8271487883549485,VTBR
3485,dwell,none,touch,17,0.8623424193428522,VTBR
3485,dwell,none,dwell,15,0.7654467350964523,VTBR
3485,dwell,none,volume,17,0.7200753257655406,VTBR
3485,dwell,none,swing,22,0.8252087553458626,VTBR
3485,volume,none,touch,26,0.8056175647570777,VTBR
3485,volume,none,dwell,19,0.7070080700486534,VTBR
3485,volume,none,volume,24,0.6167615690872253,VTBR
3485,volume,none,swing,22,0.7323008794414672,VTBR
3485,swing,none,touch,24,0.8848366535475957,VTBR
3485,swing,none,dwell,21,0.811569557845722,VTBR
3485,swing,none,volume,21,0.7130676082949071,VTBR
3485,swing,none,swing,19,0.8033059264681092,VTBR
3485,touch,hl250,touch,28,0.8447227071154484,VTBR
3485,touch,hl250,dwell,19,0.6802711861564472,VTBR
3485,touch,hl250,volume,25,0.6867019705332741,VTBR
3485,touch,hl250,swing,22,0.7390215378873646,VTBR
3485,dwell,hl250,touch,17,0.76299079074908,VTBR
3485,dwell,hl250,dwell,15,0.6068736139798393,VTBR
3485,dwell,hl250,volume,17,0.7526453411184209,VTBR
3485,dwell,hl250,swing,22,0.7350530983633021,VTBR
3485,volume,hl250,touch,26,0.7205450136635428,VTBR
3485,volume,hl250,dwell,19,0.55758130433933,VTBR
3485,volume,hl250,volume,24,0.5916306431608274,VTBR
3485,volume,hl250,swing,22,0.6269924492987353,VTBR
3485,swing,hl250,touch,24,0.7883569949685295,VTBR
3485,swing,hl250,dwell,21,0.6752304579032713,VTBR
3485,swing,hl250,volume,21,0.6828160604368889,VTBR
3485,swing,hl250,swing,19,0.6566646293845066,VTBR
3635,touch,none,touch,24,0.635276597666175,VTBR
3635,touch,none,dwell,20,0.5568750499109647,VTBR
3635,touch,none,volume,23,0.3861763787788212,VTBR
3635,touch,none,swing,19,0.5244404828257182,VTBR
3635,dwell,none,touch,20,0.6025367680705936,VTBR
3635,dwell,none,dwell,17,0.518959113435077,VTBR
3635,dwell,none,volume,20,0.3694238859610009,VTBR
3635,dwell,none,swing,19,0.5038198403997871,VTBR
3635,volume,none,touch,24,0.5645453596877854,VTBR
3635,volume,none,dwell,20,0.45740780603981296,VTBR
3635,volume,none,volume,23,0.33995117312193773,VTBR
3635,volume,none,swing,19,0.40585287957086913,VTBR
3635,swing,none,touch,23,0.6392451674864638,VTBR
3635,swing,none,dwell,22,0.5777256440413181,VTBR
3635,swing,none,volume,22,0.4119700579233864,VTBR
3635,swing,none,swing,18,0.5013664310207454,VTBR
3635,touch,hl250,touch,24,0.4900977775562155,VTBR
3635,touch,hl250,dwell,20,0.41916022252230767,VTBR
3635,touch,hl250,volume,23,0.2594724390959829,VTBR
3635,touch,hl250,swing,19,0.3972463516952453,VTBR
3635,dwell,hl250,touch,20,0.4710059189507669,VTBR
3635,dwell,hl250,dwell,17,0.3847806255675289,VTBR
3635,dwell,hl250,volume,20,0.26911357961948956,VTBR
3635,dwell,hl250,swing,19,0.3960793967000043,VTBR
3635,volume,hl250,touch,24,0.35852364649769025,VTBR
3635,volume,hl250,dwell,20,0.23964531197925215,VTBR
3635,volume,hl250,volume,23,0.15240815672204575,VTBR
3635,volume,hl250,swing,19,0.22191218049650088,VTBR
3635,swing,hl250,touch,23,0.5172132395774146,VTBR
3635,swing,hl250,dwell,22,0.4451205098487903,VTBR
3635,swing,hl250,volume,22,0.32371485843183473,VTBR
3635,swing,hl250,swing,18,0.37796940326147527,VTBR
3785,touch,none,touch,17,0.7839813215785023,VTBR
3785,touch,none,dwell,11,0.2633243249852872,VTBR
3785,touch,none,volume,17,0.5532252464805109,VTBR
3785,touch,none,swing,17,0.6410923243639428,VTBR
3785,dwell,none,touch,17,0.7440110928380526,VTBR
3785,dwell,none,dwell,11,0.2117386780004993,VTBR
3785,dwell,none,volume,17,0.5205270724933327,VTBR
3785,dwell,none,swing,17,0.589347412964547,VTBR
3785,volume,none,touch,17,0.7423933921899034,VTBR
3785,volume,none,dwell,11,0.06958640338710223,VTBR
3785,volume,none,volume,17,0.5414181676033583,VTBR
3785,volume,none,swing,17,0.5577721920991994,VTBR
3785,swing,none,touch,17,0.7322751107029468,VTBR
3785,swing,none,dwell,17,0.6660943805521395,VTBR
3785,swing,none,volume,17,0.5504907425892288,VTBR
3785,swing,none,swing,17,0.5837142049970457,VTBR
3785,touch,hl250,touch,17,0.7932995038987067,VTBR
3785,touch,hl250,dwell,11,0.3400012441580156,VTBR
3785,touch,hl250,volume,17,0.535239391930524,VTBR
3785,touch,hl250,swing,17,0.6678340730620038,VTBR
3785,dwell,hl250,touch,17,0.7867723464083791,VTBR
3785,dwell,hl250,dwell,11,0.32906175353915723,VTBR
3785,dwell,hl250,volume,17,0.557221642437161,VTBR
3785,dwell,hl250,swing,17,0.6477974533178673,VTBR
3785,volume,hl250,touch,17,0.6527281178574006,VTBR
3785,volume,hl250,dwell,11,-0.029017837899477948,VTBR
3785,volume,hl250,volume,17,0.40985072753670276,VTBR
3785,volume,hl250,swing,17,0.46349181168304826,VTBR
3785,swing,hl250,touch,17,0.7674992393243967,VTBR
3785,swing,hl250,dwell,17,0.715083112760059,VTBR
3785,swing,hl250,volume,17,0.5787106221303874,VTBR
3785,swing,hl250,swing,17,0.6187667063558232,VTBR
3935,touch,none,touch,13,0.6010334792065118,VTBR
3935,touch,none,dwell,11,0.20914871604851423,VTBR
3935,touch,none,volume,13,0.5514844137921188,VTBR
3935,touch,none,swing,13,0.6474129687231077,VTBR
3935,dwell,none,touch,13,0.538371325866112,VTBR
3935,dwell,none,dwell,11,0.12191538681840706,VTBR
3935,dwell,none,volume,13,0.47217344647055093,VTBR
3935,dwell,none,swing,13,0.6098108360081728,VTBR
3935,volume,none,touch,13,0.23862049131902302,VTBR
3935,volume,none,dwell,11,-0.37520793413693,VTBR
3935,volume,none,volume,13,0.26026011546050193,VTBR
3935,volume,none,swing,13,0.3347949399157968,VTBR
3935,swing,none,touch,15,0.6562715554230178,VTBR
3935,swing,none,dwell,13,0.5263066300221809,VTBR
3935,swing,none,volume,13,0.5130254398170081,VTBR
3935,swing,none,swing,13,0.596149023976743,VTBR
3935,touch,hl250,touch,13,0.4225564904877846,VTBR
3935,touch,hl250,dwell,11,-0.03844888011348178,VTBR
3935,touch,hl250,volume,13,0.4570423834265372,VTBR
3935,touch,hl250,swing,13,0.5152265997781714,VTBR
3935,dwell,hl250,touch,13,0.418628289810974,VTBR
3935,dwell,hl250,dwell,11,0.006092646119369769,VTBR
3935,dwell,hl250,volume,13,0.44440741460648503,VTBR
3935,dwell,hl250,swing,13,0.535056607497614,VTBR
3935,volume,hl250,touch,13,-0.028064894310523055,VTBR
3935,volume,hl250,dwell,11,-0.5691673399016209,VTBR
3935,volume,hl250,volume,13,0.09177163614834297,VTBR
3935,volume,hl250,swing,13,0.07383559259548399,VTBR
3935,swing,hl250,touch,15,0.5347763456123351,VTBR
3935,swing,hl250,dwell,13,0.42085445837483576,VTBR
3935,swing,hl250,volume,13,0.49034809373241506,VTBR
3935,swing,hl250,swing,13,0.5146752258457178,VTBR
4085,touch,none,touch,17,0.8137740331767063,VTBR
4085,touch,none,dwell,12,0.6695851477860042,VTBR
4085,touch,none,volume,16,0.7670412926445425,VTBR
4085,touch,none,swing,15,0.8187534077234883,VTBR
4085,dwell,none,touch,17,0.790493205551454,VTBR
4085,dwell,none,dwell,12,0.6225933491711887,VTBR
4085,dwell,none,volume,16,0.7289076690779833,VTBR
4085,dwell,none,swing,15,0.8088400271659572,VTBR
4085,volume,none,touch,17,0.6102298004043253,VTBR
4085,volume,none,dwell,12,0.24886088760485264,VTBR
4085,volume,none,volume,16,0.564849365130597,VTBR
4085,volume,none,swing,15,0.5897077650850567,VTBR
4085,swing,none,touch,18,0.7616014162866154,VTBR
4085,swing,none,dwell,16,0.7056152650502152,VTBR
4085,swing,none,volume,16,0.699456158583298,VTBR
4085,swing,none,swing,15,0.7620455398372622,VTBR
4085,touch,hl250,touch,17,0.7303344014928764,VTBR
4085,touch,hl250,dwell,12,0.49179054509836734,VTBR
4085,touch,hl250,volume,16,0.7326786506613471,VTBR
4085,touch,hl250,swing,15,0.719505477455572,VTBR
4085,dwell,hl250,touch,17,0.7106741676529806,VTBR
4085,dwell,hl250,dwell,12,0.44520444912709217,VTBR
4085,dwell,hl250,volume,16,0.7255112512335282,VTBR
4085,dwell,hl250,swing,15,0.7153320627367693,VTBR
4085,volume,hl250,touch,17,0.4692637853012709,VTBR
4085,volume,hl250,dwell,12,-0.07991439862294407,VTBR
4085,volume,hl250,volume,16,0.46785783711956347,VTBR
4085,volume,hl250,swing,15,0.41804779264016284,VTBR
4085,swing,hl250,touch,18,0.6751637281112346,VTBR
4085,swing,hl250,dwell,16,0.5970850372828727,VTBR
4085,swing,hl250,volume,16,0.663634169767993,VTBR
4085,swing,hl250,swing,15,0.6810425207020001,VTBR
4235,touch,none,touch,28,0.8757170151942659,VTBR
4235,touch,none,dwell,19,0.7673969424924764,VTBR
4235,touch,none,volume,27,0.5874566530081384,VTBR
4235,touch,none,swing,26,0.734496233111024,VTBR
4235,dwell,none,touch,25,0.8582324855956844,VTBR
4235,dwell,none,dwell,18,0.7513975338660911,VTBR
4235,dwell,none,volume,25,0.5617130921717298,VTBR
4235,dwell,none,swing,26,0.7519333546920733,VTBR
4235,volume,none,touch,27,0.8594625413492909,VTBR
4235,volume,none,dwell,19,0.7194670314176936,VTBR
4235,volume,none,volume,27,0.5757173136922575,VTBR
4235,volume,none,swing,26,0.7053625942137165,VTBR
4235,swing,none,touch,26,0.8453093576748911,VTBR
4235,swing,none,dwell,25,0.8011374116126366,VTBR
4235,swing,none,volume,25,0.5377238499428294,VTBR
4235,swing,none,swing,24,0.6993546678270253,VTBR
4235,touch,hl250,touch,28,0.8827041354317414,VTBR
4235,touch,hl250,dwell,19,0.79757737735575,VTBR
4235,touch,hl250,volume,27,0.5958749332188684,VTBR
4235,touch,hl250,swing,26,0.7390408439573206,VTBR
4235,dwell,hl250,touch,25,0.868682676484428,VTBR
4235,dwell,hl250,dwell,18,0.7997911404021072,VTBR
4235,dwell,hl250,volume,25,0.5794565970139838,VTBR
4235,dwell,hl250,swing,26,0.7593468441020753,VTBR
4235,volume,hl250,touch,27,0.8593790817843826,VTBR
4235,volume,hl250,dwell,19,0.7481726573985102,VTBR
4235,volume,hl250,volume,27,0.5871876063069512,VTBR
4235,volume,hl250,swing,26,0.7112308155083185,VTBR
4235,swing,hl250,touch,26,0.8468966129205159,VTBR
4235,swing,hl250,dwell,25,0.8165330355269929,VTBR
4235,swing,hl250,volume,25,0.5596791788218196,VTBR
4235,swing,hl250,swing,24,0.6938813938387473,VTBR
4385,touch,none,touch,24,0.7596560232319494,VTBR
4385,touch,none,dwell,17,0.6478090260719491,VTBR
4385,touch,none,volume,24,0.6718478299131649,VTBR
4385,touch,none,swing,22,0.7287654254581061,VTBR
4385,dwell,none,touch,20,0.7497062051534408,VTBR
4385,dwell,none,dwell,16,0.6691477386636157,VTBR
4385,dwell,none,volume,21,0.660529592827523,VTBR
4385,dwell,none,swing,21,0.7653599397114353,VTBR
4385,volume,none,touch,22,0.6871504346676284,VTBR
4385,volume,none,dwell,17,0.5737062445347877,VTBR
4385,volume,none,volume,23,0.5925349113795294,VTBR
4385,volume,none,swing,21,0.6911390831546648,VTBR
4385,swing,none,touch,27,0.8166948631658759,VTBR
4385,swing,none,dwell,22,0.7543898162196323,VTBR
4385,swing,none,volume,22,0.6773933244386325,VTBR
4385,swing,none,swing,20,0.7700358058302456,VTBR
4385,touch,hl250,touch,24,0.7427198625621876,VTBR
4385,touch,hl250,dwell,17,0.642696359021851,VTBR
4385,touch,hl250,volume,24,0.6609591652054976,VTBR
4385,touch,hl250,swing,22,0.7131091070513564,VTBR
4385,dwell,hl250,touch,20,0.7086890579004095,VTBR
4385,dwell,hl250,dwell,16,0.6510149372357269,VTBR
4385,dwell,hl250,volume,21,0.6422619070129956,VTBR
4385,dwell,hl250,swing,21,0.7416651116037484,VTBR
4385,volume,hl250,touch,22,0.711246641648018,VTBR
4385,volume,hl250,dwell,17,0.6139770178220008,VTBR
4385,volume,hl250,volume,23,0.6327446491114964,VTBR
4385,volume,hl250,swing,21,0.7359180048436423,VTBR
4385,swing,hl250,touch,27,0.7707549608059476,VTBR
4385,swing,hl250,dwell,22,0.7164264819704561,VTBR
4385,swing,hl250,volume,22,0.6532889262841813,VTBR
4385,swing,hl250,swing,20,0.7266722604852827,VTBR
4535,touch,none,touch,14,0.8603777733588075,VTBR
4535,touch,none,dwell,11,0.7471280373266994,VTBR
4535,touch,none,volume,13,0.5599342246453074,VTBR
4535,touch,none,swing,13,0.7353785368387967,VTBR
4535,dwell,none,touch,14,0.8616024098164472,VTBR
4535,dwell,none,dwell,11,0.7380711873506788,VTBR
4535,dwell,none,volume,13,0.589093875142002,VTBR
4535,dwell,none,swing,13,0.7203068197141995,VTBR
4535,volume,none,touch,14,0.7422059078793645,VTBR
4535,volume,none,dwell,11,0.49966333443987,VTBR
4535,volume,none,volume,13,0.5575726413026468,VTBR
4535,volume,none,swing,13,0.6393819021766559,VTBR
4535,swing,none,touch,17,0.8801255848207986,VTBR
4535,swing,none,dwell,13,0.7922146901029401,VTBR
4535,swing,none,volume,13,0.5669366399271564,VTBR
4535,swing,none,swing,13,0.7144285361632888,VTBR
4535,touch,hl250,touch,14,0.8738635707255903,VTBR
4535,touch,hl250,dwell,11,0.8190305375650735,VTBR
4535,touch,hl250,volume,13,0.5881610203537303,VTBR
4535,touch,hl250,swing,13,0.7537476318803632,VTBR
4535,dwell,hl250,touch,14,0.8339718153314403,VTBR
4535,dwell,hl250,dwell,11,0.7607380915733668,VTBR
4535,dwell,hl250,volume,13,0.5684971763977316,VTBR
4535,dwell,hl250,swing,13,0.6848873683534495,VTBR
4535,volume,hl250,touch,14,0.7489038462836645,VTBR
4535,volume,hl250,dwell,11,0.5325865404585294,VTBR
4535,volume,hl250,volume,13,0.549447400375076,VTBR
4535,volume,hl250,swing,13,0.6184537933866702,VTBR
4535,swing,hl250,touch,17,0.8577530582505694,VTBR
4535,swing,hl250,dwell,13,0.7769232135789803,VTBR
4535,swing,hl250,volume,13,0.5413712141380304,VTBR
4535,swing,hl250,swing,13,0.6623566184157077,VTBR
