origin,past_metric,decay,future_metric,n_bins,corr,ticker
3505,touch,none,touch,9,0.34193421648913414,CHMF
3505,touch,none,dwell,9,0.15257307162833558,CHMF
3505,touch,none,volume,10,-0.11620199696779462,CHMF
3505,touch,none,swing,8,0.0035597277161613125,CHMF
3505,dwell,none,touch,8,-0.042940845369084,CHMF
3505,dwell,none,dwell,8,-0.04216665859693558,CHMF
3505,dwell,none,volume,9,-0.1400978894571911,CHMF
3505,dwell,none,swing,7,,CHMF
3505,volume,none,touch,9,0.34492761330286115,CHMF
3505,volume,none,dwell,9,0.1667991379372188,CHMF
3505,volume,none,volume,10,-0.10803341724516084,CHMF
3505,volume,none,swing,7,,CHMF
3505,swing,none,touch,10,0.2658954251615479,CHMF
3505,swing,none,dwell,10,0.06661124380747871,CHMF
3505,swing,none,volume,10,-0.2580159701870501,CHMF
3505,swing,none,swing,7,,CHMF
3505,touch,hl60,touch,9,0.2274418299717206,CHMF
3505,touch,hl60,dwell,9,0.10206015220274643,CHMF
3505,touch,hl60,volume,10,-0.2207813670069274,CHMF
3505,touch,hl60,swing,8,0.24050850712664013,CHMF
3505,dwell,hl60,touch,8,-0.19001123577048587,CHMF
3505,dwell,hl60,dwell,8,-0.09357089846074738,CHMF
3505,dwell,hl60,volume,9,-0.2544591265660787,CHMF
3505,dwell,hl60,swing,7,,CHMF
3505,volume,hl60,touch,9,0.17517727399902422,CHMF
3505,volume,hl60,dwell,9,0.07283969414194157,CHMF
3505,volume,hl60,volume,10,-0.2801390176654952,CHMF
3505,volume,hl60,swing,7,,CHMF
3505,swing,hl60,touch,10,0.19797020440589233,CHMF
3505,swing,hl60,dwell,10,0.053607049539783284,CHMF
3505,swing,hl60,volume,10,-0.3261203260464256,CHMF
3505,swing,hl60,swing,7,,CHMF
3565,touch,none,touch,5,,CHMF
3565,touch,none,dwell,4,,CHMF
3565,touch,none,volume,5,,CHMF
3565,touch,none,swing,6,,CHMF
3565,dwell,none,touch,4,,CHMF
3565,dwell,none,dwell,3,,CHMF
3565,dwell,none,volume,4,,CHMF
3565,dwell,none,swing,5,,CHMF
3565,volume,none,touch,5,,CHMF
3565,volume,none,dwell,4,,CHMF
3565,volume,none,volume,5,,CHMF
3565,volume,none,swing,5,,CHMF
3565,swing,none,touch,6,,CHMF
3565,swing,none,dwell,5,,CHMF
3565,swing,none,volume,5,,CHMF
3565,swing,none,swing,5,,CHMF
3565,touch,hl60,touch,5,,CHMF
3565,touch,hl60,dwell,4,,CHMF
3565,touch,hl60,volume,5,,CHMF
3565,touch,hl60,swing,6,,CHMF
3565,dwell,hl60,touch,4,,CHMF
3565,dwell,hl60,dwell,3,,CHMF
3565,dwell,hl60,volume,4,,CHMF
3565,dwell,hl60,swing,5,,CHMF
3565,volume,hl60,touch,5,,CHMF
3565,volume,hl60,dwell,4,,CHMF
3565,volume,hl60,volume,5,,CHMF
3565,volume,hl60,swing,5,,CHMF
3565,swing,hl60,touch,6,,CHMF
3565,swing,hl60,dwell,5,,CHMF
3565,swing,hl60,volume,5,,CHMF
3565,swing,hl60,swing,5,,CHMF
3625,touch,none,touch,8,-0.44969244275584636,CHMF
3625,touch,none,dwell,7,,CHMF
3625,touch,none,volume,8,-0.6643683934662534,CHMF
3625,touch,none,swing,8,-0.049554987043176686,CHMF
3625,dwell,none,touch,7,,CHMF
3625,dwell,none,dwell,6,,CHMF
3625,dwell,none,volume,7,,CHMF
3625,dwell,none,swing,8,-0.2881424674150125,CHMF
3625,volume,none,touch,8,-0.18171100818681715,CHMF
3625,volume,none,dwell,7,,CHMF
3625,volume,none,volume,8,-0.5986985274949457,CHMF
3625,volume,none,swing,8,-0.3451701200478508,CHMF
3625,swing,none,touch,8,-0.07359082844345921,CHMF
3625,swing,none,dwell,8,-0.24821685178524686,CHMF
3625,swing,none,volume,8,-0.4849569100538943,CHMF
3625,swing,none,swing,8,-0.0016185023013288156,CHMF
3625,touch,hl60,touch,8,0.1339504946237358,CHMF
3625,touch,hl60,dwell,7,,CHMF
3625,touch,hl60,volume,8,-0.06136428642826627,CHMF
3625,touch,hl60,swing,8,0.03615514080586038,CHMF
3625,dwell,hl60,touch,7,,CHMF
3625,dwell,hl60,dwell,6,,CHMF
3625,dwell,hl60,volume,7,,CHMF
3625,dwell,hl60,swing,8,-0.20111057687929926,CHMF
3625,volume,hl60,touch,8,0.2519887699793687,CHMF
3625,volume,hl60,dwell,7,,CHMF
3625,volume,hl60,volume,8,-0.11105252929984709,CHMF
3625,volume,hl60,swing,8,-0.148947029059153,CHMF
3625,swing,hl60,touch,8,0.32320518531677045,CHMF
3625,swing,hl60,dwell,8,-0.04551721950471105,CHMF
3625,swing,hl60,volume,8,0.024594023327735137,CHMF
3625,swing,hl60,swing,8,-0.02983048157650433,CHMF
3685,touch,none,touch,10,0.2131614481193376,CHMF
3685,touch,none,dwell,9,0.20882255670209723,CHMF
3685,touch,none,volume,10,0.2259626393789065,CHMF
3685,touch,none,swing,11,0.4904441203146774,CHMF
3685,dwell,none,touch,7,,CHMF
3685,dwell,none,dwell,7,,CHMF
3685,dwell,none,volume,7,,CHMF
3685,dwell,none,swing,9,0.40710609102469075,CHMF
3685,volume,none,touch,9,0.3496415951906154,CHMF
3685,volume,none,dwell,8,0.21945563157197132,CHMF
3685,volume,none,volume,9,0.2897796435203998,CHMF
3685,volume,none,swing,9,0.4811014669099954,CHMF
3685,swing,none,touch,9,0.18011468904203154,CHMF
3685,swing,none,dwell,9,0.24964129636517746,CHMF
3685,swing,none,volume,9,0.20350349247229826,CHMF
3685,swing,none,swing,9,0.3600528472118922,CHMF
3685,touch,hl60,touch,10,0.019195668138347787,CHMF
3685,touch,hl60,dwell,9,-0.012265853442383139,CHMF
3685,touch,hl60,volume,10,0.05527971429672312,CHMF
3685,touch,hl60,swing,11,0.2835553008732004,CHMF
3685,dwell,hl60,touch,7,,CHMF
3685,dwell,hl60,dwell,7,,CHMF
3685,dwell,hl60,volume,7,,CHMF
3685,dwell,hl60,swing,9,0.17059121262926796,CHMF
3685,volume,hl60,touch,9,0.0566209069692415,CHMF
3685,volume,hl60,dwell,8,-0.18788860007063807,CHMF
3685,volume,hl60,volume,9,0.02107752190605292,CHMF
3685,volume,hl60,swing,9,0.11369721724308357,CHMF
3685,swing,hl60,touch,9,-0.0839694339861967,CHMF
3685,swing,hl60,dwell,9,-0.004657060915528144,CHMF
3685,swing,hl60,volume,9,-0.019532318552773608,CHMF
3685,swing,hl60,swing,9,0.06822666777440646,CHMF
3745,touch,none,touch,13,0.37222094583160753,CHMF
3745,touch,none,dwell,10,0.15445440037634633,CHMF
3745,touch,none,volume,13,0.5256695759084387,CHMF
3745,touch,none,swing,12,0.22304941472802084,CHMF
3745,dwell,none,touch,13,0.4391788979801928,CHMF
3745,dwell,none,dwell,10,0.27542343901049815,CHMF
3745,dwell,none,volume,13,0.612846457042303,CHMF
3745,dwell,none,swing,12,0.3211968897631239,CHMF
3745,volume,none,touch,13,0.3844288786995216,CHMF
3745,volume,none,dwell,10,0.2125479088682814,CHMF
3745,volume,none,volume,13,0.5427335244882794,CHMF
3745,volume,none,swing,12,0.28904549712168603,CHMF
3745,swing,none,touch,13,0.3408938674156629,CHMF
3745,swing,none,dwell,13,0.42277498493142196,CHMF
3745,swing,none,volume,13,0.5024653624218445,CHMF
3745,swing,none,swing,12,0.230147133215677,CHMF
3745,touch,hl60,touch,13,0.23064705915971614,CHMF
3745,touch,hl60,dwell,10,0.06357745951413728,CHMF
3745,touch,hl60,volume,13,0.360696204534251,CHMF
3745,touch,hl60,swing,12,0.02825981535493586,CHMF
3745,dwell,hl60,touch,13,0.29735238531828634,CHMF
3745,dwell,hl60,dwell,10,0.017752270160734534,CHMF
3745,dwell,hl60,volume,13,0.3943422811164934,CHMF
3745,dwell,hl60,swing,12,0.011389792593370902,CHMF
3745,volume,hl60,touch,13,0.23069794547577896,CHMF
3745,volume,hl60,dwell,10,-0.039718463652284014,CHMF
3745,volume,hl60,volume,13,0.32248589395286753,CHMF
3745,volume,hl60,swing,12,-0.03079801780947442,CHMF
3745,swing,hl60,touch,13,0.39250625780215176,CHMF
3745,swing,hl60,dwell,13,0.38996595264809,CHMF
3745,swing,hl60,volume,13,0.47982163391407334,CHMF
3745,swing,hl60,swing,12,0.1159640772986601,CHMF
3805,touch,none,touch,5,,CHMF
3805,touch,none,dwell,4,,CHMF
3805,touch,none,volume,5,,CHMF
3805,touch,none,swing,6,,CHMF
3805,dwell,none,touch,5,,CHMF
3805,dwell,none,dwell,4,,CHMF
3805,dwell,none,volume,5,,CHMF
3805,dwell,none,swing,5,,CHMF
3805,volume,none,touch,5,,CHMF
3805,volume,none,dwell,4,,CHMF
3805,volume,none,volume,5,,CHMF
3805,volume,none,swing,5,,CHMF
3805,swing,none,touch,5,,CHMF
3805,swing,none,dwell,5,,CHMF
3805,swing,none,volume,5,,CHMF
3805,swing,none,swing,5,,CHMF
3805,touch,hl60,touch,5,,CHMF
3805,touch,hl60,dwell,4,,CHMF
3805,touch,hl60,volume,5,,CHMF
3805,touch,hl60,swing,6,,CHMF
3805,dwell,hl60,touch,5,,CHMF
3805,dwell,hl60,dwell,4,,CHMF
3805,dwell,hl60,volume,5,,CHMF
3805,dwell,hl60,swing,5,,CHMF
3805,volume,hl60,touch,5,,CHMF
3805,volume,hl60,dwell,4,,CHMF
3805,volume,hl60,volume,5,,CHMF
3805,volume,hl60,swing,5,,CHMF
3805,swing,hl60,touch,5,,CHMF
3805,swing,hl60,dwell,5,,CHMF
3805,swing,hl60,volume,5,,CHMF
3805,swing,hl60,swing,5,,CHMF
3865,touch,none,touch,1,,CHMF
3865,touch,none,dwell,1,,CHMF
3865,touch,none,volume,1,,CHMF
3865,touch,none,swing,2,,CHMF
3865,dwell,none,touch,1,,CHMF
3865,dwell,none,dwell,1,,CHMF
3865,dwell,none,volume,1,,CHMF
3865,dwell,none,swing,1,,CHMF
3865,volume,none,touch,1,,CHMF
3865,volume,none,dwell,1,,CHMF
3865,volume,none,volume,1,,CHMF
3865,volume,none,swing,1,,CHMF
3865,swing,none,touch,2,,CHMF
3865,swing,none,dwell,1,,CHMF
3865,swing,none,volume,1,,CHMF
3865,swing,none,swing,1,,CHMF
3865,touch,hl60,touch,1,,CHMF
3865,touch,hl60,dwell,1,,CHMF
3865,touch,hl60,volume,1,,CHMF
3865,touch,hl60,swing,2,,CHMF
3865,dwell,hl60,touch,1,,CHMF
3865,dwell,hl60,dwell,1,,CHMF
3865,dwell,hl60,volume,1,,CHMF
3865,dwell,hl60,swing,1,,CHMF
3865,volume,hl60,touch,1,,CHMF
3865,volume,hl60,dwell,1,,CHMF
3865,volume,hl60,volume,1,,CHMF
3865,volume,hl60,swing,1,,CHMF
3865,swing,hl60,touch,2,,CHMF
3865,swing,hl60,dwell,1,,CHMF
3865,swing,hl60,volume,1,,CHMF
3865,swing,hl60,swing,1,,CHMF
3925,touch,none,touch,4,,CHMF
3925,touch,none,dwell,3,,CHMF
3925,touch,none,volume,4,,CHMF
3925,touch,none,swing,4,,CHMF
3925,dwell,none,touch,3,,CHMF
3925,dwell,none,dwell,2,,CHMF
3925,dwell,none,volume,3,,CHMF
3925,dwell,none,swing,3,,CHMF
3925,volume,none,touch,3,,CHMF
3925,volume,none,dwell,2,,CHMF
3925,volume,none,volume,3,,CHMF
3925,volume,none,swing,3,,CHMF
3925,swing,none,touch,4,,CHMF
3925,swing,none,dwell,3,,CHMF
3925,swing,none,volume,3,,CHMF
3925,swing,none,swing,3,,CHMF
3925,touch,hl60,touch,4,,CHMF
3925,touch,hl60,dwell,3,,CHMF
3925,touch,hl60,volume,4,,CHMF
3925,touch,hl60,swing,4,,CHMF
3925,dwell,hl60,touch,3,,CHMF
3925,dwell,hl60,dwell,2,,CHMF
3925,dwell,hl60,volume,3,,CHMF
3925,dwell,hl60,swing,3,,CHMF
3925,volume,hl60,touch,3,,CHMF
3925,volume,hl60,dwell,2,,CHMF
3925,volume,hl60,volume,3,,CHMF
3925,volume,hl60,swing,3,,CHMF
3925,swing,hl60,touch,4,,CHMF
3925,swing,hl60,dwell,3,,CHMF
3925,swing,hl60,volume,3,,CHMF
3925,swing,hl60,swing,3,,CHMF
3985,touch,none,touch,10,-0.10558235258733642,CHMF
3985,touch,none,dwell,8,-0.128713880712757,CHMF
3985,touch,none,volume,10,-0.14779589976506607,CHMF
3985,touch,none,swing,11,-0.3197059349312208,CHMF
3985,dwell,none,touch,5,,CHMF
3985,dwell,none,dwell,5,,CHMF
3985,dwell,none,volume,5,,CHMF
3985,dwell,none,swing,9,0.041636069582376055,CHMF
3985,volume,none,touch,10,0.006313852294140581,CHMF
3985,volume,none,dwell,8,-0.1236099727471216,CHMF
3985,volume,none,volume,10,0.017417489985862015,CHMF
3985,volume,none,swing,9,0.016376277116711916,CHMF
3985,swing,none,touch,8,-0.19498494088563156,CHMF
3985,swing,none,dwell,7,,CHMF
3985,swing,none,volume,7,,CHMF
3985,swing,none,swing,7,,CHMF
3985,touch,hl60,touch,10,-0.03290024968580263,CHMF
3985,touch,hl60,dwell,8,-0.07488208761575116,CHMF
3985,touch,hl60,volume,10,-0.07818955189100095,CHMF
3985,touch,hl60,swing,11,-0.23394706176290694,CHMF
3985,dwell,hl60,touch,5,,CHMF
3985,dwell,hl60,dwell,5,,CHMF
3985,dwell,hl60,volume,5,,CHMF
3985,dwell,hl60,swing,9,0.0978380376465445,CHMF
3985,volume,hl60,touch,10,0.03358650486711433,CHMF
3985,volume,hl60,dwell,8,-0.0616513561945827,CHMF
3985,volume,hl60,volume,10,0.04839321783952641,CHMF
3985,volume,hl60,swing,9,0.07585819132139969,CHMF
3985,swing,hl60,touch,8,-0.04212895986272635,CHMF
3985,swing,hl60,dwell,7,,CHMF
3985,swing,hl60,volume,7,,CHMF
3985,swing,hl60,swing,7,,CHMF
4045,touch,none,touch,11,0.4171168546595738,CHMF
4045,touch,none,dwell,9,0.28993364055480547,CHMF
4045,touch,none,volume,11,-0.08189114809593352,CHMF
4045,touch,none,swing,10,-0.11349830331048356,CHMF
4045,dwell,none,touch,9,-0.05943881198261908,CHMF
4045,dwell,none,dwell,8,0.08544092011186791,CHMF
4045,dwell,none,volume,9,-0.43786855498625465,CHMF
4045,dwell,none,swing,10,-0.16119574505247583,CHMF
4045,volume,none,touch,11,0.36064544911079605,CHMF
4045,volume,none,dwell,9,0.4746729541489932,CHMF
4045,volume,none,volume,11,0.05066895459168611,CHMF
4045,volume,none,swing,10,-0.043222350129832485,CHMF
4045,swing,none,touch,14,-0.4179542453130682,CHMF
4045,swing,none,dwell,9,-0.4537103375512614,CHMF
4045,swing,none,volume,9,-0.46740449024156383,CHMF
4045,swing,none,swing,9,-0.4748655929760841,CHMF
4045,touch,hl60,touch,11,0.48551018470866236,CHMF
4045,touch,hl60,dwell,9,0.3360168927837342,CHMF
4045,touch,hl60,volume,11,-0.019614864624190882,CHMF
4045,touch,hl60,swing,10,-0.040184132116574164,CHMF
4045,dwell,hl60,touch,9,0.11920135076506931,CHMF
4045,dwell,hl60,dwell,8,0.12797393665928689,CHMF
4045,dwell,hl60,volume,9,-0.37235266142599577,CHMF
4045,dwell,hl60,swing,10,-0.1252343318585017,CHMF
4045,volume,hl60,touch,11,0.43904384089996956,CHMF
4045,volume,hl60,dwell,9,0.5074152450959374,CHMF
4045,volume,hl60,volume,11,0.13011234726875584,CHMF
4045,volume,hl60,swing,10,0.042406774412680925,CHMF
4045,swing,hl60,touch,14,0.05292913047343199,CHMF
4045,swing,hl60,dwell,9,-0.3100526684084886,CHMF
4045,swing,hl60,volume,9,-0.3293103688979568,CHMF
4045,swing,hl60,swing,9,-0.3574824463518948,CHMF
4105,touch,none,touch,23,0.5231434655853008,CHMF
4105,touch,none,dwell,8,0.5098720572568736,CHMF
4105,touch,none,volume,16,0.4133347108258686,CHMF
4105,touch,none,swing,14,0.6569474467652774,CHMF
4105,dwell,none,touch,18,0.46310262785991285,CHMF
4105,dwell,none,dwell,7,,CHMF
4105,dwell,none,volume,13,0.507874810037043,CHMF
4105,dwell,none,swing,13,0.6372237385401356,CHMF
4105,volume,none,touch,23,0.5196327998510378,CHMF
4105,volume,none,dwell,8,0.5416734791998766,CHMF
4105,volume,none,volume,16,0.42663641572113153,CHMF
4105,volume,none,swing,13,0.6635121769366664,CHMF
4105,swing,none,touch,20,0.4277860315144906,CHMF
4105,swing,none,dwell,15,0.5131859919691706,CHMF
4105,swing,none,volume,15,0.4954674956966668,CHMF
4105,swing,none,swing,12,0.46066180905907694,CHMF
4105,touch,hl60,touch,23,0.812754988438072,CHMF
4105,touch,hl60,dwell,8,0.5417151207015675,CHMF
4105,touch,hl60,volume,16,0.633317283934185,CHMF
4105,touch,hl60,swing,14,0.7772843871445082,CHMF
4105,dwell,hl60,touch,18,0.7575696011564648,CHMF
4105,dwell,hl60,dwell,7,,CHMF
4105,dwell,hl60,volume,13,0.6479361484762867,CHMF
4105,dwell,hl60,swing,13,0.675411676191614,CHMF
4105,volume,hl60,touch,23,0.7429440575752376,CHMF
4105,volume,hl60,dwell,8,0.5085854569149941,CHMF
4105,volume,hl60,volume,16,0.543210106241089,CHMF
4105,volume,hl60,swing,13,0.6786578400668049,CHMF
4105,swing,hl60,touch,20,0.6855961755589814,CHMF
4105,swing,hl60,dwell,15,0.62765117254686,CHMF
4105,swing,hl60,volume,15,0.5825258060901318,CHMF
4105,swing,hl60,swing,12,0.5552921574285068,CHMF
4165,touch,none,touch,15,0.8689989403410847,CHMF
4165,touch,none,dwell,3,,CHMF
4165,touch,none,volume,8,0.40763720983687224,CHMF
4165,touch,none,swing,7,,CHMF
4165,dwell,none,touch,14,0.8332723365083646,CHMF
4165,dwell,none,dwell,3,,CHMF
4165,dwell,none,volume,7,,CHMF
4165,dwell,none,swing,6,,CHMF
4165,volume,none,touch,14,0.775574135143514,CHMF
4165,volume,none,dwell,3,,CHMF
4165,volume,none,volume,7,,CHMF
4165,volume,none,swing,6,,CHMF
4165,swing,none,touch,15,0.771413901479694,CHMF
4165,swing,none,dwell,7,,CHMF
4165,swing,none,volume,7,,CHMF
4165,swing,none,swing,6,,CHMF
4165,touch,hl60,touch,15,0.7197189603969746,CHMF
4165,touch,hl60,dwell,3,,CHMF
4165,touch,hl60,volume,8,0.4804128562110857,CHMF
4165,touch,hl60,swing,7,,CHMF
4165,dwell,hl60,touch,14,0.7291140627670728,CHMF
4165,dwell,hl60,dwell,3,,CHMF
4165,dwell,hl60,volume,7,,CHMF
4165,dwell,hl60,swing,6,,CHMF
4165,volume,hl60,touch,14,0.6314791693159261,CHMF
4165,volume,hl60,dwell,3,,CHMF
4165,volume,hl60,volume,7,,CHMF
4165,volume,hl60,swing,6,,CHMF
4165,swing,hl60,touch,15,0.8065518882459229,CHMF
4165,swing,hl60,dwell,7,,CHMF
4165,swing,hl60,volume,7,,CHMF
4165,swing,hl60,swing,6,,CHMF
4225,touch,none,touch,1,,CHMF
4225,touch,none,dwell,0,,CHMF
4225,touch,none,volume,2,,CHMF
4225,touch,none,swing,0,,CHMF
4225,dwell,none,touch,1,,CHMF
4225,dwell,none,dwell,0,,CHMF
4225,dwell,none,volume,1,,CHMF
4225,dwell,none,swing,0,,CHMF
4225,volume,none,touch,1,,CHMF
4225,volume,none,dwell,0,,CHMF
4225,volume,none,volume,1,,CHMF
4225,volume,none,swing,0,,CHMF
4225,swing,none,touch,1,,CHMF
4225,swing,none,dwell,1,,CHMF
4225,swing,none,volume,1,,CHMF
4225,swing,none,swing,0,,CHMF
4225,touch,hl60,touch,1,,CHMF
4225,touch,hl60,dwell,0,,CHMF
4225,touch,hl60,volume,2,,CHMF
4225,touch,hl60,swing,0,,CHMF
4225,dwell,hl60,touch,1,,CHMF
4225,dwell,hl60,dwell,0,,CHMF
4225,dwell,hl60,volume,1,,CHMF
4225,dwell,hl60,swing,0,,CHMF
4225,volume,hl60,touch,1,,CHMF
4225,volume,hl60,dwell,0,,CHMF
4225,volume,hl60,volume,1,,CHMF
4225,volume,hl60,swing,0,,CHMF
4225,swing,hl60,touch,1,,CHMF
4225,swing,hl60,dwell,1,,CHMF
4225,swing,hl60,volume,1,,CHMF
4225,swing,hl60,swing,0,,CHMF
4285,touch,none,touch,12,-0.3797450691011437,CHMF
4285,touch,none,dwell,7,,CHMF
4285,touch,none,volume,11,-0.4497020769723014,CHMF
4285,touch,none,swing,13,-0.08207925559236795,CHMF
4285,dwell,none,touch,7,,CHMF
4285,dwell,none,dwell,3,,CHMF
4285,dwell,none,volume,6,,CHMF
4285,dwell,none,swing,8,-0.29476156186593877,CHMF
4285,volume,none,touch,11,-0.19027436493784272,CHMF
4285,volume,none,dwell,6,,CHMF
4285,volume,none,volume,10,-0.30437538901295164,CHMF
4285,volume,none,swing,8,-0.2644598693554296,CHMF
4285,swing,none,touch,8,0.13655349765454544,CHMF
4285,swing,none,dwell,7,,CHMF
4285,swing,none,volume,7,,CHMF
4285,swing,none,swing,5,,CHMF
4285,touch,hl60,touch,12,-0.39852290983662886,CHMF
4285,touch,hl60,dwell,7,,CHMF
4285,touch,hl60,volume,11,-0.45158735534246736,CHMF
4285,touch,hl60,swing,13,-0.10423968008147252,CHMF
4285,dwell,hl60,touch,7,,CHMF
4285,dwell,hl60,dwell,3,,CHMF
4285,dwell,hl60,volume,6,,CHMF
4285,dwell,hl60,swing,8,-0.28325255163994456,CHMF
4285,volume,hl60,touch,11,-0.22667451949434822,CHMF
4285,volume,hl60,dwell,6,,CHMF
4285,volume,hl60,volume,10,-0.30952691409459354,CHMF
4285,volume,hl60,swing,8,-0.26965222807071587,CHMF
4285,swing,hl60,touch,8,0.05266481091224365,CHMF
4285,swing,hl60,dwell,7,,CHMF
4285,swing,hl60,volume,7,,CHMF
4285,swing,hl60,swing,5,,CHMF
4345,touch,none,touch,13,0.21134556021738327,CHMF
4345,touch,none,dwell,8,0.39082235990050357,CHMF
4345,touch,none,volume,11,-0.21973743880556504,CHMF
4345,touch,none,swing,12,0.21505941134817563,CHMF
4345,dwell,none,touch,10,-2.088329097388888e-17,CHMF
4345,dwell,none,dwell,6,,CHMF
4345,dwell,none,volume,9,-0.27681067134878357,CHMF
4345,dwell,none,swing,8,0.2808228314939452,CHMF
4345,volume,none,touch,12,-0.11097533591740322,CHMF
4345,volume,none,dwell,7,,CHMF
4345,volume,none,volume,10,-0.4720486992997658,CHMF
4345,volume,none,swing,8,0.14748231503562828,CHMF
4345,swing,none,touch,11,0.23819167912713807,CHMF
4345,swing,none,dwell,10,0.19606395577444605,CHMF
4345,swing,none,volume,10,-0.06557183955864705,CHMF
4345,swing,none,swing,8,0.24539374664884575,CHMF
4345,touch,hl60,touch,13,-0.12229184536346538,CHMF
4345,touch,hl60,dwell,8,0.028042192268153597,CHMF
4345,touch,hl60,volume,11,-0.4655600694862245,CHMF
4345,touch,hl60,swing,12,-0.015753576365743233,CHMF
4345,dwell,hl60,touch,10,-0.133254373086442,CHMF
4345,dwell,hl60,dwell,6,,CHMF
4345,dwell,hl60,volume,9,-0.44378177610462644,CHMF
4345,dwell,hl60,swing,8,-0.027912746740582396,CHMF
4345,volume,hl60,touch,12,-0.1337418540139435,CHMF
4345,volume,hl60,dwell,7,,CHMF
4345,volume,hl60,volume,10,-0.5147139264736551,CHMF
4345,volume,hl60,swing,8,-0.04871681491757702,CHMF
4345,swing,hl60,touch,11,-0.029836188947379428,CHMF
4345,swing,hl60,dwell,10,0.02679028211937709,CHMF
4345,swing,hl60,volume,10,-0.35521075439702526,CHMF
4345,swing,hl60,swing,8,-0.08303014669222171,CHMF
4405,touch,none,touch,12,0.7232231906981189,CHMF
4405,touch,none,dwell,9,0.6642730539590278,CHMF
4405,touch,none,volume,11,0.5224865688988095,CHMF
4405,touch,none,swing,11,0.7447399342854939,CHMF
4405,dwell,none,touch,6,,CHMF
4405,dwell,none,dwell,5,,CHMF
4405,dwell,none,volume,5,,CHMF
4405,dwell,none,swing,10,0.6700443129284259,CHMF
4405,volume,none,touch,11,0.7273744616806438,CHMF
4405,volume,none,dwell,8,0.5225481080624351,CHMF
4405,volume,none,volume,10,0.3972292315996366,CHMF
4405,volume,none,swing,10,0.6493185588638316,CHMF
4405,swing,none,touch,9,0.5552516557994033,CHMF
4405,swing,none,dwell,7,,CHMF
4405,swing,none,volume,7,,CHMF
4405,swing,none,swing,7,,CHMF
4405,touch,hl60,touch,12,0.7474385621111,CHMF
4405,touch,hl60,dwell,9,0.555988537532708,CHMF
4405,touch,hl60,volume,11,0.4053394028654046,CHMF
4405,touch,hl60,swing,11,0.5421701380511913,CHMF
4405,dwell,hl60,touch,6,,CHMF
4405,dwell,hl60,dwell,5,,CHMF
4405,dwell,hl60,volume,5,,CHMF
4405,dwell,hl60,swing,10,0.38169202654165363,CHMF
4405,volume,hl60,touch,11,0.5512314609812502,CHMF
4405,volume,hl60,dwell,8,0.28795869444700684,CHMF
4405,volume,hl60,volume,10,0.2210044808503164,CHMF
4405,volume,hl60,swing,10,0.2502049372096381,CHMF
4405,swing,hl60,touch,9,0.5748958737897388,CHMF
4405,swing,hl60,dwell,7,,CHMF
4405,swing,hl60,volume,7,,CHMF
4405,swing,hl60,swing,7,,CHMF
4465,touch,none,touch,8,0.729224319194032,CHMF
4465,touch,none,dwell,3,,CHMF
4465,touch,none,volume,6,,CHMF
4465,touch,none,swing,7,,CHMF
4465,dwell,none,touch,5,,CHMF
4465,dwell,none,dwell,3,,CHMF
4465,dwell,none,volume,4,,CHMF
4465,dwell,none,swing,6,,CHMF
4465,volume,none,touch,8,0.7007003415429353,CHMF
4465,volume,none,dwell,3,,CHMF
4465,volume,none,volume,6,,CHMF
4465,volume,none,swing,6,,CHMF
4465,swing,none,touch,7,,CHMF
4465,swing,none,dwell,6,,CHMF
4465,swing,none,volume,6,,CHMF
4465,swing,none,swing,6,,CHMF
4465,touch,hl60,touch,8,0.7516332021812541,CHMF
4465,touch,hl60,dwell,3,,CHMF
4465,touch,hl60,volume,6,,CHMF
4465,touch,hl60,swing,7,,CHMF
4465,dwell,hl60,touch,5,,CHMF
4465,dwell,hl60,dwell,3,,CHMF
4465,dwell,hl60,volume,4,,CHMF
4465,dwell,hl60,swing,6,,CHMF
4465,volume,hl60,touch,8,0.6948877459426586,CHMF
4465,volume,hl60,dwell,3,,CHMF
4465,volume,hl60,volume,6,,CHMF
4465,volume,hl60,swing,6,,CHMF
4465,swing,hl60,touch,7,,CHMF
4465,swing,hl60,dwell,6,,CHMF
4465,swing,hl60,volume,6,,CHMF
4465,swing,hl60,swing,6,,CHMF
4525,touch,none,touch,6,,CHMF
4525,touch,none,dwell,6,,CHMF
4525,touch,none,volume,7,,CHMF
4525,touch,none,swing,8,-0.5117407660910048,CHMF
4525,dwell,none,touch,2,,CHMF
4525,dwell,none,dwell,2,,CHMF
4525,dwell,none,volume,3,,CHMF
4525,dwell,none,swing,8,-0.14198198976073748,CHMF
4525,volume,none,touch,7,,CHMF
4525,volume,none,dwell,7,,CHMF
4525,volume,none,volume,8,-0.20595694933506078,CHMF
4525,volume,none,swing,8,-0.1936026391585684,CHMF
4525,swing,none,touch,7,,CHMF
4525,swing,none,dwell,7,,CHMF
4525,swing,none,volume,7,,CHMF
4525,swing,none,swing,7,,CHMF
4525,touch,hl60,touch,6,,CHMF
4525,touch,hl60,dwell,6,,CHMF
4525,touch,hl60,volume,7,,CHMF
4525,touch,hl60,swing,8,-0.4355459016781917,CHMF
4525,dwell,hl60,touch,2,,CHMF
4525,dwell,hl60,dwell,2,,CHMF
4525,dwell,hl60,volume,3,,CHMF
4525,dwell,hl60,swing,8,-0.028758546604012905,CHMF
4525,volume,hl60,touch,7,,CHMF
4525,volume,hl60,dwell,7,,CHMF
4525,volume,hl60,volume,8,-0.10299343001019415,CHMF
4525,volume,hl60,swing,8,-0.09854912987142206,CHMF
4525,swing,hl60,touch,7,,CHMF
4525,swing,hl60,dwell,7,,CHMF
4525,swing,hl60,volume,7,,CHMF
4525,swing,hl60,swing,7,,CHMF
4585,touch,none,touch,9,0.7698066476623652,CHMF
4585,touch,none,dwell,8,0.5936087348450941,CHMF
4585,touch,none,volume,10,0.7064703303055045,CHMF
4585,touch,none,swing,9,0.45709104419697466,CHMF
4585,dwell,none,touch,7,,CHMF
4585,dwell,none,dwell,7,,CHMF
4585,dwell,none,volume,8,0.5523561288334956,CHMF
4585,dwell,none,swing,9,0.6110576243222874,CHMF
4585,volume,none,touch,8,0.7742698343140837,CHMF
4585,volume,none,dwell,8,0.6896034673205729,CHMF
4585,volume,none,volume,9,0.6359189323927255,CHMF
4585,volume,none,swing,9,0.6606226484094325,CHMF
4585,swing,none,touch,9,0.6959646279161682,CHMF
4585,swing,none,dwell,9,0.672024383770316,CHMF
4585,swing,none,volume,9,0.5643717446408026,CHMF
4585,swing,none,swing,9,0.5575237449307936,CHMF
4585,touch,hl60,touch,9,0.6926001240448749,CHMF
4585,touch,hl60,dwell,8,0.5788542414053222,CHMF
4585,touch,hl60,volume,10,0.6760809142809786,CHMF
4585,touch,hl60,swing,9,0.4950039915243516,CHMF
4585,dwell,hl60,touch,7,,CHMF
4585,dwell,hl60,dwell,7,,CHMF
4585,dwell,hl60,volume,8,0.5510680668227751,CHMF
4585,dwell,hl60,swing,9,0.6316202249144951,CHMF
4585,volume,hl60,touch,8,0.7458915679337249,CHMF
4585,volume,hl60,dwell,8,0.7098602151485965,CHMF
4585,volume,hl60,volume,9,0.6613695210505115,CHMF
4585,volume,hl60,swing,9,0.6983743511835008,CHMF
4585,swing,hl60,touch,9,0.7121160462771764,CHMF
4585,swing,hl60,dwell,9,0.720934266299208,CHMF
4585,swing,hl60,volume,9,0.6051649226603079,CHMF
4585,swing,hl60,swing,9,0.6260379760074453,CHMF
4645,touch,none,touch,2,,CHMF
4645,touch,none,dwell,1,,CHMF
4645,touch,none,volume,1,,CHMF
4645,touch,none,swing,2,,CHMF
4645,dwell,none,touch,2,,CHMF
4645,dwell,none,dwell,1,,CHMF
4645,dwell,none,volume,1,,CHMF
4645,dwell,none,swing,2,,CHMF
4645,volume,none,touch,3,,CHMF
4645,volume,none,dwell,2,,CHMF
4645,volume,none,volume,2,,CHMF
4645,volume,none,swing,2,,CHMF
4645,swing,none,touch,3,,CHMF
4645,swing,none,dwell,2,,CHMF
4645,swing,none,volume,2,,CHMF
4645,swing,none,swing,2,,CHMF
4645,touch,hl60,touch,2,,CHMF
4645,touch,hl60,dwell,1,,CHMF
4645,touch,hl60,volume,1,,CHMF
4645,touch,hl60,swing,2,,CHMF
4645,dwell,hl60,touch,2,,CHMF
4645,dwell,hl60,dwell,1,,CHMF
4645,dwell,hl60,volume,1,,CHMF
4645,dwell,hl60,swing,2,,CHMF
4645,volume,hl60,touch,3,,CHMF
4645,volume,hl60,dwell,2,,CHMF
4645,volume,hl60,volume,2,,CHMF
4645,volume,hl60,swing,2,,CHMF
4645,swing,hl60,touch,3,,CHMF
4645,swing,hl60,dwell,2,,CHMF
4645,swing,hl60,volume,2,,CHMF
4645,swing,hl60,swing,2,,CHMF
4705,touch,none,touch,20,-0.06398308230978267,CHMF
4705,touch,none,dwell,11,-0.15366165657170963,CHMF
4705,touch,none,volume,18,-0.28455435112721805,CHMF
4705,touch,none,swing,15,-0.17525286272692298,CHMF
4705,dwell,none,touch,17,0.0076216178460316334,CHMF
4705,dwell,none,dwell,9,-0.30809135300197343,CHMF
4705,dwell,none,volume,15,-0.19457265412146654,CHMF
4705,dwell,none,swing,14,-0.06847807793143516,CHMF
4705,volume,none,touch,20,-0.1735518551122219,CHMF
4705,volume,none,dwell,11,-0.21909415294620044,CHMF
4705,volume,none,volume,18,-0.21796133510389712,CHMF
4705,volume,none,swing,14,-0.1842275720828572,CHMF
4705,swing,none,touch,23,0.18383331508664508,CHMF
4705,swing,none,dwell,17,0.08970522597430504,CHMF
4705,swing,none,volume,17,-0.13161431342463828,CHMF
4705,swing,none,swing,13,0.06957885612978759,CHMF
4705,touch,hl60,touch,20,0.3293102684927207,CHMF
4705,touch,hl60,dwell,11,0.49885310060470306,CHMF
4705,touch,hl60,volume,18,0.34779970796951387,CHMF
4705,touch,hl60,swing,15,0.3795021570843183,CHMF
4705,dwell,hl60,touch,17,0.3659021604908958,CHMF
4705,dwell,hl60,dwell,9,0.4343163909142821,CHMF
4705,dwell,hl60,volume,15,0.5440557916113717,CHMF
4705,dwell,hl60,swing,14,0.452005754337512,CHMF
4705,volume,hl60,touch,20,0.21278876353915557,CHMF
4705,volume,hl60,dwell,11,0.4192672798994728,CHMF
4705,volume,hl60,volume,18,0.5234994103922636,CHMF
4705,volume,hl60,swing,14,0.42427248853818833,CHMF
4705,swing,hl60,touch,23,0.3445893821238946,CHMF
4705,swing,hl60,dwell,17,0.6250440927785532,CHMF
4705,swing,hl60,volume,17,0.565592512504212,CHMF
4705,swing,hl60,swing,13,0.7074736060297866,CHMF
4765,touch,none,touch,10,-0.25370629766977343,CHMF
4765,touch,none,dwell,8,-0.5417410966820287,CHMF
4765,touch,none,volume,11,-0.304935908144274,CHMF
4765,touch,none,swing,10,-0.3918482050463707,CHMF
4765,dwell,none,touch,10,-0.28558526832110315,CHMF
4765,dwell,none,dwell,8,-0.5604286356725701,CHMF
4765,dwell,none,volume,11,-0.3844219827579992,CHMF
4765,dwell,none,swing,10,-0.4297220033023555,CHMF
4765,volume,none,touch,11,-0.41762596554101294,CHMF
4765,volume,none,dwell,9,-0.5676421366854115,CHMF
4765,volume,none,volume,12,-0.42692502896554235,CHMF
4765,volume,none,swing,10,-0.4816996138790513,CHMF
4765,swing,none,touch,11,-0.29224571308792546,CHMF
4765,swing,none,dwell,11,-0.2331422633514351,CHMF
4765,swing,none,volume,11,-0.3603257883167658,CHMF
4765,swing,none,swing,9,-0.4171529253726958,CHMF
4765,touch,hl60,touch,10,-0.8098415850083766,CHMF
4765,touch,hl60,dwell,8,-0.7604540164690308,CHMF
4765,touch,hl60,volume,11,-0.8367838382718834,CHMF
4765,touch,hl60,swing,10,-0.7775195192850805,CHMF
4765,dwell,hl60,touch,10,-0.5291779179444629,CHMF
4765,dwell,hl60,dwell,8,-0.5351240584305837,CHMF
4765,dwell,hl60,volume,11,-0.7362994205943838,CHMF
4765,dwell,hl60,swing,10,-0.7272122613350493,CHMF
4765,volume,hl60,touch,11,-0.6407567266589381,CHMF
4765,volume,hl60,dwell,9,-0.4715240798464873,CHMF
4765,volume,hl60,volume,12,-0.652290797172852,CHMF
4765,volume,hl60,swing,10,-0.7805267002385442,CHMF
4765,swing,hl60,touch,11,-0.7035504081833714,CHMF
4765,swing,hl60,dwell,11,-0.5610214543970179,CHMF
4765,swing,hl60,volume,11,-0.65523327110502,CHMF
4765,swing,hl60,swing,9,-0.7689102011548627,CHMF
4825,touch,none,touch,11,-0.47825777350505305,CHMF
4825,touch,none,dwell,8,-0.25945988062672054,CHMF
4825,touch,none,volume,12,-0.6765517835821805,CHMF
4825,touch,none,swing,11,-0.21492109401747955,CHMF
4825,dwell,none,touch,9,-0.5637781792911088,CHMF
4825,dwell,none,dwell,6,,CHMF
4825,dwell,none,volume,10,-0.5617292254753725,CHMF
4825,dwell,none,swing,10,-0.382116253110097,CHMF
4825,volume,none,touch,11,-0.3026852390715874,CHMF
4825,volume,none,dwell,8,-0.2189052745036036,CHMF
4825,volume,none,volume,12,-0.6535047724733146,CHMF
4825,volume,none,swing,10,-0.2571625728294673,CHMF
4825,swing,none,touch,11,-0.5779668600688334,CHMF
4825,swing,none,dwell,11,-0.6606046372117937,CHMF
4825,swing,none,volume,11,-0.7933188828456558,CHMF
4825,swing,none,swing,9,-0.5535677437889267,CHMF
4825,touch,hl60,touch,11,0.12979764554729967,CHMF
4825,touch,hl60,dwell,8,0.07424415923089567,CHMF
4825,touch,hl60,volume,12,-0.1430235548107643,CHMF
4825,touch,hl60,swing,11,0.2898974708798172,CHMF
4825,dwell,hl60,touch,9,0.18056643459696134,CHMF
4825,dwell,hl60,dwell,6,,CHMF
4825,dwell,hl60,volume,10,0.14019844282122096,CHMF
4825,dwell,hl60,swing,10,0.2159261180552083,CHMF
4825,volume,hl60,touch,11,0.2755230285446961,CHMF
4825,volume,hl60,dwell,8,0.06118364674758999,CHMF
4825,volume,hl60,volume,12,-0.0894198911539446,CHMF
4825,volume,hl60,swing,10,0.2951916591167811,CHMF
4825,swing,hl60,touch,11,-0.199815332879297,CHMF
4825,swing,hl60,dwell,11,-0.2940755319953689,CHMF
4825,swing,hl60,volume,11,-0.31522808546701614,CHMF
4825,swing,hl60,swing,9,-0.16787518327833548,CHMF
4885,touch,none,touch,17,-0.2866401077840649,CHMF
4885,touch,none,dwell,14,-0.4498016011002711,CHMF
4885,touch,none,volume,18,-0.3819930456575305,CHMF
4885,touch,none,swing,17,-0.24078697309944702,CHMF
4885,dwell,none,touch,15,-0.060759491743880394,CHMF
4885,dwell,none,dwell,12,-0.14786268235341737,CHMF
4885,dwell,none,volume,16,-0.2684558929057226,CHMF
4885,dwell,none,swing,17,-0.21222109158009003,CHMF
4885,volume,none,touch,18,-0.1861578556084751,CHMF
4885,volume,none,dwell,15,-0.2784722433262925,CHMF
4885,volume,none,volume,19,-0.17030308673168265,CHMF
4885,volume,none,swing,17,-0.3046197349697834,CHMF
4885,swing,none,touch,17,-0.06791923187935657,CHMF
4885,swing,none,dwell,17,-0.020571780890826345,CHMF
4885,swing,none,volume,17,-0.1425445060990775,CHMF
4885,swing,none,swing,15,0.18505830254940134,CHMF
4885,touch,hl60,touch,17,-0.3789158129452957,CHMF
4885,touch,hl60,dwell,14,-0.660966415154239,CHMF
4885,touch,hl60,volume,18,-0.23177701505227022,CHMF
4885,touch,hl60,swing,17,-0.3044458745328208,CHMF
4885,dwell,hl60,touch,15,-0.18788547304471984,CHMF
4885,dwell,hl60,dwell,12,-0.3926201169173603,CHMF
4885,dwell,hl60,volume,16,-0.1034818447236721,CHMF
4885,dwell,hl60,swing,17,-0.22842843283976397,CHMF
4885,volume,hl60,touch,18,-0.3085815342116957,CHMF
4885,volume,hl60,dwell,15,-0.4333628669162503,CHMF
4885,volume,hl60,volume,19,-0.11333688961375496,CHMF
4885,volume,hl60,swing,17,-0.3148114335326819,CHMF
4885,swing,hl60,touch,17,0.010117948447563146,CHMF
4885,swing,hl60,dwell,17,0.0457576626415329,CHMF
4885,swing,hl60,volume,17,-0.0721177654799978,CHMF
4885,swing,hl60,swing,15,0.11108914938129591,CHMF
4945,touch,none,touch,11,-0.8032550655422989,CHMF
4945,touch,none,dwell,5,,CHMF
4945,touch,none,volume,12,-0.7304684156611725,CHMF
4945,touch,none,swing,11,-0.5933438963466307,CHMF
4945,dwell,none,touch,10,-0.6924458128759092,CHMF
4945,dwell,none,dwell,4,,CHMF
4945,dwell,none,volume,11,-0.5719867240710305,CHMF
4945,dwell,none,swing,11,-0.5502403354119726,CHMF
4945,volume,none,touch,12,-0.8431310395397876,CHMF
4945,volume,none,dwell,6,,CHMF
4945,volume,none,volume,13,-0.7353895078838737,CHMF
4945,volume,none,swing,11,-0.5967830083502952,CHMF
4945,swing,none,touch,14,-0.7748957288665559,CHMF
4945,swing,none,dwell,12,-0.69152971498563,CHMF
4945,swing,none,volume,12,-0.6899396798855062,CHMF
4945,swing,none,swing,10,-0.4421844266868522,CHMF
4945,touch,hl60,touch,11,-0.7913714991201855,CHMF
4945,touch,hl60,dwell,5,,CHMF
4945,touch,hl60,volume,12,-0.6992727315809149,CHMF
4945,touch,hl60,swing,11,-0.5787579677203002,CHMF
4945,dwell,hl60,touch,10,-0.6705968725476207,CHMF
4945,dwell,hl60,dwell,4,,CHMF
4945,dwell,hl60,volume,11,-0.5040280066255465,CHMF
4945,dwell,hl60,swing,11,-0.5208242587775781,CHMF
4945,volume,hl60,touch,12,-0.8338009962602377,CHMF
4945,volume,hl60,dwell,6,,CHMF
4945,volume,hl60,volume,13,-0.6844904240851856,CHMF
4945,volume,hl60,swing,11,-0.5788254306416082,CHMF
4945,swing,hl60,touch,14,-0.7081683391267936,CHMF
4945,swing,hl60,dwell,12,-0.6401884609241598,CHMF
4945,swing,hl60,volume,12,-0.644340776214661,CHMF
4945,swing,hl60,swing,10,-0.41808241823824305,CHMF
5005,touch,none,touch,9,0.09299189052641649,CHMF
5005,touch,none,dwell,7,,CHMF
5005,touch,none,volume,8,0.44926476420888833,CHMF
5005,touch,none,swing,8,-0.151664304467264,CHMF
5005,dwell,none,touch,8,0.037972357250799664,CHMF
5005,dwell,none,dwell,7,,CHMF
5005,dwell,none,volume,7,,CHMF
5005,dwell,none,swing,8,-0.09476429780337568,CHMF
5005,volume,none,touch,9,0.24083179563245666,CHMF
5005,volume,none,dwell,7,,CHMF
5005,volume,none,volume,8,0.43894170972963564,CHMF
5005,volume,none,swing,8,0.18743760032153878,CHMF
5005,swing,none,touch,9,0.17463354580421145,CHMF
5005,swing,none,dwell,7,,CHMF
5005,swing,none,volume,7,,CHMF
5005,swing,none,swing,7,,CHMF
5005,touch,hl60,touch,9,0.7128726057838591,CHMF
5005,touch,hl60,dwell,7,,CHMF
5005,touch,hl60,volume,8,0.7755099760569093,CHMF
5005,touch,hl60,swing,8,0.22507771868837725,CHMF
5005,dwell,hl60,touch,8,0.6516358402784562,CHMF
5005,dwell,hl60,dwell,7,,CHMF
5005,dwell,hl60,volume,7,,CHMF
5005,dwell,hl60,swing,8,0.23256384425295842,CHMF
5005,volume,hl60,touch,9,0.6772425080002094,CHMF
5005,volume,hl60,dwell,7,,CHMF
5005,volume,hl60,volume,8,0.6653414783448147,CHMF
5005,volume,hl60,swing,8,0.4750648271354447,CHMF
5005,swing,hl60,touch,9,0.37688259348021913,CHMF
5005,swing,hl60,dwell,7,,CHMF
5005,swing,hl60,volume,7,,CHMF
5005,swing,hl60,swing,7,,CHMF
5065,touch,none,touch,10,0.25395692839992295,CHMF
5065,touch,none,dwell,9,0.002467324129481558,CHMF
5065,touch,none,volume,9,0.08486222207443339,CHMF
5065,touch,none,swing,9,0.31401182957600343,CHMF
5065,dwell,none,touch,9,0.07185112425597266,CHMF
5065,dwell,none,dwell,8,-0.48714112913515445,CHMF
5065,dwell,none,volume,8,-0.5570242280954109,CHMF
5065,dwell,none,swing,8,-0.20252641593763113,CHMF
5065,volume,none,touch,10,0.2519312131718684,CHMF
5065,volume,none,dwell,9,-0.05548701814581827,CHMF
5065,volume,none,volume,9,-0.09002754649152184,CHMF
5065,volume,none,swing,8,0.056739363425613976,CHMF
5065,swing,none,touch,10,0.06340110922916199,CHMF
5065,swing,none,dwell,9,-0.30203269491770696,CHMF
5065,swing,none,volume,9,-0.2716812290242157,CHMF
5065,swing,none,swing,8,0.018326271443504016,CHMF
5065,touch,hl60,touch,10,0.1524418655843694,CHMF
5065,touch,hl60,dwell,9,-0.20282840131081473,CHMF
5065,touch,hl60,volume,9,-0.31009270586194937,CHMF
5065,touch,hl60,swing,9,0.12844864724569843,CHMF
5065,dwell,hl60,touch,9,-0.0188341714787668,CHMF
5065,dwell,hl60,dwell,8,-0.538945168247867,CHMF
5065,dwell,hl60,volume,8,-0.7145702036186771,CHMF
5065,dwell,hl60,swing,8,-0.30128939048014985,CHMF
5065,volume,hl60,touch,10,0.12611051544008084,CHMF
5065,volume,hl60,dwell,9,-0.2763776431488608,CHMF
5065,volume,hl60,volume,9,-0.3657664609872296,CHMF
5065,volume,hl60,swing,8,-0.14544153105100918,CHMF
5065,swing,hl60,touch,10,-0.0171484457184766,CHMF
5065,swing,hl60,dwell,9,-0.4353977467430732,CHMF
5065,swing,hl60,volume,9,-0.492834341410295,CHMF
5065,swing,hl60,swing,8,-0.1224174955465605,CHMF
5125,touch,none,touch,5,,CHMF
5125,touch,none,dwell,5,,CHMF
5125,touch,none,volume,5,,CHMF
5125,touch,none,swing,5,,CHMF
5125,dwell,none,touch,3,,CHMF
5125,dwell,none,dwell,3,,CHMF
5125,dwell,none,volume,3,,CHMF
5125,dwell,none,swing,5,,CHMF
5125,volume,none,touch,5,,CHMF
5125,volume,none,dwell,5,,CHMF
5125,volume,none,volume,5,,CHMF
5125,volume,none,swing,5,,CHMF
5125,swing,none,touch,5,,CHMF
5125,swing,none,dwell,5,,CHMF
5125,swing,none,volume,5,,CHMF
5125,swing,none,swing,5,,CHMF
5125,touch,hl60,touch,5,,CHMF
5125,touch,hl60,dwell,5,,CHMF
5125,touch,hl60,volume,5,,CHMF
5125,touch,hl60,swing,5,,CHMF
5125,dwell,hl60,touch,3,,CHMF
5125,dwell,hl60,dwell,3,,CHMF
5125,dwell,hl60,volume,3,,CHMF
5125,dwell,hl60,swing,5,,CHMF
5125,volume,hl60,touch,5,,CHMF
5125,volume,hl60,dwell,5,,CHMF
5125,volume,hl60,volume,5,,CHMF
5125,volume,hl60,swing,5,,CHMF
5125,swing,hl60,touch,5,,CHMF
5125,swing,hl60,dwell,5,,CHMF
5125,swing,hl60,volume,5,,CHMF
5125,swing,hl60,swing,5,,CHMF
5185,touch,none,touch,10,-0.007095168103101477,CHMF
5185,touch,none,dwell,7,,CHMF
5185,touch,none,volume,10,0.12652538574921293,CHMF
5185,touch,none,swing,10,-0.014384924213622023,CHMF
5185,dwell,none,touch,10,-0.07177308222232663,CHMF
5185,dwell,none,dwell,7,,CHMF
5185,dwell,none,volume,10,0.09330926953100016,CHMF
5185,dwell,none,swing,10,-0.08180958959943559,CHMF
5185,volume,none,touch,10,-0.09641652860931584,CHMF
5185,volume,none,dwell,7,,CHMF
5185,volume,none,volume,10,0.07106734102004031,CHMF
5185,volume,none,swing,10,-0.09533748445000499,CHMF
5185,swing,none,touch,11,-0.04294339801035689,CHMF
5185,swing,none,dwell,10,0.25974349723244095,CHMF
5185,swing,none,volume,10,0.5021840373520922,CHMF
5185,swing,none,swing,10,0.260162569326463,CHMF
5185,touch,hl60,touch,10,0.010751376323822314,CHMF
5185,touch,hl60,dwell,7,,CHMF
5185,touch,hl60,volume,10,-0.21319173327829763,CHMF
5185,touch,hl60,swing,10,-0.15321696494606568,CHMF
5185,dwell,hl60,touch,10,0.09063831223342671,CHMF
5185,dwell,hl60,dwell,7,,CHMF
5185,dwell,hl60,volume,10,-0.08901507951791754,CHMF
5185,dwell,hl60,swing,10,-0.04823267501560403,CHMF
5185,volume,hl60,touch,10,0.01396216490784144,CHMF
5185,volume,hl60,dwell,7,,CHMF
5185,volume,hl60,volume,10,-0.12425424324307899,CHMF
5185,volume,hl60,swing,10,-0.060214836721893004,CHMF
5185,swing,hl60,touch,11,0.46747109493979155,CHMF
5185,swing,hl60,dwell,10,0.4020047090259565,CHMF
5185,swing,hl60,volume,10,0.325075668220721,CHMF
5185,swing,hl60,swing,10,0.2837553621378711,CHMF
5245,touch,none,touch,8,0.43221067285178794,CHMF
5245,touch,none,dwell,6,,CHMF
5245,touch,none,volume,8,-0.17055745418243629,CHMF
5245,touch,none,swing,8,0.28105184792197513,CHMF
5245,dwell,none,touch,8,0.42310907238418627,CHMF
5245,dwell,none,dwell,6,,CHMF
5245,dwell,none,volume,8,-0.1767030246162438,CHMF
5245,dwell,none,swing,8,0.26441390516088387,CHMF
5245,volume,none,touch,8,0.49782914359755487,CHMF
5245,volume,none,dwell,6,,CHMF
5245,volume,none,volume,8,-0.046489647228610424,CHMF
5245,volume,none,swing,8,0.3635606114761741,CHMF
5245,swing,none,touch,8,0.40834514739977357,CHMF
5245,swing,none,dwell,8,0.20575649072376284,CHMF
5245,swing,none,volume,8,-0.1779769222307612,CHMF
5245,swing,none,swing,8,0.2136056563526713,CHMF
5245,touch,hl60,touch,8,0.48721715703083057,CHMF
5245,touch,hl60,dwell,6,,CHMF
5245,touch,hl60,volume,8,-0.06870776810316617,CHMF
5245,touch,hl60,swing,8,0.38018094381541717,CHMF
5245,dwell,hl60,touch,8,0.41722045600138274,CHMF
5245,dwell,hl60,dwell,6,,CHMF
5245,dwell,hl60,volume,8,-0.16067197075288334,CHMF
5245,dwell,hl60,swing,8,0.2774832397943595,CHMF
5245,volume,hl60,touch,8,0.46153889744297694,CHMF
5245,volume,hl60,dwell,6,,CHMF
5245,volume,hl60,volume,8,-0.11221281298145315,CHMF
5245,volume,hl60,swing,8,0.323668807319088,CHMF
5245,swing,hl60,touch,8,0.34925062136238877,CHMF
5245,swing,hl60,dwell,8,0.14907844007664192,CHMF
5245,swing,hl60,volume,8,-0.23177325585249522,CHMF
5245,swing,hl60,swing,8,0.16017404989047443,CHMF
3962,touch,none,touch,9,0.46599280438278934,LKOH
3962,touch,none,dwell,7,,LKOH
3962,touch,none,volume,9,0.4768402948589685,LKOH
3962,touch,none,swing,8,0.2505773765419105,LKOH
3962,dwell,none,touch,9,0.3939763994903609,LKOH
3962,dwell,none,dwell,7,,LKOH
3962,dwell,none,volume,9,0.4524537390003607,LKOH
3962,dwell,none,swing,8,0.23505101943399365,LKOH
3962,volume,none,touch,10,0.33851614343786374,LKOH
3962,volume,none,dwell,8,0.40723599674659333,LKOH
3962,volume,none,volume,10,0.39998087407716587,LKOH
3962,volume,none,swing,8,0.09004580157299048,LKOH
3962,swing,none,touch,10,0.33587301245412254,LKOH
3962,swing,none,dwell,10,0.29177902651507204,LKOH
3962,swing,none,volume,10,0.43136455456285544,LKOH
3962,swing,none,swing,8,0.048494448376968514,LKOH
3962,touch,hl60,touch,9,0.6082659453199206,LKOH
3962,touch,hl60,dwell,7,,LKOH
3962,touch,hl60,volume,9,0.7044855753868847,LKOH
3962,touch,hl60,swing,8,0.5069887155037498,LKOH
3962,dwell,hl60,touch,9,0.47057970461609183,LKOH
3962,dwell,hl60,dwell,7,,LKOH
3962,dwell,hl60,volume,9,0.5896888085908185,LKOH
3962,dwell,hl60,swing,8,0.4196454732687541,LKOH
3962,volume,hl60,touch,10,0.48693155500924085,LKOH
3962,volume,hl60,dwell,8,0.45215840082553277,LKOH
3962,volume,hl60,volume,10,0.6057283956455917,LKOH
3962,volume,hl60,swing,8,0.3368614618528308,LKOH
3962,swing,hl60,touch,10,0.4382982174495507,LKOH
3962,swing,hl60,dwell,10,0.40996060575370225,LKOH
3962,swing,hl60,volume,10,0.5779140950312275,LKOH
3962,swing,hl60,swing,8,0.25367056471716143,LKOH
4022,touch,none,touch,6,,LKOH
4022,touch,none,dwell,4,,LKOH
4022,touch,none,volume,6,,LKOH
4022,touch,none,swing,5,,LKOH
4022,dwell,none,touch,6,,LKOH
4022,dwell,none,dwell,4,,LKOH
4022,dwell,none,volume,6,,LKOH
4022,dwell,none,swing,5,,LKOH
4022,volume,none,touch,7,,LKOH
4022,volume,none,dwell,5,,LKOH
4022,volume,none,volume,7,,LKOH
4022,volume,none,swing,5,,LKOH
4022,swing,none,touch,8,-0.4640995093092231,LKOH
4022,swing,none,dwell,7,,LKOH
4022,swing,none,volume,7,,LKOH
4022,swing,none,swing,5,,LKOH
4022,touch,hl60,touch,6,,LKOH
4022,touch,hl60,dwell,4,,LKOH
4022,touch,hl60,volume,6,,LKOH
4022,touch,hl60,swing,5,,LKOH
4022,dwell,hl60,touch,6,,LKOH
4022,dwell,hl60,dwell,4,,LKOH
4022,dwell,hl60,volume,6,,LKOH
4022,dwell,hl60,swing,5,,LKOH
4022,volume,hl60,touch,7,,LKOH
4022,volume,hl60,dwell,5,,LKOH
4022,volume,hl60,volume,7,,LKOH
4022,volume,hl60,swing,5,,LKOH
4022,swing,hl60,touch,8,-0.347708756389855,LKOH
4022,swing,hl60,dwell,7,,LKOH
4022,swing,hl60,volume,7,,LKOH
4022,swing,hl60,swing,5,,LKOH
4082,touch,none,touch,12,-0.5004643838902805,LKOH
4082,touch,none,dwell,7,,LKOH
4082,touch,none,volume,13,-0.33486624156272665,LKOH
4082,touch,none,swing,10,-0.24270462533043513,LKOH
4082,dwell,none,touch,10,-0.4013798008638832,LKOH
4082,dwell,none,dwell,5,,LKOH
4082,dwell,none,volume,11,-0.25771933889343507,LKOH
4082,dwell,none,swing,9,-0.04321731805615425,LKOH
4082,volume,none,touch,11,-0.34823152953691283,LKOH
4082,volume,none,dwell,6,,LKOH
4082,volume,none,volume,12,-0.19629403161225015,LKOH
4082,volume,none,swing,9,-0.048588597301885236,LKOH
4082,swing,none,touch,13,-0.5295870409362735,LKOH
4082,swing,none,dwell,12,-0.1986521167472859,LKOH
4082,swing,none,volume,12,-0.2587956539240327,LKOH
4082,swing,none,swing,9,-0.1198084595746308,LKOH
4082,touch,hl60,touch,12,-0.43586644773420696,LKOH
4082,touch,hl60,dwell,7,,LKOH
4082,touch,hl60,volume,13,-0.359820798126874,LKOH
4082,touch,hl60,swing,10,0.20306791597977342,LKOH
4082,dwell,hl60,touch,10,-0.12709040730237722,LKOH
4082,dwell,hl60,dwell,5,,LKOH
4082,dwell,hl60,volume,11,-0.12592915931819637,LKOH
4082,dwell,hl60,swing,9,0.38763626038044774,LKOH
4082,volume,hl60,touch,11,-0.22828733698866457,LKOH
4082,volume,hl60,dwell,6,,LKOH
4082,volume,hl60,volume,12,-0.19332602370631224,LKOH
4082,volume,hl60,swing,9,0.3128692406287515,LKOH
4082,swing,hl60,touch,13,-0.29847871156595424,LKOH
4082,swing,hl60,dwell,12,0.2618040477012707,LKOH
4082,swing,hl60,volume,12,-0.18125213676665328,LKOH
4082,swing,hl60,swing,9,0.32731964238911293,LKOH
4142,touch,none,touch,10,0.4384112291291976,LKOH
4142,touch,none,dwell,9,0.6648193658355535,LKOH
4142,touch,none,volume,10,0.5271194840880553,LKOH
4142,touch,none,swing,11,0.42450854708490715,LKOH
4142,dwell,none,touch,6,,LKOH
4142,dwell,none,dwell,5,,LKOH
4142,dwell,none,volume,6,,LKOH
4142,dwell,none,swing,8,0.2011394053421531,LKOH
4142,volume,none,touch,9,-0.11367039687370814,LKOH
4142,volume,none,dwell,8,0.08634256289677739,LKOH
4142,volume,none,volume,9,0.026798485681337778,LKOH
4142,volume,none,swing,8,0.05346412118198417,LKOH
4142,swing,none,touch,8,-0.13056050363588506,LKOH
4142,swing,none,dwell,8,0.1506202029718156,LKOH
4142,swing,none,volume,8,0.1897266959975898,LKOH
4142,swing,none,swing,7,,LKOH
4142,touch,hl60,touch,10,0.38626481531997925,LKOH
4142,touch,hl60,dwell,9,0.7325301475474927,LKOH
4142,touch,hl60,volume,10,0.5610229026178108,LKOH
4142,touch,hl60,swing,11,0.413930437395087,LKOH
4142,dwell,hl60,touch,6,,LKOH
4142,dwell,hl60,dwell,5,,LKOH
4142,dwell,hl60,volume,6,,LKOH
4142,dwell,hl60,swing,8,0.19616378660573994,LKOH
4142,volume,hl60,touch,9,-0.7317250643116766,LKOH
4142,volume,hl60,dwell,8,-0.5055656657931643,LKOH
4142,volume,hl60,volume,9,-0.5382731592193378,LKOH
4142,volume,hl60,swing,8,-0.2253950405131081,LKOH
4142,swing,hl60,touch,8,-0.38248764512365535,LKOH
4142,swing,hl60,dwell,8,0.006492920762997297,LKOH
4142,swing,hl60,volume,8,0.025482834859790138,LKOH
4142,swing,hl60,swing,7,,LKOH
4202,touch,none,touch,17,0.668013917046502,LKOH
4202,touch,none,dwell,14,0.8547388148678526,LKOH
4202,touch,none,volume,16,0.7595409894480634,LKOH
4202,touch,none,swing,14,0.36107230272357865,LKOH
4202,dwell,none,touch,12,0.3774339993146099,LKOH
4202,dwell,none,dwell,10,0.7110866275710961,LKOH
4202,dwell,none,volume,11,0.5774743662369645,LKOH
4202,dwell,none,swing,13,0.3221471860691474,LKOH
4202,volume,none,touch,15,0.5177162860273669,LKOH
4202,volume,none,dwell,13,0.7651974195229669,LKOH
4202,volume,none,volume,14,0.7465484658955935,LKOH
4202,volume,none,swing,13,0.4407336763319027,LKOH
4202,swing,none,touch,13,0.32459694103607034,LKOH
4202,swing,none,dwell,12,0.6592573145131176,LKOH
4202,swing,none,volume,12,0.5706769236846647,LKOH
4202,swing,none,swing,11,0.1150447483271056,LKOH
4202,touch,hl60,touch,17,0.6548781204166005,LKOH
4202,touch,hl60,dwell,14,0.8101805507845291,LKOH
4202,touch,hl60,volume,16,0.8024953664475113,LKOH
4202,touch,hl60,swing,14,0.4369431829221392,LKOH
4202,dwell,hl60,touch,12,0.17240703200869284,LKOH
4202,dwell,hl60,dwell,10,0.529139376316263,LKOH
4202,dwell,hl60,volume,11,0.5627438643131298,LKOH
4202,dwell,hl60,swing,13,0.35842545711856355,LKOH
4202,volume,hl60,touch,15,0.35625217276724086,LKOH
4202,volume,hl60,dwell,13,0.5885769336935788,LKOH
4202,volume,hl60,volume,14,0.6835357791949791,LKOH
4202,volume,hl60,swing,13,0.4321957842666878,LKOH
4202,swing,hl60,touch,13,0.12844878116707678,LKOH
4202,swing,hl60,dwell,12,0.4734462644681026,LKOH
4202,swing,hl60,volume,12,0.4732143937446339,LKOH
4202,swing,hl60,swing,11,-0.019308218892553516,LKOH
4262,touch,none,touch,21,0.34724221480917444,LKOH
4262,touch,none,dwell,16,0.5265458417108377,LKOH
4262,touch,none,volume,20,0.507359707867457,LKOH
4262,touch,none,swing,15,0.2282507227172536,LKOH
4262,dwell,none,touch,16,0.09188410434697067,LKOH
4262,dwell,none,dwell,12,0.07294866524160774,LKOH
4262,dwell,none,volume,15,0.09720501946800875,LKOH
4262,dwell,none,swing,14,0.15177903793260902,LKOH
4262,volume,none,touch,19,0.3389520397822477,LKOH
4262,volume,none,dwell,15,0.43090407243490497,LKOH
4262,volume,none,volume,18,0.3262442724711847,LKOH
4262,volume,none,swing,14,0.3019178931610498,LKOH
4262,swing,none,touch,16,-0.011033065999253478,LKOH
4262,swing,none,dwell,15,-0.1512102928569255,LKOH
4262,swing,none,volume,15,0.02670962789953024,LKOH
4262,swing,none,swing,12,-0.1978803338030944,LKOH
4262,touch,hl60,touch,21,0.6166928123605903,LKOH
4262,touch,hl60,dwell,16,0.6408222310073594,LKOH
4262,touch,hl60,volume,20,0.6624243220875278,LKOH
4262,touch,hl60,swing,15,0.4211521040408745,LKOH
4262,dwell,hl60,touch,16,0.5131200812959335,LKOH
4262,dwell,hl60,dwell,12,0.4528428699309362,LKOH
4262,dwell,hl60,volume,15,0.37589758057726586,LKOH
4262,dwell,hl60,swing,14,0.39954446395340604,LKOH
4262,volume,hl60,touch,19,0.5695033788638683,LKOH
4262,volume,hl60,dwell,15,0.5726960962472447,LKOH
4262,volume,hl60,volume,18,0.485901502226578,LKOH
4262,volume,hl60,swing,14,0.4026200072791182,LKOH
4262,swing,hl60,touch,16,0.3931499034724952,LKOH
4262,swing,hl60,dwell,15,0.14176692763035884,LKOH
4262,swing,hl60,volume,15,0.2307758402246583,LKOH
4262,swing,hl60,swing,12,0.05904786451224949,LKOH
4322,touch,none,touch,14,-0.6018554664609705,LKOH
4322,touch,none,dwell,12,-0.43926008051303306,LKOH
4322,touch,none,volume,14,-0.4441381435877393,LKOH
4322,touch,none,swing,13,-0.15409366102629196,LKOH
4322,dwell,none,touch,10,-0.14344913767655346,LKOH
4322,dwell,none,dwell,8,0.5154274662569085,LKOH
4322,dwell,none,volume,10,-0.06865325482952521,LKOH
4322,dwell,none,swing,13,-0.16130869603779024,LKOH
4322,volume,none,touch,14,-0.572325185772069,LKOH
4322,volume,none,dwell,12,-0.3326989450538051,LKOH
4322,volume,none,volume,14,-0.42211384494563375,LKOH
4322,volume,none,swing,13,-0.24989477714322098,LKOH
4322,swing,none,touch,13,-0.7301474419221406,LKOH
4322,swing,none,dwell,12,-0.5184288195370391,LKOH
4322,swing,none,volume,12,-0.47835876555344564,LKOH
4322,swing,none,swing,11,-0.5716335830301696,LKOH
4322,touch,hl60,touch,14,-0.4032709793076485,LKOH
4322,touch,hl60,dwell,12,-0.41961124632241464,LKOH
4322,touch,hl60,volume,14,-0.32168010321120777,LKOH
4322,touch,hl60,swing,13,-0.13931419445307092,LKOH
4322,dwell,hl60,touch,10,-0.09089466232946906,LKOH
4322,dwell,hl60,dwell,8,-0.06457645157838145,LKOH
4322,dwell,hl60,volume,10,-0.19069815366722823,LKOH
4322,dwell,hl60,swing,13,-0.25286007909224223,LKOH
4322,volume,hl60,touch,14,-0.4366349265200811,LKOH
4322,volume,hl60,dwell,12,-0.44829653488764815,LKOH
4322,volume,hl60,volume,14,-0.41235360301926816,LKOH
4322,volume,hl60,swing,13,-0.28038037286931067,LKOH
4322,swing,hl60,touch,13,-0.554235166499937,LKOH
4322,swing,hl60,dwell,12,-0.3994325249122459,LKOH
4322,swing,hl60,volume,12,-0.36222785750787595,LKOH
4322,swing,hl60,swing,11,-0.4668563468892143,LKOH
4382,touch,none,touch,5,,LKOH
4382,touch,none,dwell,4,,LKOH
4382,touch,none,volume,5,,LKOH
4382,touch,none,swing,6,,LKOH
4382,dwell,none,touch,4,,LKOH
4382,dwell,none,dwell,3,,LKOH
4382,dwell,none,volume,4,,LKOH
4382,dwell,none,swing,5,,LKOH
4382,volume,none,touch,6,,LKOH
4382,volume,none,dwell,5,,LKOH
4382,volume,none,volume,6,,LKOH
4382,volume,none,swing,5,,LKOH
4382,swing,none,touch,5,,LKOH
4382,swing,none,dwell,5,,LKOH
4382,swing,none,volume,5,,LKOH
4382,swing,none,swing,4,,LKOH
4382,touch,hl60,touch,5,,LKOH
4382,touch,hl60,dwell,4,,LKOH
4382,touch,hl60,volume,5,,LKOH
4382,touch,hl60,swing,6,,LKOH
4382,dwell,hl60,touch,4,,LKOH
4382,dwell,hl60,dwell,3,,LKOH
4382,dwell,hl60,volume,4,,LKOH
4382,dwell,hl60,swing,5,,LKOH
4382,volume,hl60,touch,6,,LKOH
4382,volume,hl60,dwell,5,,LKOH
4382,volume,hl60,volume,6,,LKOH
4382,volume,hl60,swing,5,,LKOH
4382,swing,hl60,touch,5,,LKOH
4382,swing,hl60,dwell,5,,LKOH
4382,swing,hl60,volume,5,,LKOH
4382,swing,hl60,swing,4,,LKOH
4442,touch,none,touch,5,,LKOH
4442,touch,none,dwell,4,,LKOH
4442,touch,none,volume,5,,LKOH
4442,touch,none,swing,4,,LKOH
4442,dwell,none,touch,4,,LKOH
4442,dwell,none,dwell,3,,LKOH
4442,dwell,none,volume,4,,LKOH
4442,dwell,none,swing,4,,LKOH
4442,volume,none,touch,5,,LKOH
4442,volume,none,dwell,4,,LKOH
4442,volume,none,volume,5,,LKOH
4442,volume,none,swing,4,,LKOH
4442,swing,none,touch,6,,LKOH
4442,swing,none,dwell,4,,LKOH
4442,swing,none,volume,4,,LKOH
4442,swing,none,swing,3,,LKOH
4442,touch,hl60,touch,5,,LKOH
4442,touch,hl60,dwell,4,,LKOH
4442,touch,hl60,volume,5,,LKOH
4442,touch,hl60,swing,4,,LKOH
4442,dwell,hl60,touch,4,,LKOH
4442,dwell,hl60,dwell,3,,LKOH
4442,dwell,hl60,volume,4,,LKOH
4442,dwell,hl60,swing,4,,LKOH
4442,volume,hl60,touch,5,,LKOH
4442,volume,hl60,dwell,4,,LKOH
4442,volume,hl60,volume,5,,LKOH
4442,volume,hl60,swing,4,,LKOH
4442,swing,hl60,touch,6,,LKOH
4442,swing,hl60,dwell,4,,LKOH
4442,swing,hl60,volume,4,,LKOH
4442,swing,hl60,swing,3,,LKOH
4502,touch,none,touch,6,,LKOH
4502,touch,none,dwell,6,,LKOH
4502,touch,none,volume,6,,LKOH
4502,touch,none,swing,7,,LKOH
4502,dwell,none,touch,5,,LKOH
4502,dwell,none,dwell,5,,LKOH
4502,dwell,none,volume,5,,LKOH
4502,dwell,none,swing,7,,LKOH
4502,volume,none,touch,7,,LKOH
4502,volume,none,dwell,7,,LKOH
4502,volume,none,volume,7,,LKOH
4502,volume,none,swing,7,,LKOH
4502,swing,none,touch,9,-0.6149917352146643,LKOH
4502,swing,none,dwell,6,,LKOH
4502,swing,none,volume,6,,LKOH
4502,swing,none,swing,6,,LKOH
4502,touch,hl60,touch,6,,LKOH
4502,touch,hl60,dwell,6,,LKOH
4502,touch,hl60,volume,6,,LKOH
4502,touch,hl60,swing,7,,LKOH
4502,dwell,hl60,touch,5,,LKOH
4502,dwell,hl60,dwell,5,,LKOH
4502,dwell,hl60,volume,5,,LKOH
4502,dwell,hl60,swing,7,,LKOH
4502,volume,hl60,touch,7,,LKOH
4502,volume,hl60,dwell,7,,LKOH
4502,volume,hl60,volume,7,,LKOH
4502,volume,hl60,swing,7,,LKOH
4502,swing,hl60,touch,9,-0.017688667838965916,LKOH
4502,swing,hl60,dwell,6,,LKOH
4502,swing,hl60,volume,6,,LKOH
4502,swing,hl60,swing,6,,LKOH
4562,touch,none,touch,20,0.0764201454995162,LKOH
4562,touch,none,dwell,10,0.08517996847335912,LKOH
4562,touch,none,volume,16,0.22385473612032641,LKOH
4562,touch,none,swing,14,-0.028782979776237057,LKOH
4562,dwell,none,touch,19,0.11689486074376407,LKOH
4562,dwell,none,dwell,10,0.20959002578741728,LKOH
4562,dwell,none,volume,16,0.3385357915787464,LKOH
4562,dwell,none,swing,14,0.06765588976808318,LKOH
4562,volume,none,touch,20,0.005898630000006802,LKOH
4562,volume,none,dwell,10,0.12572760921856369,LKOH
4562,volume,none,volume,16,0.19966332415084925,LKOH
4562,volume,none,swing,14,-0.17358430148888546,LKOH
4562,swing,none,touch,22,0.06954203685355738,LKOH
4562,swing,none,dwell,16,0.058572815149733524,LKOH
4562,swing,none,volume,16,0.27563638413313785,LKOH
4562,swing,none,swing,14,0.038919017250887256,LKOH
4562,touch,hl60,touch,20,0.5437937776594661,LKOH
4562,touch,hl60,dwell,10,0.3612803758379793,LKOH
4562,touch,hl60,volume,16,0.46978348157372674,LKOH
4562,touch,hl60,swing,14,0.5214004082520037,LKOH
4562,dwell,hl60,touch,19,0.5382590234624602,LKOH
4562,dwell,hl60,dwell,10,0.3954140780673732,LKOH
4562,dwell,hl60,volume,16,0.46275937340195833,LKOH
4562,dwell,hl60,swing,14,0.512913134644028,LKOH
4562,volume,hl60,touch,20,0.5787271956474569,LKOH
4562,volume,hl60,dwell,10,0.48193195350289,LKOH
4562,volume,hl60,volume,16,0.5411874961944153,LKOH
4562,volume,hl60,swing,14,0.530278388496245,LKOH
4562,swing,hl60,touch,22,0.21473575992648986,LKOH
4562,swing,hl60,dwell,16,0.23497640212186477,LKOH
4562,swing,hl60,volume,16,0.4254337729730491,LKOH
4562,swing,hl60,swing,14,0.41650507955504046,LKOH
4622,touch,none,touch,10,-0.6059213122430381,LKOH
4622,touch,none,dwell,3,,LKOH
4622,touch,none,volume,8,0.21912110847598723,LKOH
4622,touch,none,swing,7,,LKOH
4622,dwell,none,touch,9,-0.5532923685910243,LKOH
4622,dwell,none,dwell,3,,LKOH
4622,dwell,none,volume,7,,LKOH
4622,dwell,none,swing,7,,LKOH
4622,volume,none,touch,10,-0.5717748036936666,LKOH
4622,volume,none,dwell,3,,LKOH
4622,volume,none,volume,8,0.24101676590661378,LKOH
4622,volume,none,swing,7,,LKOH
4622,swing,none,touch,13,-0.7414546299429917,LKOH
4622,swing,none,dwell,8,-0.2698635827869057,LKOH
4622,swing,none,volume,8,0.19228039676094943,LKOH
4622,swing,none,swing,7,,LKOH
4622,touch,hl60,touch,10,-0.18966998221372058,LKOH
4622,touch,hl60,dwell,3,,LKOH
4622,touch,hl60,volume,8,0.14269107803150127,LKOH
4622,touch,hl60,swing,7,,LKOH
4622,dwell,hl60,touch,9,-0.09012732522982594,LKOH
4622,dwell,hl60,dwell,3,,LKOH
4622,dwell,hl60,volume,7,,LKOH
4622,dwell,hl60,swing,7,,LKOH
4622,volume,hl60,touch,10,-0.22668104410296516,LKOH
4622,volume,hl60,dwell,3,,LKOH
4622,volume,hl60,volume,8,0.1126293894273785,LKOH
4622,volume,hl60,swing,7,,LKOH
4622,swing,hl60,touch,13,-0.22739740675661976,LKOH
4622,swing,hl60,dwell,8,0.1919865922383006,LKOH
4622,swing,hl60,volume,8,0.1453453429668114,LKOH
4622,swing,hl60,swing,7,,LKOH
4682,touch,none,touch,13,-0.5266376665380225,LKOH
4682,touch,none,dwell,10,-0.2583317020867115,LKOH
4682,touch,none,volume,12,-0.2114244749250773,LKOH
4682,touch,none,swing,13,-0.16499495273777298,LKOH
4682,dwell,none,touch,6,,LKOH
4682,dwell,none,dwell,4,,LKOH
4682,dwell,none,volume,5,,LKOH
4682,dwell,none,swing,9,-0.5215925838520059,LKOH
4682,volume,none,touch,10,-0.3299470540470064,LKOH
4682,volume,none,dwell,7,,LKOH
4682,volume,none,volume,9,-0.24917476564608257,LKOH
4682,volume,none,swing,9,-0.42724828800026304,LKOH
4682,swing,none,touch,8,-0.45238095238095233,LKOH
4682,swing,none,dwell,7,,LKOH
4682,swing,none,volume,7,,LKOH
4682,swing,none,swing,7,,LKOH
4682,touch,hl60,touch,13,-0.49232059497139796,LKOH
4682,touch,hl60,dwell,10,-0.24276942925351766,LKOH
4682,touch,hl60,volume,12,-0.17869533459490108,LKOH
4682,touch,hl60,swing,13,-0.13252586093804647,LKOH
4682,dwell,hl60,touch,6,,LKOH
4682,dwell,hl60,dwell,4,,LKOH
4682,dwell,hl60,volume,5,,LKOH
4682,dwell,hl60,swing,9,-0.48170621312174355,LKOH
4682,volume,hl60,touch,10,-0.3138695044312204,LKOH
4682,volume,hl60,dwell,7,,LKOH
4682,volume,hl60,volume,9,-0.2282520386067614,LKOH
4682,volume,hl60,swing,9,-0.4396136883914346,LKOH
4682,swing,hl60,touch,8,-0.3774535287561662,LKOH
4682,swing,hl60,dwell,7,,LKOH
4682,swing,hl60,volume,7,,LKOH
4682,swing,hl60,swing,7,,LKOH
4742,touch,none,touch,14,0.10381349813189512,LKOH
4742,touch,none,dwell,9,-0.3241594652862302,LKOH
4742,touch,none,volume,12,-0.15200875534392866,LKOH
4742,touch,none,swing,11,-0.26910748207427054,LKOH
4742,dwell,none,touch,12,-0.084948356729289,LKOH
4742,dwell,none,dwell,8,-0.44051040163855426,LKOH
4742,dwell,none,volume,11,-0.07950896231789904,LKOH
4742,dwell,none,swing,11,-0.32456047609954186,LKOH
4742,volume,none,touch,13,0.12374822706192572,LKOH
4742,volume,none,dwell,9,-0.09031879585081491,LKOH
4742,volume,none,volume,12,0.03884974133151233,LKOH
4742,volume,none,swing,11,-0.01708173493619166,LKOH
4742,swing,none,touch,12,-0.1085741939248902,LKOH
4742,swing,none,dwell,11,-0.26362880097939545,LKOH
4742,swing,none,volume,11,-0.27519629473702195,LKOH
4742,swing,none,swing,10,-0.4344096066831054,LKOH
4742,touch,hl60,touch,14,-0.04192574091152799,LKOH
4742,touch,hl60,dwell,9,-0.39133277604498656,LKOH
4742,touch,hl60,volume,12,-0.20931889287433184,LKOH
4742,touch,hl60,swing,11,-0.3510213596755509,LKOH
4742,dwell,hl60,touch,12,-0.1661296404381001,LKOH
4742,dwell,hl60,dwell,8,-0.45919376499888875,LKOH
4742,dwell,hl60,volume,11,-0.1260915340988553,LKOH
4742,dwell,hl60,swing,11,-0.36491603825704294,LKOH
4742,volume,hl60,touch,13,-0.09811385255358374,LKOH
4742,volume,hl60,dwell,9,-0.3156546986968432,LKOH
4742,volume,hl60,volume,12,-0.1395440068801243,LKOH
4742,volume,hl60,swing,11,-0.2605826247124748,LKOH
4742,swing,hl60,touch,12,-0.21569056031009476,LKOH
4742,swing,hl60,dwell,11,-0.3130235157328741,LKOH
4742,swing,hl60,volume,11,-0.3269374430675388,LKOH
4742,swing,hl60,swing,10,-0.515696904830937,LKOH
4802,touch,none,touch,12,0.8666345830518192,LKOH
4802,touch,none,dwell,8,0.6639920352089372,LKOH
4802,touch,none,volume,10,0.7046653651847788,LKOH
4802,touch,none,swing,9,0.42790890994544606,LKOH
4802,dwell,none,touch,12,0.800828846046109,LKOH
4802,dwell,none,dwell,8,0.6737126277609764,LKOH
4802,dwell,none,volume,10,0.574842669400818,LKOH
4802,dwell,none,swing,9,0.48496120522920616,LKOH
4802,volume,none,touch,12,0.7055380426503545,LKOH
4802,volume,none,dwell,8,0.7488495766969983,LKOH
4802,volume,none,volume,10,0.5552934491820735,LKOH
4802,volume,none,swing,9,0.5994731847463145,LKOH
4802,swing,none,touch,11,0.5638093621007391,LKOH
4802,swing,none,dwell,10,0.3334605154430004,LKOH
4802,swing,none,volume,10,0.2734462284382043,LKOH
4802,swing,none,swing,9,0.06188744856428758,LKOH
4802,touch,hl60,touch,12,0.856116377818749,LKOH
4802,touch,hl60,dwell,8,0.8095714383396985,LKOH
4802,touch,hl60,volume,10,0.7734826598217974,LKOH
4802,touch,hl60,swing,9,0.561915225691873,LKOH
4802,dwell,hl60,touch,12,0.6706427187523424,LKOH
4802,dwell,hl60,dwell,8,0.7474990326367684,LKOH
4802,dwell,hl60,volume,10,0.49906510528322573,LKOH
4802,dwell,hl60,swing,9,0.4601409608635514,LKOH
4802,volume,hl60,touch,12,0.4788541915581255,LKOH
4802,volume,hl60,dwell,8,0.7393637734989478,LKOH
4802,volume,hl60,volume,10,0.2889301024030212,LKOH
4802,volume,hl60,swing,9,0.28498419898709704,LKOH
4802,swing,hl60,touch,11,0.3185658112676086,LKOH
4802,swing,hl60,dwell,10,0.18995455612815804,LKOH
4802,swing,hl60,volume,10,0.17997016188171777,LKOH
4802,swing,hl60,swing,9,0.06140319501719813,LKOH
4862,touch,none,touch,19,0.13589387811727865,LKOH
4862,touch,none,dwell,14,-0.0014134042871933748,LKOH
4862,touch,none,volume,18,-0.20679580018160534,LKOH
4862,touch,none,swing,16,0.10500741138045801,LKOH
4862,dwell,none,touch,14,0.13707082412963353,LKOH
4862,dwell,none,dwell,11,-0.2314855784976692,LKOH
4862,dwell,none,volume,12,-0.2818944586902866,LKOH
4862,dwell,none,swing,14,0.02408980672549633,LKOH
4862,volume,none,touch,16,0.19984190025257492,LKOH
4862,volume,none,dwell,13,-0.02430614952727298,LKOH
4862,volume,none,volume,15,-0.15139319954032898,LKOH
4862,volume,none,swing,14,0.05223140573326932,LKOH
4862,swing,none,touch,16,0.6044087905547388,LKOH
4862,swing,none,dwell,14,0.6470075777336824,LKOH
4862,swing,none,volume,14,0.16394747267985324,LKOH
4862,swing,none,swing,13,0.5064534018464506,LKOH
4862,touch,hl60,touch,19,0.1940892073721034,LKOH
4862,touch,hl60,dwell,14,0.012400499401444866,LKOH
4862,touch,hl60,volume,18,-0.1727126005545117,LKOH
4862,touch,hl60,swing,16,0.10462439963622493,LKOH
4862,dwell,hl60,touch,14,0.15087448417034144,LKOH
4862,dwell,hl60,dwell,11,-0.20330546572071986,LKOH
4862,dwell,hl60,volume,12,-0.23914608296221404,LKOH
4862,dwell,hl60,swing,14,-0.0014530271831006383,LKOH
4862,volume,hl60,touch,16,0.2161840192202038,LKOH
4862,volume,hl60,dwell,13,-0.02781187085675929,LKOH
4862,volume,hl60,volume,15,-0.14444727246546082,LKOH
4862,volume,hl60,swing,14,0.012323169636874133,LKOH
4862,swing,hl60,touch,16,0.6234399520912348,LKOH
4862,swing,hl60,dwell,14,0.6167809780544128,LKOH
4862,swing,hl60,volume,14,0.18864687573425826,LKOH
4862,swing,hl60,swing,13,0.44295652545955233,LKOH
4922,touch,none,touch,0,,LKOH
4922,touch,none,dwell,0,,LKOH
4922,touch,none,volume,1,,LKOH
4922,touch,none,swing,0,,LKOH
4922,dwell,none,touch,0,,LKOH
4922,dwell,none,dwell,0,,LKOH
4922,dwell,none,volume,0,,LKOH
4922,dwell,none,swing,0,,LKOH
4922,volume,none,touch,0,,LKOH
4922,volume,none,dwell,0,,LKOH
4922,volume,none,volume,1,,LKOH
4922,volume,none,swing,0,,LKOH
4922,swing,none,touch,1,,LKOH
4922,swing,none,dwell,0,,LKOH
4922,swing,none,volume,0,,LKOH
4922,swing,none,swing,0,,LKOH
4922,touch,hl60,touch,0,,LKOH
4922,touch,hl60,dwell,0,,LKOH
4922,touch,hl60,volume,1,,LKOH
4922,touch,hl60,swing,0,,LKOH
4922,dwell,hl60,touch,0,,LKOH
4922,dwell,hl60,dwell,0,,LKOH
4922,dwell,hl60,volume,0,,LKOH
4922,dwell,hl60,swing,0,,LKOH
4922,volume,hl60,touch,0,,LKOH
4922,volume,hl60,dwell,0,,LKOH
4922,volume,hl60,volume,1,,LKOH
4922,volume,hl60,swing,0,,LKOH
4922,swing,hl60,touch,1,,LKOH
4922,swing,hl60,dwell,0,,LKOH
4922,swing,hl60,volume,0,,LKOH
4922,swing,hl60,swing,0,,LKOH
4982,touch,none,touch,2,,LKOH
4982,touch,none,dwell,1,,LKOH
4982,touch,none,volume,2,,LKOH
4982,touch,none,swing,3,,LKOH
4982,dwell,none,touch,1,,LKOH
4982,dwell,none,dwell,1,,LKOH
4982,dwell,none,volume,1,,LKOH
4982,dwell,none,swing,2,,LKOH
4982,volume,none,touch,2,,LKOH
4982,volume,none,dwell,1,,LKOH
4982,volume,none,volume,2,,LKOH
4982,volume,none,swing,2,,LKOH
4982,swing,none,touch,1,,LKOH
4982,swing,none,dwell,1,,LKOH
4982,swing,none,volume,1,,LKOH
4982,swing,none,swing,1,,LKOH
4982,touch,hl60,touch,2,,LKOH
4982,touch,hl60,dwell,1,,LKOH
4982,touch,hl60,volume,2,,LKOH
4982,touch,hl60,swing,3,,LKOH
4982,dwell,hl60,touch,1,,LKOH
4982,dwell,hl60,dwell,1,,LKOH
4982,dwell,hl60,volume,1,,LKOH
4982,dwell,hl60,swing,2,,LKOH
4982,volume,hl60,touch,2,,LKOH
4982,volume,hl60,dwell,1,,LKOH
4982,volume,hl60,volume,2,,LKOH
4982,volume,hl60,swing,2,,LKOH
4982,swing,hl60,touch,1,,LKOH
4982,swing,hl60,dwell,1,,LKOH
4982,swing,hl60,volume,1,,LKOH
4982,swing,hl60,swing,1,,LKOH
5042,touch,none,touch,6,,LKOH
5042,touch,none,dwell,5,,LKOH
5042,touch,none,volume,6,,LKOH
5042,touch,none,swing,7,,LKOH
5042,dwell,none,touch,6,,LKOH
5042,dwell,none,dwell,5,,LKOH
5042,dwell,none,volume,6,,LKOH
5042,dwell,none,swing,6,,LKOH
5042,volume,none,touch,6,,LKOH
5042,volume,none,dwell,5,,LKOH
5042,volume,none,volume,6,,LKOH
5042,volume,none,swing,6,,LKOH
5042,swing,none,touch,8,-0.742004904616664,LKOH
5042,swing,none,dwell,6,,LKOH
5042,swing,none,volume,6,,LKOH
5042,swing,none,swing,6,,LKOH
5042,touch,hl60,touch,6,,LKOH
5042,touch,hl60,dwell,5,,LKOH
5042,touch,hl60,volume,6,,LKOH
5042,touch,hl60,swing,7,,LKOH
5042,dwell,hl60,touch,6,,LKOH
5042,dwell,hl60,dwell,5,,LKOH
5042,dwell,hl60,volume,6,,LKOH
5042,dwell,hl60,swing,6,,LKOH
5042,volume,hl60,touch,6,,LKOH
5042,volume,hl60,dwell,5,,LKOH
5042,volume,hl60,volume,6,,LKOH
5042,volume,hl60,swing,6,,LKOH
5042,swing,hl60,touch,8,-0.705538710276229,LKOH
5042,swing,hl60,dwell,6,,LKOH
5042,swing,hl60,volume,6,,LKOH
5042,swing,hl60,swing,6,,LKOH
5102,touch,none,touch,6,,LKOH
5102,touch,none,dwell,4,,LKOH
5102,touch,none,volume,6,,LKOH
5102,touch,none,swing,5,,LKOH
5102,dwell,none,touch,6,,LKOH
5102,dwell,none,dwell,4,,LKOH
5102,dwell,none,volume,6,,LKOH
5102,dwell,none,swing,5,,LKOH
5102,volume,none,touch,6,,LKOH
5102,volume,none,dwell,4,,LKOH
5102,volume,none,volume,6,,LKOH
5102,volume,none,swing,5,,LKOH
5102,swing,none,touch,6,,LKOH
5102,swing,none,dwell,6,,LKOH
5102,swing,none,volume,6,,LKOH
5102,swing,none,swing,5,,LKOH
5102,touch,hl60,touch,6,,LKOH
5102,touch,hl60,dwell,4,,LKOH
5102,touch,hl60,volume,6,,LKOH
5102,touch,hl60,swing,5,,LKOH
5102,dwell,hl60,touch,6,,LKOH
5102,dwell,hl60,dwell,4,,LKOH
5102,dwell,hl60,volume,6,,LKOH
5102,dwell,hl60,swing,5,,LKOH
5102,volume,hl60,touch,6,,LKOH
5102,volume,hl60,dwell,4,,LKOH
5102,volume,hl60,volume,6,,LKOH
5102,volume,hl60,swing,5,,LKOH
5102,swing,hl60,touch,6,,LKOH
5102,swing,hl60,dwell,6,,LKOH
5102,swing,hl60,volume,6,,LKOH
5102,swing,hl60,swing,5,,LKOH
5162,touch,none,touch,14,0.37639210395246636,LKOH
5162,touch,none,dwell,13,-0.018839706521785935,LKOH
5162,touch,none,volume,14,0.008669013857732989,LKOH
5162,touch,none,swing,12,0.13687727425310056,LKOH
5162,dwell,none,touch,14,0.29081480023702855,LKOH
5162,dwell,none,dwell,13,-0.023226901714756023,LKOH
5162,dwell,none,volume,14,-0.0481628903003172,LKOH
5162,dwell,none,swing,12,0.20822449558431136,LKOH
5162,volume,none,touch,14,0.0064682943528226195,LKOH
5162,volume,none,dwell,13,-0.1973600102638199,LKOH
5162,volume,none,volume,14,0.04294788437814472,LKOH
5162,volume,none,swing,12,-0.10710270970501137,LKOH
5162,swing,none,touch,15,0.39623794843033894,LKOH
5162,swing,none,dwell,14,0.03960152882729404,LKOH
5162,swing,none,volume,14,-0.050795315754771066,LKOH
5162,swing,none,swing,12,0.054472799438603184,LKOH
5162,touch,hl60,touch,14,0.48193761798918183,LKOH
5162,touch,hl60,dwell,13,0.17653266510431212,LKOH
5162,touch,hl60,volume,14,-0.12153308921432988,LKOH
5162,touch,hl60,swing,12,0.36788993777145773,LKOH
5162,dwell,hl60,touch,14,0.35871492455922904,LKOH
5162,dwell,hl60,dwell,13,0.13563083238712445,LKOH
5162,dwell,hl60,volume,14,-0.1458771525201625,LKOH
5162,dwell,hl60,swing,12,0.4140034859016358,LKOH
5162,volume,hl60,touch,14,0.2111108004021256,LKOH
5162,volume,hl60,dwell,13,0.008746012242083417,LKOH
5162,volume,hl60,volume,14,-0.13742431754695605,LKOH
5162,volume,hl60,swing,12,0.22080361256870887,LKOH
5162,swing,hl60,touch,15,0.3465911499863039,LKOH
5162,swing,hl60,dwell,14,-0.008648587505673412,LKOH
5162,swing,hl60,volume,14,-0.2430868325298393,LKOH
5162,swing,hl60,swing,12,0.09556299406893708,LKOH
5222,touch,none,touch,9,0.1400311644258448,LKOH
5222,touch,none,dwell,8,0.5727305888445501,LKOH
5222,touch,none,volume,9,0.041375748474192495,LKOH
5222,touch,none,swing,8,0.1714289222230666,LKOH
5222,dwell,none,touch,9,0.15920596078605095,LKOH
5222,dwell,none,dwell,8,0.6604160956360317,LKOH
5222,dwell,none,volume,9,0.10657023821972714,LKOH
5222,dwell,none,swing,8,0.2325394454024823,LKOH
5222,volume,none,touch,9,0.07208704423108184,LKOH
5222,volume,none,dwell,8,0.5821465143994592,LKOH
5222,volume,none,volume,9,0.0769627980391846,LKOH
5222,volume,none,swing,8,0.14338179627010544,LKOH
5222,swing,none,touch,10,0.14777335568236688,LKOH
5222,swing,none,dwell,9,0.05695500760795665,LKOH
5222,swing,none,volume,9,0.014684212153269495,LKOH
5222,swing,none,swing,8,0.09418561924927642,LKOH
5222,touch,hl60,touch,9,0.1664465493198975,LKOH
5222,touch,hl60,dwell,8,0.5426313667077698,LKOH
5222,touch,hl60,volume,9,0.020404321524369974,LKOH
5222,touch,hl60,swing,8,0.17220769522339083,LKOH
5222,dwell,hl60,touch,9,0.2242094937836379,LKOH
5222,dwell,hl60,dwell,8,0.6607382829730923,LKOH
5222,dwell,hl60,volume,9,0.0969404801334374,LKOH
5222,dwell,hl60,swing,8,0.2533208565282075,LKOH
5222,volume,hl60,touch,9,0.26657091468978006,LKOH
5222,volume,hl60,dwell,8,0.5151155477693509,LKOH
5222,volume,hl60,volume,9,0.08503241881131936,LKOH
5222,volume,hl60,swing,8,0.24561903935656187,LKOH
5222,swing,hl60,touch,10,0.22589128125867827,LKOH
5222,swing,hl60,dwell,9,0.1209084439597413,LKOH
5222,swing,hl60,volume,9,0.03242672631781905,LKOH
5222,swing,hl60,swing,8,0.16578094268528998,LKOH
5282,touch,none,touch,11,0.6394651000049207,LKOH
5282,touch,none,dwell,6,,LKOH
5282,touch,none,volume,10,0.45469539927728997,LKOH
5282,touch,none,swing,10,0.570061539725714,LKOH
5282,dwell,none,touch,11,0.5844082126563833,LKOH
5282,dwell,none,dwell,6,,LKOH
5282,dwell,none,volume,10,0.5069694512833051,LKOH
5282,dwell,none,swing,10,0.5554498912933657,LKOH
5282,volume,none,touch,11,0.4909196344335489,LKOH
5282,volume,none,dwell,6,,LKOH
5282,volume,none,volume,10,0.38273753715378567,LKOH
5282,volume,none,swing,10,0.4524348404752285,LKOH
5282,swing,none,touch,12,0.5431511624110829,LKOH
5282,swing,none,dwell,9,0.42274959236995546,LKOH
5282,swing,none,volume,9,0.340521773820396,LKOH
5282,swing,none,swing,9,0.34669961163079416,LKOH
5282,touch,hl60,touch,11,0.8066335823600189,LKOH
5282,touch,hl60,dwell,6,,LKOH
5282,touch,hl60,volume,10,0.7815177789678324,LKOH
5282,touch,hl60,swing,10,0.7089004630546989,LKOH
5282,dwell,hl60,touch,11,0.748720294136472,LKOH
5282,dwell,hl60,dwell,6,,LKOH
5282,dwell,hl60,volume,10,0.8236671473840432,LKOH
5282,dwell,hl60,swing,10,0.7078022604697342,LKOH
5282,volume,hl60,touch,11,0.53816426721164,LKOH
5282,volume,hl60,dwell,6,,LKOH
5282,volume,hl60,volume,10,0.5881136567230313,LKOH
5282,volume,hl60,swing,10,0.47647962429953133,LKOH
5282,swing,hl60,touch,12,0.8409921563884925,LKOH
5282,swing,hl60,dwell,9,0.7876131682801529,LKOH
5282,swing,hl60,volume,9,0.9005733123268664,LKOH
5282,swing,hl60,swing,9,0.7038693224788624,LKOH
5342,touch,none,touch,12,0.18132318135361283,LKOH
5342,touch,none,dwell,10,0.06042588199973141,LKOH
5342,touch,none,volume,12,0.10525031691458399,LKOH
5342,touch,none,swing,12,0.21091814652419025,LKOH
5342,dwell,none,touch,12,0.02453807266370057,LKOH
5342,dwell,none,dwell,10,-0.07318179431853927,LKOH
5342,dwell,none,volume,12,-0.009767518440692074,LKOH
5342,dwell,none,swing,12,0.09739353726713328,LKOH
5342,volume,none,touch,12,-0.06797569412479135,LKOH
5342,volume,none,dwell,10,-0.19900188453944323,LKOH
5342,volume,none,volume,12,-0.09084430060189075,LKOH
5342,volume,none,swing,12,-0.007446599058765759,LKOH
5342,swing,none,touch,14,0.23378773992670931,LKOH
5342,swing,none,dwell,12,0.09356777322144035,LKOH
5342,swing,none,volume,12,0.03656754388924321,LKOH
5342,swing,none,swing,12,0.08398966860788809,LKOH
5342,touch,hl60,touch,12,-0.0592442569372835,LKOH
5342,touch,hl60,dwell,10,-0.14437090432168737,LKOH
5342,touch,hl60,volume,12,-0.15944144276036293,LKOH
5342,touch,hl60,swing,12,-0.005769249838367459,LKOH
5342,dwell,hl60,touch,12,-0.08936800996945787,LKOH
5342,dwell,hl60,dwell,10,-0.15361616702759526,LKOH
5342,dwell,hl60,volume,12,-0.17552372120314172,LKOH
5342,dwell,hl60,swing,12,-0.017517516500554515,LKOH
5342,volume,hl60,touch,12,-0.15437421064936097,LKOH
5342,volume,hl60,dwell,10,-0.20197684081665454,LKOH
5342,volume,hl60,volume,12,-0.22260718490709241,LKOH
5342,volume,hl60,swing,12,-0.08940796676814193,LKOH
5342,swing,hl60,touch,14,0.0638869947263403,LKOH
5342,swing,hl60,dwell,12,-0.038205207670966405,LKOH
5342,swing,hl60,volume,12,-0.16624538756195267,LKOH
5342,swing,hl60,swing,12,-0.013568013958928482,LKOH
5402,touch,none,touch,10,-0.5766728515690974,LKOH
5402,touch,none,dwell,8,-0.5663054990474663,LKOH
5402,touch,none,volume,10,-0.5292965936941175,LKOH
5402,touch,none,swing,8,-0.5727156102735892,LKOH
5402,dwell,none,touch,10,-0.5430711854677504,LKOH
5402,dwell,none,dwell,8,-0.609022487458122,LKOH
5402,dwell,none,volume,10,-0.5778290255437076,LKOH
5402,dwell,none,swing,8,-0.5831432103125117,LKOH
5402,volume,none,touch,10,-0.427185024320817,LKOH
5402,volume,none,dwell,8,-0.61009894049105,LKOH
5402,volume,none,volume,10,-0.44094361862115333,LKOH
5402,volume,none,swing,8,-0.5955402110859438,LKOH
5402,swing,none,touch,10,-0.6147309139182244,LKOH
5402,swing,none,dwell,10,-0.6426428220980942,LKOH
5402,swing,none,volume,10,-0.6321222848877186,LKOH
5402,swing,none,swing,8,-0.6221399087236661,LKOH
5402,touch,hl60,touch,10,-0.7305149859253135,LKOH
5402,touch,hl60,dwell,8,-0.6073489760723076,LKOH
5402,touch,hl60,volume,10,-0.6825153352279396,LKOH
5402,touch,hl60,swing,8,-0.6155191326778778,LKOH
5402,dwell,hl60,touch,10,-0.6199062199989616,LKOH
5402,dwell,hl60,dwell,8,-0.6422285740672373,LKOH
5402,dwell,hl60,volume,10,-0.6470815225303728,LKOH
5402,dwell,hl60,swing,8,-0.6186993668749434,LKOH
5402,volume,hl60,touch,10,-0.6399758767435677,LKOH
5402,volume,hl60,dwell,8,-0.5994780214613389,LKOH
5402,volume,hl60,volume,10,-0.6377197579456039,LKOH
5402,volume,hl60,swing,8,-0.5783293044205214,LKOH
5402,swing,hl60,touch,10,-0.6740625195999757,LKOH
5402,swing,hl60,dwell,10,-0.7162622533403782,LKOH
5402,swing,hl60,volume,10,-0.6834957836377857,LKOH
5402,swing,hl60,swing,8,-0.6710690261278635,LKOH
5462,touch,none,touch,6,,LKOH
5462,touch,none,dwell,5,,LKOH
5462,touch,none,volume,6,,LKOH
5462,touch,none,swing,7,,LKOH
5462,dwell,none,touch,6,,LKOH
5462,dwell,none,dwell,5,,LKOH
5462,dwell,none,volume,6,,LKOH
5462,dwell,none,swing,6,,LKOH
5462,volume,none,touch,6,,LKOH
5462,volume,none,dwell,5,,LKOH
5462,volume,none,volume,6,,LKOH
5462,volume,none,swing,6,,LKOH
5462,swing,none,touch,6,,LKOH
5462,swing,none,dwell,6,,LKOH
5462,swing,none,volume,6,,LKOH
5462,swing,none,swing,6,,LKOH
5462,touch,hl60,touch,6,,LKOH
5462,touch,hl60,dwell,5,,LKOH
5462,touch,hl60,volume,6,,LKOH
5462,touch,hl60,swing,7,,LKOH
5462,dwell,hl60,touch,6,,LKOH
5462,dwell,hl60,dwell,5,,LKOH
5462,dwell,hl60,volume,6,,LKOH
5462,dwell,hl60,swing,6,,LKOH
5462,volume,hl60,touch,6,,LKOH
5462,volume,hl60,dwell,5,,LKOH
5462,volume,hl60,volume,6,,LKOH
5462,volume,hl60,swing,6,,LKOH
5462,swing,hl60,touch,6,,LKOH
5462,swing,hl60,dwell,6,,LKOH
5462,swing,hl60,volume,6,,LKOH
5462,swing,hl60,swing,6,,LKOH
5522,touch,none,touch,8,0.4350426421406291,LKOH
5522,touch,none,dwell,6,,LKOH
5522,touch,none,volume,8,0.28411613227041677,LKOH
5522,touch,none,swing,7,,LKOH
5522,dwell,none,touch,8,0.43703137627992733,LKOH
5522,dwell,none,dwell,6,,LKOH
5522,dwell,none,volume,8,0.23117807377818347,LKOH
5522,dwell,none,swing,7,,LKOH
5522,volume,none,touch,8,0.679110159559385,LKOH
5522,volume,none,dwell,6,,LKOH
5522,volume,none,volume,8,0.43661300039142603,LKOH
5522,volume,none,swing,7,,LKOH
5522,swing,none,touch,8,0.3631104842732968,LKOH
5522,swing,none,dwell,8,0.2684549285421607,LKOH
5522,swing,none,volume,8,0.14477936447555703,LKOH
5522,swing,none,swing,7,,LKOH
5522,touch,hl60,touch,8,0.6893398964062164,LKOH
5522,touch,hl60,dwell,6,,LKOH
5522,touch,hl60,volume,8,0.44421576183449263,LKOH
5522,touch,hl60,swing,7,,LKOH
5522,dwell,hl60,touch,8,0.5269836221394167,LKOH
5522,dwell,hl60,dwell,6,,LKOH
5522,dwell,hl60,volume,8,0.3191434053935486,LKOH
5522,dwell,hl60,swing,7,,LKOH
5522,volume,hl60,touch,8,0.7608856311001087,LKOH
5522,volume,hl60,dwell,6,,LKOH
5522,volume,hl60,volume,8,0.46682571431927444,LKOH
5522,volume,hl60,swing,7,,LKOH
5522,swing,hl60,touch,8,0.3881500324951845,LKOH
5522,swing,hl60,dwell,8,0.18443792480679386,LKOH
5522,swing,hl60,volume,8,0.16696973674441112,LKOH
5522,swing,hl60,swing,7,,LKOH
5582,touch,none,touch,6,,LKOH
5582,touch,none,dwell,5,,LKOH
5582,touch,none,volume,6,,LKOH
5582,touch,none,swing,6,,LKOH
5582,dwell,none,touch,6,,LKOH
5582,dwell,none,dwell,5,,LKOH
5582,dwell,none,volume,6,,LKOH
5582,dwell,none,swing,5,,LKOH
5582,volume,none,touch,6,,LKOH
5582,volume,none,dwell,5,,LKOH
5582,volume,none,volume,6,,LKOH
5582,volume,none,swing,5,,LKOH
5582,swing,none,touch,7,,LKOH
5582,swing,none,dwell,6,,LKOH
5582,swing,none,volume,6,,LKOH
5582,swing,none,swing,5,,LKOH
5582,touch,hl60,touch,6,,LKOH
5582,touch,hl60,dwell,5,,LKOH
5582,touch,hl60,volume,6,,LKOH
5582,touch,hl60,swing,6,,LKOH
5582,dwell,hl60,touch,6,,LKOH
5582,dwell,hl60,dwell,5,,LKOH
5582,dwell,hl60,volume,6,,LKOH
5582,dwell,hl60,swing,5,,LKOH
5582,volume,hl60,touch,6,,LKOH
5582,volume,hl60,dwell,5,,LKOH
5582,volume,hl60,volume,6,,LKOH
5582,volume,hl60,swing,5,,LKOH
5582,swing,hl60,touch,7,,LKOH
5582,swing,hl60,dwell,6,,LKOH
5582,swing,hl60,volume,6,,LKOH
5582,swing,hl60,swing,5,,LKOH
5642,touch,none,touch,9,-0.7276320541458201,LKOH
5642,touch,none,dwell,8,-0.3289315414539361,LKOH
5642,touch,none,volume,8,-0.2087997934578972,LKOH
5642,touch,none,swing,8,-0.09407785257853186,LKOH
5642,dwell,none,touch,7,,LKOH
5642,dwell,none,dwell,6,,LKOH
5642,dwell,none,volume,6,,LKOH
5642,dwell,none,swing,8,-0.21154054774744435,LKOH
5642,volume,none,touch,9,-0.3194812437495235,LKOH
5642,volume,none,dwell,8,-0.6042863136314426,LKOH
5642,volume,none,volume,8,-0.3879016234352059,LKOH
5642,volume,none,swing,8,-0.5086870997503594,LKOH
5642,swing,none,touch,10,-0.7255370586470707,LKOH
5642,swing,none,dwell,8,-0.5233237137294472,LKOH
5642,swing,none,volume,8,-0.35679917116097914,LKOH
5642,swing,none,swing,8,-0.3191423692521127,LKOH
5642,touch,hl60,touch,9,-0.5477397350516672,LKOH
5642,touch,hl60,dwell,8,-0.48259253891118875,LKOH
5642,touch,hl60,volume,8,-0.25273982774228704,LKOH
5642,touch,hl60,swing,8,-0.3330741340093803,LKOH
5642,dwell,hl60,touch,7,,LKOH
5642,dwell,hl60,dwell,6,,LKOH
5642,dwell,hl60,volume,6,,LKOH
5642,dwell,hl60,swing,8,-0.42386316814638136,LKOH
5642,volume,hl60,touch,9,-0.28160188871744163,LKOH
5642,volume,hl60,dwell,8,-0.6385717046053946,LKOH
5642,volume,hl60,volume,8,-0.3562628140324289,LKOH
5642,volume,hl60,swing,8,-0.5535595831950487,LKOH
5642,swing,hl60,touch,10,-0.5632802217121964,LKOH
5642,swing,hl60,dwell,8,-0.6623424414388093,LKOH
5642,swing,hl60,volume,8,-0.41158059495408716,LKOH
5642,swing,hl60,swing,8,-0.4864006410274761,LKOH
5702,touch,none,touch,11,0.551510779201723,LKOH
5702,touch,none,dwell,9,0.6159392446517545,LKOH
5702,touch,none,volume,11,0.3251598812471803,LKOH
5702,touch,none,swing,10,0.1603160133155221,LKOH
5702,dwell,none,touch,9,0.15957450125239345,LKOH
5702,dwell,none,dwell,8,0.7442966489328269,LKOH
5702,dwell,none,volume,9,-0.07251185877790384,LKOH
5702,dwell,none,swing,10,0.13674289210211707,LKOH
5702,volume,none,touch,10,0.473266920542721,LKOH
5702,volume,none,dwell,9,0.5719024150759526,LKOH
5702,volume,none,volume,10,0.16437341727354704,LKOH
5702,volume,none,swing,10,0.24650529420233036,LKOH
5702,swing,none,touch,11,-0.01495065303214095,LKOH
5702,swing,none,dwell,9,-0.03383689325023186,LKOH
5702,swing,none,volume,9,-0.18910070751483635,LKOH
5702,swing,none,swing,9,-0.023557142371577227,LKOH
5702,touch,hl60,touch,11,0.7328193243668748,LKOH
5702,touch,hl60,dwell,9,0.628889869949626,LKOH
5702,touch,hl60,volume,11,0.32447363284164005,LKOH
5702,touch,hl60,swing,10,0.23950665981644842,LKOH
5702,dwell,hl60,touch,9,0.5533334339657019,LKOH
5702,dwell,hl60,dwell,8,0.7852733740571729,LKOH
5702,dwell,hl60,volume,9,-0.016400180005913652,LKOH
5702,dwell,hl60,swing,10,0.26355019294746335,LKOH
5702,volume,hl60,touch,10,0.6534538061645916,LKOH
5702,volume,hl60,dwell,9,0.6518458021839384,LKOH
5702,volume,hl60,volume,10,0.16337259833438092,LKOH
5702,volume,hl60,swing,10,0.27823945239395864,LKOH
5702,swing,hl60,touch,11,0.6051633268597473,LKOH
5702,swing,hl60,dwell,9,0.29857784499693446,LKOH
5702,swing,hl60,volume,9,-0.18610378991908158,LKOH
5702,swing,hl60,swing,9,0.07324626923790731,LKOH
3219,touch,none,touch,9,0.6681251765108664,MGNT
3219,touch,none,dwell,8,0.447049907293644,MGNT
3219,touch,none,volume,9,0.5227484229701865,MGNT
3219,touch,none,swing,9,0.5896769592362701,MGNT
3219,dwell,none,touch,8,0.7107130172890906,MGNT
3219,dwell,none,dwell,7,,MGNT
3219,dwell,none,volume,8,0.562959421778561,MGNT
3219,dwell,none,swing,7,,MGNT
3219,volume,none,touch,8,0.6831546056529428,MGNT
3219,volume,none,dwell,7,,MGNT
3219,volume,none,volume,8,0.5445774712801673,MGNT
3219,volume,none,swing,7,,MGNT
3219,swing,none,touch,9,0.5278079128732108,MGNT
3219,swing,none,dwell,8,0.6668618147571977,MGNT
3219,swing,none,volume,8,0.6709931418178298,MGNT
3219,swing,none,swing,7,,MGNT
3219,touch,hl60,touch,9,0.5794793467264423,MGNT
3219,touch,hl60,dwell,8,0.32196662485987315,MGNT
3219,touch,hl60,volume,9,0.45218377745204125,MGNT
3219,touch,hl60,swing,9,0.4744790683849629,MGNT
3219,dwell,hl60,touch,8,0.590216089313966,MGNT
3219,dwell,hl60,dwell,7,,MGNT
3219,dwell,hl60,volume,8,0.4774638809145437,MGNT
3219,dwell,hl60,swing,7,,MGNT
3219,volume,hl60,touch,8,0.5350529464246698,MGNT
3219,volume,hl60,dwell,7,,MGNT
3219,volume,hl60,volume,8,0.4286697638335194,MGNT
3219,volume,hl60,swing,7,,MGNT
3219,swing,hl60,touch,9,0.7256391767536653,MGNT
3219,swing,hl60,dwell,8,0.6012790220432018,MGNT
3219,swing,hl60,volume,8,0.6297197354456935,MGNT
3219,swing,hl60,swing,7,,MGNT
3279,touch,none,touch,8,-0.28421145023449723,MGNT
3279,touch,none,dwell,7,,MGNT
3279,touch,none,volume,8,0.17947769141286704,MGNT
3279,touch,none,swing,8,-0.8136782917650685,MGNT
3279,dwell,none,touch,7,,MGNT
3279,dwell,none,dwell,6,,MGNT
3279,dwell,none,volume,7,,MGNT
3279,dwell,none,swing,6,,MGNT
3279,volume,none,touch,7,,MGNT
3279,volume,none,dwell,6,,MGNT
3279,volume,none,volume,7,,MGNT
3279,volume,none,swing,6,,MGNT
3279,swing,none,touch,8,0.5806400876292287,MGNT
3279,swing,none,dwell,7,,MGNT
3279,swing,none,volume,7,,MGNT
3279,swing,none,swing,6,,MGNT
3279,touch,hl60,touch,8,-0.15776700832890211,MGNT
3279,touch,hl60,dwell,7,,MGNT
3279,touch,hl60,volume,8,0.2135947156977948,MGNT
3279,touch,hl60,swing,8,-0.7690260117426,MGNT
3279,dwell,hl60,touch,7,,MGNT
3279,dwell,hl60,dwell,6,,MGNT
3279,dwell,hl60,volume,7,,MGNT
3279,dwell,hl60,swing,6,,MGNT
3279,volume,hl60,touch,7,,MGNT
3279,volume,hl60,dwell,6,,MGNT
3279,volume,hl60,volume,7,,MGNT
3279,volume,hl60,swing,6,,MGNT
3279,swing,hl60,touch,8,0.48887874565312867,MGNT
3279,swing,hl60,dwell,7,,MGNT
3279,swing,hl60,volume,7,,MGNT
3279,swing,hl60,swing,6,,MGNT
3339,touch,none,touch,12,0.035451639784648,MGNT
3339,touch,none,dwell,12,0.06687728718255882,MGNT
3339,touch,none,volume,12,0.43130921599509825,MGNT
3339,touch,none,swing,12,0.048656241129119523,MGNT
3339,dwell,none,touch,11,-0.06063538381844418,MGNT
3339,dwell,none,dwell,11,-0.22371228110248653,MGNT
3339,dwell,none,volume,11,0.17142228617295885,MGNT
3339,dwell,none,swing,11,-0.24899806028240615,MGNT
3339,volume,none,touch,11,0.01807906069978482,MGNT
3339,volume,none,dwell,11,-0.15023754990593427,MGNT
3339,volume,none,volume,11,0.24409242147679625,MGNT
3339,volume,none,swing,11,-0.14864085131765442,MGNT
3339,swing,none,touch,12,-0.06993804621303407,MGNT
3339,swing,none,dwell,11,-0.4026773609829704,MGNT
3339,swing,none,volume,11,0.07979000120062625,MGNT
3339,swing,none,swing,11,-0.40427480638863966,MGNT
3339,touch,hl60,touch,12,0.4799863864324278,MGNT
3339,touch,hl60,dwell,12,0.3313125035638208,MGNT
3339,touch,hl60,volume,12,0.20809178292340658,MGNT
3339,touch,hl60,swing,12,0.5048209997585059,MGNT
3339,dwell,hl60,touch,11,0.33022619536205716,MGNT
3339,dwell,hl60,dwell,11,0.027834110568513468,MGNT
3339,dwell,hl60,volume,11,-0.09369601153927254,MGNT
3339,dwell,hl60,swing,11,0.23783185008625585,MGNT
3339,volume,hl60,touch,11,0.43700088645956064,MGNT
3339,volume,hl60,dwell,11,0.13372354046508805,MGNT
3339,volume,hl60,volume,11,-0.03869529835986712,MGNT
3339,volume,hl60,swing,11,0.3718983387344317,MGNT
3339,swing,hl60,touch,12,0.4351703477352129,MGNT
3339,swing,hl60,dwell,11,-0.0462952107545089,MGNT
3339,swing,hl60,volume,11,-0.11864139850792883,MGNT
3339,swing,hl60,swing,11,0.1820287674096754,MGNT
3399,touch,none,touch,14,0.3834454519123833,MGNT
3399,touch,none,dwell,10,-0.0282938055194168,MGNT
3399,touch,none,volume,14,0.46606774933814804,MGNT
3399,touch,none,swing,14,0.3581971091012548,MGNT
3399,dwell,none,touch,12,0.3991728221883835,MGNT
3399,dwell,none,dwell,10,-0.0005126088399733444,MGNT
3399,dwell,none,volume,11,0.16524503290925452,MGNT
3399,dwell,none,swing,13,0.3649275718393046,MGNT
3399,volume,none,touch,14,0.4300737997679651,MGNT
3399,volume,none,dwell,10,0.1440934405326987,MGNT
3399,volume,none,volume,14,0.5376141150299798,MGNT
3399,volume,none,swing,13,0.39575058054259526,MGNT
3399,swing,none,touch,14,0.5751151875797683,MGNT
3399,swing,none,dwell,12,0.31804294645452164,MGNT
3399,swing,none,volume,12,0.21141248235431445,MGNT
3399,swing,none,swing,11,0.11259479234274854,MGNT
3399,touch,hl60,touch,14,0.5077307334480977,MGNT
3399,touch,hl60,dwell,10,0.1309763119357123,MGNT
3399,touch,hl60,volume,14,0.45420177386133503,MGNT
3399,touch,hl60,swing,14,0.5750086082071499,MGNT
3399,dwell,hl60,touch,12,0.5224225652437582,MGNT
3399,dwell,hl60,dwell,10,0.3258265488998582,MGNT
3399,dwell,hl60,volume,11,0.2956833196284181,MGNT
3399,dwell,hl60,swing,13,0.6196545339769576,MGNT
3399,volume,hl60,touch,14,0.4114051320498365,MGNT
3399,volume,hl60,dwell,10,0.3858214749062217,MGNT
3399,volume,hl60,volume,14,0.6267477089503182,MGNT
3399,volume,hl60,swing,13,0.4840382505042318,MGNT
3399,swing,hl60,touch,14,0.6267820703855618,MGNT
3399,swing,hl60,dwell,12,0.5365268911075974,MGNT
3399,swing,hl60,volume,12,0.32185067734108413,MGNT
3399,swing,hl60,swing,11,0.48280362343341887,MGNT
3459,touch,none,touch,3,,MGNT
3459,touch,none,dwell,2,,MGNT
3459,touch,none,volume,3,,MGNT
3459,touch,none,swing,2,,MGNT
3459,dwell,none,touch,2,,MGNT
3459,dwell,none,dwell,1,,MGNT
3459,dwell,none,volume,2,,MGNT
3459,dwell,none,swing,1,,MGNT
3459,volume,none,touch,2,,MGNT
3459,volume,none,dwell,1,,MGNT
3459,volume,none,volume,2,,MGNT
3459,volume,none,swing,1,,MGNT
3459,swing,none,touch,3,,MGNT
3459,swing,none,dwell,2,,MGNT
3459,swing,none,volume,2,,MGNT
3459,swing,none,swing,1,,MGNT
3459,touch,hl60,touch,3,,MGNT
3459,touch,hl60,dwell,2,,MGNT
3459,touch,hl60,volume,3,,MGNT
3459,touch,hl60,swing,2,,MGNT
3459,dwell,hl60,touch,2,,MGNT
3459,dwell,hl60,dwell,1,,MGNT
3459,dwell,hl60,volume,2,,MGNT
3459,dwell,hl60,swing,1,,MGNT
3459,volume,hl60,touch,2,,MGNT
3459,volume,hl60,dwell,1,,MGNT
3459,volume,hl60,volume,2,,MGNT
3459,volume,hl60,swing,1,,MGNT
3459,swing,hl60,touch,3,,MGNT
3459,swing,hl60,dwell,2,,MGNT
3459,swing,hl60,volume,2,,MGNT
3459,swing,hl60,swing,1,,MGNT
3519,touch,none,touch,5,,MGNT
3519,touch,none,dwell,3,,MGNT
3519,touch,none,volume,5,,MGNT
3519,touch,none,swing,4,,MGNT
3519,dwell,none,touch,3,,MGNT
3519,dwell,none,dwell,2,,MGNT
3519,dwell,none,volume,3,,MGNT
3519,dwell,none,swing,4,,MGNT
3519,volume,none,touch,5,,MGNT
3519,volume,none,dwell,3,,MGNT
3519,volume,none,volume,5,,MGNT
3519,volume,none,swing,4,,MGNT
3519,swing,none,touch,5,,MGNT
3519,swing,none,dwell,5,,MGNT
3519,swing,none,volume,5,,MGNT
3519,swing,none,swing,4,,MGNT
3519,touch,hl60,touch,5,,MGNT
3519,touch,hl60,dwell,3,,MGNT
3519,touch,hl60,volume,5,,MGNT
3519,touch,hl60,swing,4,,MGNT
3519,dwell,hl60,touch,3,,MGNT
3519,dwell,hl60,dwell,2,,MGNT
3519,dwell,hl60,volume,3,,MGNT
3519,dwell,hl60,swing,4,,MGNT
3519,volume,hl60,touch,5,,MGNT
3519,volume,hl60,dwell,3,,MGNT
3519,volume,hl60,volume,5,,MGNT
3519,volume,hl60,swing,4,,MGNT
3519,swing,hl60,touch,5,,MGNT
3519,swing,hl60,dwell,5,,MGNT
3519,swing,hl60,volume,5,,MGNT
3519,swing,hl60,swing,4,,MGNT
3579,touch,none,touch,3,,MGNT
3579,touch,none,dwell,3,,MGNT
3579,touch,none,volume,3,,MGNT
3579,touch,none,swing,3,,MGNT
3579,dwell,none,touch,2,,MGNT
3579,dwell,none,dwell,2,,MGNT
3579,dwell,none,volume,2,,MGNT
3579,dwell,none,swing,3,,MGNT
3579,volume,none,touch,3,,MGNT
3579,volume,none,dwell,3,,MGNT
3579,volume,none,volume,3,,MGNT
3579,volume,none,swing,3,,MGNT
3579,swing,none,touch,4,,MGNT
3579,swing,none,dwell,3,,MGNT
3579,swing,none,volume,3,,MGNT
3579,swing,none,swing,3,,MGNT
3579,touch,hl60,touch,3,,MGNT
3579,touch,hl60,dwell,3,,MGNT
3579,touch,hl60,volume,3,,MGNT
3579,touch,hl60,swing,3,,MGNT
3579,dwell,hl60,touch,2,,MGNT
3579,dwell,hl60,dwell,2,,MGNT
3579,dwell,hl60,volume,2,,MGNT
3579,dwell,hl60,swing,3,,MGNT
3579,volume,hl60,touch,3,,MGNT
3579,volume,hl60,dwell,3,,MGNT
3579,volume,hl60,volume,3,,MGNT
3579,volume,hl60,swing,3,,MGNT
3579,swing,hl60,touch,4,,MGNT
3579,swing,hl60,dwell,3,,MGNT
3579,swing,hl60,volume,3,,MGNT
3579,swing,hl60,swing,3,,MGNT
3639,touch,none,touch,8,-0.14716631879196615,MGNT
3639,touch,none,dwell,6,,MGNT
3639,touch,none,volume,8,-0.1965197572785652,MGNT
3639,touch,none,swing,6,,MGNT
3639,dwell,none,touch,8,-0.23627405987433536,MGNT
3639,dwell,none,dwell,6,,MGNT
3639,dwell,none,volume,8,-0.3046392809898327,MGNT
3639,dwell,none,swing,6,,MGNT
3639,volume,none,touch,8,-0.16581949577123925,MGNT
3639,volume,none,dwell,6,,MGNT
3639,volume,none,volume,8,-0.25014952642405125,MGNT
3639,volume,none,swing,6,,MGNT
3639,swing,none,touch,7,,MGNT
3639,swing,none,dwell,7,,MGNT
3639,swing,none,volume,7,,MGNT
3639,swing,none,swing,5,,MGNT
3639,touch,hl60,touch,8,0.14050879332638538,MGNT
3639,touch,hl60,dwell,6,,MGNT
3639,touch,hl60,volume,8,0.10117153645076515,MGNT
3639,touch,hl60,swing,6,,MGNT
3639,dwell,hl60,touch,8,0.016516775538941743,MGNT
3639,dwell,hl60,dwell,6,,MGNT
3639,dwell,hl60,volume,8,-0.05026323173570931,MGNT
3639,dwell,hl60,swing,6,,MGNT
3639,volume,hl60,touch,8,0.0894221782880154,MGNT
3639,volume,hl60,dwell,6,,MGNT
3639,volume,hl60,volume,8,0.00041489243971454503,MGNT
3639,volume,hl60,swing,6,,MGNT
3639,swing,hl60,touch,7,,MGNT
3639,swing,hl60,dwell,7,,MGNT
3639,swing,hl60,volume,7,,MGNT
3639,swing,hl60,swing,5,,MGNT
3699,touch,none,touch,7,,MGNT
3699,touch,none,dwell,6,,MGNT
3699,touch,none,volume,7,,MGNT
3699,touch,none,swing,7,,MGNT
3699,dwell,none,touch,6,,MGNT
3699,dwell,none,dwell,6,,MGNT
3699,dwell,none,volume,6,,MGNT
3699,dwell,none,swing,7,,MGNT
3699,volume,none,touch,7,,MGNT
3699,volume,none,dwell,6,,MGNT
3699,volume,none,volume,7,,MGNT
3699,volume,none,swing,7,,MGNT
3699,swing,none,touch,7,,MGNT
3699,swing,none,dwell,6,,MGNT
3699,swing,none,volume,6,,MGNT
3699,swing,none,swing,6,,MGNT
3699,touch,hl60,touch,7,,MGNT
3699,touch,hl60,dwell,6,,MGNT
3699,touch,hl60,volume,7,,MGNT
3699,touch,hl60,swing,7,,MGNT
3699,dwell,hl60,touch,6,,MGNT
3699,dwell,hl60,dwell,6,,MGNT
3699,dwell,hl60,volume,6,,MGNT
3699,dwell,hl60,swing,7,,MGNT
3699,volume,hl60,touch,7,,MGNT
3699,volume,hl60,dwell,6,,MGNT
3699,volume,hl60,volume,7,,MGNT
3699,volume,hl60,swing,7,,MGNT
3699,swing,hl60,touch,7,,MGNT
3699,swing,hl60,dwell,6,,MGNT
3699,swing,hl60,volume,6,,MGNT
3699,swing,hl60,swing,6,,MGNT
3759,touch,none,touch,5,,MGNT
3759,touch,none,dwell,5,,MGNT
3759,touch,none,volume,5,,MGNT
3759,touch,none,swing,5,,MGNT
3759,dwell,none,touch,4,,MGNT
3759,dwell,none,dwell,4,,MGNT
3759,dwell,none,volume,4,,MGNT
3759,dwell,none,swing,5,,MGNT
3759,volume,none,touch,5,,MGNT
3759,volume,none,dwell,5,,MGNT
3759,volume,none,volume,5,,MGNT
3759,volume,none,swing,5,,MGNT
3759,swing,none,touch,6,,MGNT
3759,swing,none,dwell,5,,MGNT
3759,swing,none,volume,5,,MGNT
3759,swing,none,swing,5,,MGNT
3759,touch,hl60,touch,5,,MGNT
3759,touch,hl60,dwell,5,,MGNT
3759,touch,hl60,volume,5,,MGNT
3759,touch,hl60,swing,5,,MGNT
3759,dwell,hl60,touch,4,,MGNT
3759,dwell,hl60,dwell,4,,MGNT
3759,dwell,hl60,volume,4,,MGNT
3759,dwell,hl60,swing,5,,MGNT
3759,volume,hl60,touch,5,,MGNT
3759,volume,hl60,dwell,5,,MGNT
3759,volume,hl60,volume,5,,MGNT
3759,volume,hl60,swing,5,,MGNT
3759,swing,hl60,touch,6,,MGNT
3759,swing,hl60,dwell,5,,MGNT
3759,swing,hl60,volume,5,,MGNT
3759,swing,hl60,swing,5,,MGNT
3819,touch,none,touch,16,0.5048209987986886,MGNT
3819,touch,none,dwell,9,0.3012273056894239,MGNT
3819,touch,none,volume,16,0.12711983135559282,MGNT
3819,touch,none,swing,14,0.13541176112406816,MGNT
3819,dwell,none,touch,13,0.4541468792527085,MGNT
3819,dwell,none,dwell,8,0.08448666506696238,MGNT
3819,dwell,none,volume,14,0.03662244476209098,MGNT
3819,dwell,none,swing,13,0.020226379165122082,MGNT
3819,volume,none,touch,15,0.5173122846730461,MGNT
3819,volume,none,dwell,9,0.2516327116017045,MGNT
3819,volume,none,volume,15,0.18513919812333177,MGNT
3819,volume,none,swing,13,0.10571186643050615,MGNT
3819,swing,none,touch,16,0.39049699408812366,MGNT
3819,swing,none,dwell,14,-0.0252737635259046,MGNT
3819,swing,none,volume,14,-0.03366737010649227,MGNT
3819,swing,none,swing,12,-0.21277824891160715,MGNT
3819,touch,hl60,touch,16,0.3227385307416039,MGNT
3819,touch,hl60,dwell,9,0.32925878130143577,MGNT
3819,touch,hl60,volume,16,-0.11721147293795911,MGNT
3819,touch,hl60,swing,14,0.10167480210212518,MGNT
3819,dwell,hl60,touch,13,0.2517113821126942,MGNT
3819,dwell,hl60,dwell,8,0.12151770282984369,MGNT
3819,dwell,hl60,volume,14,-0.22491494758177824,MGNT
3819,dwell,hl60,swing,13,-0.054322361191986156,MGNT
3819,volume,hl60,touch,15,0.39853726634732106,MGNT
3819,volume,hl60,dwell,9,0.27072456500530284,MGNT
3819,volume,hl60,volume,15,-0.025396496676275266,MGNT
3819,volume,hl60,swing,13,0.07665546942508687,MGNT
3819,swing,hl60,touch,16,0.1580538972134433,MGNT
3819,swing,hl60,dwell,14,-0.10446570429462021,MGNT
3819,swing,hl60,volume,14,-0.25430872727816145,MGNT
3819,swing,hl60,swing,12,-0.21415098617032255,MGNT
3879,touch,none,touch,8,-0.6821958316139635,MGNT
3879,touch,none,dwell,4,,MGNT
3879,touch,none,volume,7,,MGNT
3879,touch,none,swing,7,,MGNT
3879,dwell,none,touch,6,,MGNT
3879,dwell,none,dwell,2,,MGNT
3879,dwell,none,volume,5,,MGNT
3879,dwell,none,swing,6,,MGNT
3879,volume,none,touch,8,-0.6399299757669106,MGNT
3879,volume,none,dwell,4,,MGNT
3879,volume,none,volume,7,,MGNT
3879,volume,none,swing,6,,MGNT
3879,swing,none,touch,8,-0.6557259498852229,MGNT
3879,swing,none,dwell,7,,MGNT
3879,swing,none,volume,7,,MGNT
3879,swing,none,swing,6,,MGNT
3879,touch,hl60,touch,8,-0.8176090022213732,MGNT
3879,touch,hl60,dwell,4,,MGNT
3879,touch,hl60,volume,7,,MGNT
3879,touch,hl60,swing,7,,MGNT
3879,dwell,hl60,touch,6,,MGNT
3879,dwell,hl60,dwell,2,,MGNT
3879,dwell,hl60,volume,5,,MGNT
3879,dwell,hl60,swing,6,,MGNT
3879,volume,hl60,touch,8,-0.64659716518232,MGNT
3879,volume,hl60,dwell,4,,MGNT
3879,volume,hl60,volume,7,,MGNT
3879,volume,hl60,swing,6,,MGNT
3879,swing,hl60,touch,8,-0.7711402490381041,MGNT
3879,swing,hl60,dwell,7,,MGNT
3879,swing,hl60,volume,7,,MGNT
3879,swing,hl60,swing,6,,MGNT
3939,touch,none,touch,16,-0.43663693728272307,MGNT
3939,touch,none,dwell,14,-0.08931009970345648,MGNT
3939,touch,none,volume,16,-0.2847452620171389,MGNT
3939,touch,none,swing,14,-0.4310171652481412,MGNT
3939,dwell,none,touch,14,-0.31921585700340205,MGNT
3939,dwell,none,dwell,12,0.182062729341171,MGNT
3939,dwell,none,volume,14,-0.181261117538736,MGNT
3939,dwell,none,swing,14,-0.39388993614755496,MGNT
3939,volume,none,touch,16,-0.4833172402739421,MGNT
3939,volume,none,dwell,14,-0.16186638965134423,MGNT
3939,volume,none,volume,16,-0.21305565483785424,MGNT
3939,volume,none,swing,14,-0.4268893912751021,MGNT
3939,swing,none,touch,16,-0.3344977941055742,MGNT
3939,swing,none,dwell,15,-0.20291953319743436,MGNT
3939,swing,none,volume,15,-0.288205876462817,MGNT
3939,swing,none,swing,13,-0.36068574186201435,MGNT
3939,touch,hl60,touch,16,0.33124471719800924,MGNT
3939,touch,hl60,dwell,14,-0.0684422156204011,MGNT
3939,touch,hl60,volume,16,0.13513457431209489,MGNT
3939,touch,hl60,swing,14,-0.13270932612401634,MGNT
3939,dwell,hl60,touch,14,0.16063410112686008,MGNT
3939,dwell,hl60,dwell,12,0.15522454447467351,MGNT
3939,dwell,hl60,volume,14,0.13387324222145958,MGNT
3939,dwell,hl60,swing,14,-0.4439987248258764,MGNT
3939,volume,hl60,touch,16,-0.3537779546961146,MGNT
3939,volume,hl60,dwell,14,-0.2797700465805249,MGNT
3939,volume,hl60,volume,16,-0.01496142658243,MGNT
3939,volume,hl60,swing,14,-0.36066659594234757,MGNT
3939,swing,hl60,touch,16,-0.021971757777161628,MGNT
3939,swing,hl60,dwell,15,0.10247482101639738,MGNT
3939,swing,hl60,volume,15,0.0896223047090257,MGNT
3939,swing,hl60,swing,13,-0.1078814879535036,MGNT
3999,touch,none,touch,15,-0.17742362852566063,MGNT
3999,touch,none,dwell,12,0.05301737279838152,MGNT
3999,touch,none,volume,15,-0.23948097757855416,MGNT
3999,touch,none,swing,14,0.08363430020312114,MGNT
3999,dwell,none,touch,15,-0.2246002341664292,MGNT
3999,dwell,none,dwell,12,0.1545366589109795,MGNT
3999,dwell,none,volume,15,-0.1241306434855773,MGNT
3999,dwell,none,swing,14,0.14114136752085868,MGNT
3999,volume,none,touch,15,-0.3506995948688554,MGNT
3999,volume,none,dwell,12,0.22427952004110777,MGNT
3999,volume,none,volume,15,-0.24246294067246107,MGNT
3999,volume,none,swing,14,0.04054028173435842,MGNT
3999,swing,none,touch,14,-0.17007378848729376,MGNT
3999,swing,none,dwell,14,0.21477896396096605,MGNT
3999,swing,none,volume,14,-0.26559629716602884,MGNT
3999,swing,none,swing,14,0.22532784999237304,MGNT
3999,touch,hl60,touch,15,0.2826765939049958,MGNT
3999,touch,hl60,dwell,12,-0.03336845785957279,MGNT
3999,touch,hl60,volume,15,0.22101567362925897,MGNT
3999,touch,hl60,swing,14,0.3622272807719972,MGNT
3999,dwell,hl60,touch,15,0.26534265857671,MGNT
3999,dwell,hl60,dwell,12,0.11702769496796342,MGNT
3999,dwell,hl60,volume,15,0.3246965162064037,MGNT
3999,dwell,hl60,swing,14,0.49050825993641384,MGNT
3999,volume,hl60,touch,15,0.1495483481697102,MGNT
3999,volume,hl60,dwell,12,0.26372931708902486,MGNT
3999,volume,hl60,volume,15,0.23532568170776474,MGNT
3999,volume,hl60,swing,14,0.4649396076600497,MGNT
3999,swing,hl60,touch,14,0.4353013568924634,MGNT
3999,swing,hl60,dwell,14,0.49082871643949594,MGNT
3999,swing,hl60,volume,14,0.36035110315448954,MGNT
3999,swing,hl60,swing,14,0.6913132535946453,MGNT
4059,touch,none,touch,8,-0.8722346021402693,MGNT
4059,touch,none,dwell,8,-0.846970111024266,MGNT
4059,touch,none,volume,8,-0.8590958095979203,MGNT
4059,touch,none,swing,8,-0.7301882393404384,MGNT
4059,dwell,none,touch,8,-0.7271815044364962,MGNT
4059,dwell,none,dwell,8,-0.6967224561577393,MGNT
4059,dwell,none,volume,8,-0.6646116159749589,MGNT
4059,dwell,none,swing,8,-0.5937080263214362,MGNT
4059,volume,none,touch,8,-0.6536924799897,MGNT
4059,volume,none,dwell,8,-0.625301760762149,MGNT
4059,volume,none,volume,8,-0.5674254854946654,MGNT
4059,volume,none,swing,8,-0.6449508723374484,MGNT
4059,swing,none,touch,9,-0.6477316120232264,MGNT
4059,swing,none,dwell,8,-0.43207928260904654,MGNT
4059,swing,none,volume,8,-0.49048267558030106,MGNT
4059,swing,none,swing,8,-0.37642653069422766,MGNT
4059,touch,hl60,touch,8,-0.8803811293784092,MGNT
4059,touch,hl60,dwell,8,-0.8347594685986043,MGNT
4059,touch,hl60,volume,8,-0.8957992117071909,MGNT
4059,touch,hl60,swing,8,-0.8140732961412563,MGNT
4059,dwell,hl60,touch,8,-0.7655951842860654,MGNT
4059,dwell,hl60,dwell,8,-0.6806027809990919,MGNT
4059,dwell,hl60,volume,8,-0.7278585687162598,MGNT
4059,dwell,hl60,swing,8,-0.7122883690260606,MGNT
4059,volume,hl60,touch,8,-0.5945236263844363,MGNT
4059,volume,hl60,dwell,8,-0.5354595500546973,MGNT
4059,volume,hl60,volume,8,-0.5485689199985,MGNT
4059,volume,hl60,swing,8,-0.6475761501924473,MGNT
4059,swing,hl60,touch,9,-0.5997324729858682,MGNT
4059,swing,hl60,dwell,8,-0.3312033271612534,MGNT
4059,swing,hl60,volume,8,-0.4487076111633476,MGNT
4059,swing,hl60,swing,8,-0.41805091465783784,MGNT
4119,touch,none,touch,15,0.33900098873219403,MGNT
4119,touch,none,dwell,11,-0.04343735945651553,MGNT
4119,touch,none,volume,15,0.051078983453310606,MGNT
4119,touch,none,swing,15,0.16854028196602608,MGNT
4119,dwell,none,touch,15,0.25901421339256814,MGNT
4119,dwell,none,dwell,11,-0.17449897596896072,MGNT
4119,dwell,none,volume,15,0.11232242663829947,MGNT
4119,dwell,none,swing,15,0.06220154300669349,MGNT
4119,volume,none,touch,15,0.31547128850707706,MGNT
4119,volume,none,dwell,11,0.007097140822819656,MGNT
4119,volume,none,volume,15,0.2193618491291373,MGNT
4119,volume,none,swing,15,0.12500821617071592,MGNT
4119,swing,none,touch,14,0.15512633154148323,MGNT
4119,swing,none,dwell,14,0.038338965627839325,MGNT
4119,swing,none,volume,14,0.026562795291095214,MGNT
4119,swing,none,swing,14,-0.002405217531822066,MGNT
4119,touch,hl60,touch,15,0.6281219473477252,MGNT
4119,touch,hl60,dwell,11,0.338171153061766,MGNT
4119,touch,hl60,volume,15,0.0874119688683404,MGNT
4119,touch,hl60,swing,15,0.4626747099978159,MGNT
4119,dwell,hl60,touch,15,0.508861746390169,MGNT
4119,dwell,hl60,dwell,11,0.13157660230474577,MGNT
4119,dwell,hl60,volume,15,0.058457347650833213,MGNT
4119,dwell,hl60,swing,15,0.3075351434170906,MGNT
4119,volume,hl60,touch,15,0.6901858896197951,MGNT
4119,volume,hl60,dwell,11,0.39771391543303913,MGNT
4119,volume,hl60,volume,15,0.1449951179011737,MGNT
4119,volume,hl60,swing,15,0.4997969884761635,MGNT
4119,swing,hl60,touch,14,0.4265727518826773,MGNT
4119,swing,hl60,dwell,14,0.22669158469846665,MGNT
4119,swing,hl60,volume,14,-0.05845117396302356,MGNT
4119,swing,hl60,swing,14,0.2212728452662611,MGNT
4179,touch,none,touch,16,-0.504199014524909,MGNT
4179,touch,none,dwell,11,-0.4060577334562249,MGNT
4179,touch,none,volume,16,-0.510323464503574,MGNT
4179,touch,none,swing,16,-0.3737676988019883,MGNT
4179,dwell,none,touch,15,-0.25841170837564265,MGNT
4179,dwell,none,dwell,10,-0.21729625552886322,MGNT
4179,dwell,none,volume,15,-0.29584073034090813,MGNT
4179,dwell,none,swing,15,-0.2951788754034833,MGNT
4179,volume,none,touch,16,-0.42124286823773177,MGNT
4179,volume,none,dwell,11,-0.327415631700159,MGNT
4179,volume,none,volume,16,-0.4033034261778896,MGNT
4179,volume,none,swing,15,-0.3534628609186931,MGNT
4179,swing,none,touch,15,-0.5173101210065609,MGNT
4179,swing,none,dwell,15,-0.3610967833209236,MGNT
4179,swing,none,volume,15,-0.4365405636236353,MGNT
4179,swing,none,swing,14,-0.399292218973775,MGNT
4179,touch,hl60,touch,16,-0.38778723589219416,MGNT
4179,touch,hl60,dwell,11,-0.30865630237633174,MGNT
4179,touch,hl60,volume,16,-0.47783710197728024,MGNT
4179,touch,hl60,swing,16,-0.32314331411200947,MGNT
4179,dwell,hl60,touch,15,-0.24410382504837275,MGNT
4179,dwell,hl60,dwell,10,-0.21099372938714453,MGNT
4179,dwell,hl60,volume,15,-0.3557241068301794,MGNT
4179,dwell,hl60,swing,15,-0.30648303519340586,MGNT
4179,volume,hl60,touch,16,-0.34660896722488527,MGNT
4179,volume,hl60,dwell,11,-0.2744098912875531,MGNT
4179,volume,hl60,volume,16,-0.44453956258315447,MGNT
4179,volume,hl60,swing,15,-0.32564022611903626,MGNT
4179,swing,hl60,touch,15,-0.40059927863606903,MGNT
4179,swing,hl60,dwell,15,-0.31992561751247156,MGNT
4179,swing,hl60,volume,15,-0.46643826539145467,MGNT
4179,swing,hl60,swing,14,-0.3843237206384851,MGNT
4239,touch,none,touch,6,,MGNT
4239,touch,none,dwell,5,,MGNT
4239,touch,none,volume,6,,MGNT
4239,touch,none,swing,7,,MGNT
4239,dwell,none,touch,5,,MGNT
4239,dwell,none,dwell,4,,MGNT
4239,dwell,none,volume,5,,MGNT
4239,dwell,none,swing,6,,MGNT
4239,volume,none,touch,6,,MGNT
4239,volume,none,dwell,5,,MGNT
4239,volume,none,volume,6,,MGNT
4239,volume,none,swing,6,,MGNT
4239,swing,none,touch,7,,MGNT
4239,swing,none,dwell,6,,MGNT
4239,swing,none,volume,6,,MGNT
4239,swing,none,swing,6,,MGNT
4239,touch,hl60,touch,6,,MGNT
4239,touch,hl60,dwell,5,,MGNT
4239,touch,hl60,volume,6,,MGNT
4239,touch,hl60,swing,7,,MGNT
4239,dwell,hl60,touch,5,,MGNT
4239,dwell,hl60,dwell,4,,MGNT
4239,dwell,hl60,volume,5,,MGNT
4239,dwell,hl60,swing,6,,MGNT
4239,volume,hl60,touch,6,,MGNT
4239,volume,hl60,dwell,5,,MGNT
4239,volume,hl60,volume,6,,MGNT
4239,volume,hl60,swing,6,,MGNT
4239,swing,hl60,touch,7,,MGNT
4239,swing,hl60,dwell,6,,MGNT
4239,swing,hl60,volume,6,,MGNT
4239,swing,hl60,swing,6,,MGNT
4299,touch,none,touch,4,,MGNT
4299,touch,none,dwell,3,,MGNT
4299,touch,none,volume,4,,MGNT
4299,touch,none,swing,4,,MGNT
4299,dwell,none,touch,4,,MGNT
4299,dwell,none,dwell,3,,MGNT
4299,dwell,none,volume,4,,MGNT
4299,dwell,none,swing,4,,MGNT
4299,volume,none,touch,4,,MGNT
4299,volume,none,dwell,3,,MGNT
4299,volume,none,volume,4,,MGNT
4299,volume,none,swing,4,,MGNT
4299,swing,none,touch,4,,MGNT
4299,swing,none,dwell,4,,MGNT
4299,swing,none,volume,4,,MGNT
4299,swing,none,swing,4,,MGNT
4299,touch,hl60,touch,4,,MGNT
4299,touch,hl60,dwell,3,,MGNT
4299,touch,hl60,volume,4,,MGNT
4299,touch,hl60,swing,4,,MGNT
4299,dwell,hl60,touch,4,,MGNT
4299,dwell,hl60,dwell,3,,MGNT
4299,dwell,hl60,volume,4,,MGNT
4299,dwell,hl60,swing,4,,MGNT
4299,volume,hl60,touch,4,,MGNT
4299,volume,hl60,dwell,3,,MGNT
4299,volume,hl60,volume,4,,MGNT
4299,volume,hl60,swing,4,,MGNT
4299,swing,hl60,touch,4,,MGNT
4299,swing,hl60,dwell,4,,MGNT
4299,swing,hl60,volume,4,,MGNT
4299,swing,hl60,swing,4,,MGNT
4359,touch,none,touch,8,-0.7034501732822038,MGNT
4359,touch,none,dwell,6,,MGNT
4359,touch,none,volume,7,,MGNT
4359,touch,none,swing,7,,MGNT
4359,dwell,none,touch,4,,MGNT
4359,dwell,none,dwell,3,,MGNT
4359,dwell,none,volume,3,,MGNT
4359,dwell,none,swing,7,,MGNT
4359,volume,none,touch,8,-0.596078534927137,MGNT
4359,volume,none,dwell,6,,MGNT
4359,volume,none,volume,7,,MGNT
4359,volume,none,swing,7,,MGNT
4359,swing,none,touch,8,-0.27546792866197617,MGNT
4359,swing,none,dwell,6,,MGNT
4359,swing,none,volume,6,,MGNT
4359,swing,none,swing,6,,MGNT
4359,touch,hl60,touch,8,-0.5200805308072749,MGNT
4359,touch,hl60,dwell,6,,MGNT
4359,touch,hl60,volume,7,,MGNT
4359,touch,hl60,swing,7,,MGNT
4359,dwell,hl60,touch,4,,MGNT
4359,dwell,hl60,dwell,3,,MGNT
4359,dwell,hl60,volume,3,,MGNT
4359,dwell,hl60,swing,7,,MGNT
4359,volume,hl60,touch,8,-0.497316820651598,MGNT
4359,volume,hl60,dwell,6,,MGNT
4359,volume,hl60,volume,7,,MGNT
4359,volume,hl60,swing,7,,MGNT
4359,swing,hl60,touch,8,-0.1312935317467373,MGNT
4359,swing,hl60,dwell,6,,MGNT
4359,swing,hl60,volume,6,,MGNT
4359,swing,hl60,swing,6,,MGNT
4419,touch,none,touch,27,-0.04599653444311285,MGNT
4419,touch,none,dwell,15,-0.3861598899691305,MGNT
4419,touch,none,volume,25,-0.30040017351945136,MGNT
4419,touch,none,swing,21,-0.0775860932721284,MGNT
4419,dwell,none,touch,21,0.41205068114227783,MGNT
4419,dwell,none,dwell,11,0.48020109319224213,MGNT
4419,dwell,none,volume,19,-0.007965726406443465,MGNT
4419,dwell,none,swing,20,-0.07204458424129455,MGNT
4419,volume,none,touch,27,-0.054531145316236415,MGNT
4419,volume,none,dwell,15,-0.42365832540343545,MGNT
4419,volume,none,volume,25,-0.2501346721985359,MGNT
4419,volume,none,swing,20,-0.0013483427445487297,MGNT
4419,swing,none,touch,30,-0.006548608031949957,MGNT
4419,swing,none,dwell,24,-0.16177759934697178,MGNT
4419,swing,none,volume,24,-0.3160492339412626,MGNT
4419,swing,none,swing,19,-0.14910151917927106,MGNT
4419,touch,hl60,touch,27,-0.0646436140950449,MGNT
4419,touch,hl60,dwell,15,-0.006248572605168096,MGNT
4419,touch,hl60,volume,25,-0.29155228738676686,MGNT
4419,touch,hl60,swing,21,-0.07583869281328398,MGNT
4419,dwell,hl60,touch,21,-0.10063945652054367,MGNT
4419,dwell,hl60,dwell,11,0.6201239010651997,MGNT
4419,dwell,hl60,volume,19,-0.30254055519647144,MGNT
4419,dwell,hl60,swing,20,-0.07843904523276521,MGNT
4419,volume,hl60,touch,27,-0.047838464808546005,MGNT
4419,volume,hl60,dwell,15,-0.06729640106462567,MGNT
4419,volume,hl60,volume,25,-0.27085476977637574,MGNT
4419,volume,hl60,swing,20,0.038099190022278115,MGNT
4419,swing,hl60,touch,30,-0.19124232854847797,MGNT
4419,swing,hl60,dwell,24,-0.2131029585676408,MGNT
4419,swing,hl60,volume,24,-0.26745058522751053,MGNT
4419,swing,hl60,swing,19,-0.13283311953798715,MGNT
4479,touch,none,touch,8,0.5176280218475494,MGNT
4479,touch,none,dwell,5,,MGNT
4479,touch,none,volume,8,0.21529591542595597,MGNT
4479,touch,none,swing,7,,MGNT
4479,dwell,none,touch,7,,MGNT
4479,dwell,none,dwell,5,,MGNT
4479,dwell,none,volume,7,,MGNT
4479,dwell,none,swing,6,,MGNT
4479,volume,none,touch,8,0.6851507065771534,MGNT
4479,volume,none,dwell,5,,MGNT
4479,volume,none,volume,8,0.3489842332657844,MGNT
4479,volume,none,swing,6,,MGNT
4479,swing,none,touch,8,0.4789439750706653,MGNT
4479,swing,none,dwell,8,0.6269422404162077,MGNT
4479,swing,none,volume,8,0.23463383586932737,MGNT
4479,swing,none,swing,6,,MGNT
4479,touch,hl60,touch,8,-0.0657361390747332,MGNT
4479,touch,hl60,dwell,5,,MGNT
4479,touch,hl60,volume,8,-0.05688479693654732,MGNT
4479,touch,hl60,swing,7,,MGNT
4479,dwell,hl60,touch,7,,MGNT
4479,dwell,hl60,dwell,5,,MGNT
4479,dwell,hl60,volume,7,,MGNT
4479,dwell,hl60,swing,6,,MGNT
4479,volume,hl60,touch,8,0.3547147208452586,MGNT
4479,volume,hl60,dwell,5,,MGNT
4479,volume,hl60,volume,8,0.33015783098129103,MGNT
4479,volume,hl60,swing,6,,MGNT
4479,swing,hl60,touch,8,0.2942201526850802,MGNT
4479,swing,hl60,dwell,8,0.49974542807660505,MGNT
4479,swing,hl60,volume,8,0.33512317017382703,MGNT
4479,swing,hl60,swing,6,,MGNT
4539,touch,none,touch,10,-0.2192908106298356,MGNT
4539,touch,none,dwell,8,0.05366930475673021,MGNT
4539,touch,none,volume,10,0.03921734828900919,MGNT
4539,touch,none,swing,9,-0.32633165203889075,MGNT
4539,dwell,none,touch,6,,MGNT
4539,dwell,none,dwell,4,,MGNT
4539,dwell,none,volume,6,,MGNT
4539,dwell,none,swing,8,-0.020650405139110022,MGNT
4539,volume,none,touch,9,-0.07544102891503038,MGNT
4539,volume,none,dwell,7,,MGNT
4539,volume,none,volume,9,0.30830000022486487,MGNT
4539,volume,none,swing,8,-0.18110396374721716,MGNT
4539,swing,none,touch,7,,MGNT
4539,swing,none,dwell,7,,MGNT
4539,swing,none,volume,7,,MGNT
4539,swing,none,swing,7,,MGNT
4539,touch,hl60,touch,10,-0.144572223256442,MGNT
4539,touch,hl60,dwell,8,0.06425850791485048,MGNT
4539,touch,hl60,volume,10,0.12476602914041236,MGNT
4539,touch,hl60,swing,9,-0.25700431688056286,MGNT
4539,dwell,hl60,touch,6,,MGNT
4539,dwell,hl60,dwell,4,,MGNT
4539,dwell,hl60,volume,6,,MGNT
4539,dwell,hl60,swing,8,0.011406132102299767,MGNT
4539,volume,hl60,touch,9,-0.10980254227088306,MGNT
4539,volume,hl60,dwell,7,,MGNT
4539,volume,hl60,volume,9,0.27507048244680665,MGNT
4539,volume,hl60,swing,8,-0.22016355077513242,MGNT
4539,swing,hl60,touch,7,,MGNT
4539,swing,hl60,dwell,7,,MGNT
4539,swing,hl60,volume,7,,MGNT
4539,swing,hl60,swing,7,,MGNT
4599,touch,none,touch,14,0.8459403290751599,MGNT
4599,touch,none,dwell,10,0.5846855808273957,MGNT
4599,touch,none,volume,14,0.743499155373935,MGNT
4599,touch,none,swing,13,0.6358532495377001,MGNT
4599,dwell,none,touch,11,0.5067515705425214,MGNT
4599,dwell,none,dwell,9,0.04947531797296149,MGNT
4599,dwell,none,volume,11,0.4731500799071991,MGNT
4599,dwell,none,swing,13,0.4253810497719892,MGNT
4599,volume,none,touch,14,0.3844716658732328,MGNT
4599,volume,none,dwell,10,0.07501417181350375,MGNT
4599,volume,none,volume,14,0.3682940807530889,MGNT
4599,volume,none,swing,13,0.17468448051785737,MGNT
4599,swing,none,touch,13,0.46360213577768794,MGNT
4599,swing,none,dwell,13,0.40396059153026176,MGNT
4599,swing,none,volume,13,0.4341420980146566,MGNT
4599,swing,none,swing,13,0.17544911557359802,MGNT
4599,touch,hl60,touch,14,0.772888011299806,MGNT
4599,touch,hl60,dwell,10,0.4863844662146027,MGNT
4599,touch,hl60,volume,14,0.6582866175746019,MGNT
4599,touch,hl60,swing,13,0.5629843250590811,MGNT
4599,dwell,hl60,touch,11,0.4152330972796422,MGNT
4599,dwell,hl60,dwell,9,-0.07731740349600695,MGNT
4599,dwell,hl60,volume,11,0.36935676571811016,MGNT
4599,dwell,hl60,swing,13,0.31001060419647947,MGNT
4599,volume,hl60,touch,14,0.34678846117731793,MGNT
4599,volume,hl60,dwell,10,0.07429927133784767,MGNT
4599,volume,hl60,volume,14,0.3229390348242903,MGNT
4599,volume,hl60,swing,13,0.1336463321415663,MGNT
4599,swing,hl60,touch,13,0.47102409764804243,MGNT
4599,swing,hl60,dwell,13,0.41895996487244536,MGNT
4599,swing,hl60,volume,13,0.42596460862562396,MGNT
4599,swing,hl60,swing,13,0.16802707367775407,MGNT
4659,touch,none,touch,8,-0.1664904406651014,MGNT
4659,touch,none,dwell,6,,MGNT
4659,touch,none,volume,7,,MGNT
4659,touch,none,swing,7,,MGNT
4659,dwell,none,touch,6,,MGNT
4659,dwell,none,dwell,5,,MGNT
4659,dwell,none,volume,5,,MGNT
4659,dwell,none,swing,7,,MGNT
4659,volume,none,touch,8,-0.12321031946648932,MGNT
4659,volume,none,dwell,6,,MGNT
4659,volume,none,volume,7,,MGNT
4659,volume,none,swing,7,,MGNT
4659,swing,none,touch,8,-0.1681745224741294,MGNT
4659,swing,none,dwell,7,,MGNT
4659,swing,none,volume,7,,MGNT
4659,swing,none,swing,7,,MGNT
4659,touch,hl60,touch,8,-0.28669678927595327,MGNT
4659,touch,hl60,dwell,6,,MGNT
4659,touch,hl60,volume,7,,MGNT
4659,touch,hl60,swing,7,,MGNT
4659,dwell,hl60,touch,6,,MGNT
4659,dwell,hl60,dwell,5,,MGNT
4659,dwell,hl60,volume,5,,MGNT
4659,dwell,hl60,swing,7,,MGNT
4659,volume,hl60,touch,8,-0.2928041931893499,MGNT
4659,volume,hl60,dwell,6,,MGNT
4659,volume,hl60,volume,7,,MGNT
4659,volume,hl60,swing,7,,MGNT
4659,swing,hl60,touch,8,-0.2675918627022183,MGNT
4659,swing,hl60,dwell,7,,MGNT
4659,swing,hl60,volume,7,,MGNT
4659,swing,hl60,swing,7,,MGNT
4719,touch,none,touch,3,,MGNT
4719,touch,none,dwell,3,,MGNT
4719,touch,none,volume,3,,MGNT
4719,touch,none,swing,4,,MGNT
4719,dwell,none,touch,0,,MGNT
4719,dwell,none,dwell,0,,MGNT
4719,dwell,none,volume,0,,MGNT
4719,dwell,none,swing,3,,MGNT
4719,volume,none,touch,4,,MGNT
4719,volume,none,dwell,4,,MGNT
4719,volume,none,volume,4,,MGNT
4719,volume,none,swing,3,,MGNT
4719,swing,none,touch,2,,MGNT
4719,swing,none,dwell,2,,MGNT
4719,swing,none,volume,2,,MGNT
4719,swing,none,swing,2,,MGNT
4719,touch,hl60,touch,3,,MGNT
4719,touch,hl60,dwell,3,,MGNT
4719,touch,hl60,volume,3,,MGNT
4719,touch,hl60,swing,4,,MGNT
4719,dwell,hl60,touch,0,,MGNT
4719,dwell,hl60,dwell,0,,MGNT
4719,dwell,hl60,volume,0,,MGNT
4719,dwell,hl60,swing,3,,MGNT
4719,volume,hl60,touch,4,,MGNT
4719,volume,hl60,dwell,4,,MGNT
4719,volume,hl60,volume,4,,MGNT
4719,volume,hl60,swing,3,,MGNT
4719,swing,hl60,touch,2,,MGNT
4719,swing,hl60,dwell,2,,MGNT
4719,swing,hl60,volume,2,,MGNT
4719,swing,hl60,swing,2,,MGNT
4779,touch,none,touch,7,,MGNT
4779,touch,none,dwell,5,,MGNT
4779,touch,none,volume,6,,MGNT
4779,touch,none,swing,5,,MGNT
4779,dwell,none,touch,7,,MGNT
4779,dwell,none,dwell,5,,MGNT
4779,dwell,none,volume,6,,MGNT
4779,dwell,none,swing,5,,MGNT
4779,volume,none,touch,7,,MGNT
4779,volume,none,dwell,5,,MGNT
4779,volume,none,volume,6,,MGNT
4779,volume,none,swing,5,,MGNT
4779,swing,none,touch,5,,MGNT
4779,swing,none,dwell,5,,MGNT
4779,swing,none,volume,5,,MGNT
4779,swing,none,swing,4,,MGNT
4779,touch,hl60,touch,7,,MGNT
4779,touch,hl60,dwell,5,,MGNT
4779,touch,hl60,volume,6,,MGNT
4779,touch,hl60,swing,5,,MGNT
4779,dwell,hl60,touch,7,,MGNT
4779,dwell,hl60,dwell,5,,MGNT
4779,dwell,hl60,volume,6,,MGNT
4779,dwell,hl60,swing,5,,MGNT
4779,volume,hl60,touch,7,,MGNT
4779,volume,hl60,dwell,5,,MGNT
4779,volume,hl60,volume,6,,MGNT
4779,volume,hl60,swing,5,,MGNT
4779,swing,hl60,touch,5,,MGNT
4779,swing,hl60,dwell,5,,MGNT
4779,swing,hl60,volume,5,,MGNT
4779,swing,hl60,swing,4,,MGNT
4839,touch,none,touch,6,,MGNT
4839,touch,none,dwell,5,,MGNT
4839,touch,none,volume,6,,MGNT
4839,touch,none,swing,6,,MGNT
4839,dwell,none,touch,2,,MGNT
4839,dwell,none,dwell,2,,MGNT
4839,dwell,none,volume,2,,MGNT
4839,dwell,none,swing,6,,MGNT
4839,volume,none,touch,6,,MGNT
4839,volume,none,dwell,5,,MGNT
4839,volume,none,volume,6,,MGNT
4839,volume,none,swing,6,,MGNT
4839,swing,none,touch,4,,MGNT
4839,swing,none,dwell,4,,MGNT
4839,swing,none,volume,4,,MGNT
4839,swing,none,swing,4,,MGNT
4839,touch,hl60,touch,6,,MGNT
4839,touch,hl60,dwell,5,,MGNT
4839,touch,hl60,volume,6,,MGNT
4839,touch,hl60,swing,6,,MGNT
4839,dwell,hl60,touch,2,,MGNT
4839,dwell,hl60,dwell,2,,MGNT
4839,dwell,hl60,volume,2,,MGNT
4839,dwell,hl60,swing,6,,MGNT
4839,volume,hl60,touch,6,,MGNT
4839,volume,hl60,dwell,5,,MGNT
4839,volume,hl60,volume,6,,MGNT
4839,volume,hl60,swing,6,,MGNT
4839,swing,hl60,touch,4,,MGNT
4839,swing,hl60,dwell,4,,MGNT
4839,swing,hl60,volume,4,,MGNT
4839,swing,hl60,swing,4,,MGNT
4899,touch,none,touch,8,-0.6721826629679097,MGNT
4899,touch,none,dwell,8,-0.5198859739319595,MGNT
4899,touch,none,volume,8,-0.640273454686504,MGNT
4899,touch,none,swing,8,-0.6528882302856076,MGNT
4899,dwell,none,touch,6,,MGNT
4899,dwell,none,dwell,6,,MGNT
4899,dwell,none,volume,6,,MGNT
4899,dwell,none,swing,8,-0.5643966185755567,MGNT
4899,volume,none,touch,8,-0.052203466792030334,MGNT
4899,volume,none,dwell,8,0.09699775384082591,MGNT
4899,volume,none,volume,8,-0.015273231044953858,MGNT
4899,volume,none,swing,8,-0.16484198635857505,MGNT
4899,swing,none,touch,7,,MGNT
4899,swing,none,dwell,6,,MGNT
4899,swing,none,volume,6,,MGNT
4899,swing,none,swing,6,,MGNT
4899,touch,hl60,touch,8,-0.6832888700433492,MGNT
4899,touch,hl60,dwell,8,-0.5515941253489739,MGNT
4899,touch,hl60,volume,8,-0.6722227118733154,MGNT
4899,touch,hl60,swing,8,-0.6702974350166157,MGNT
4899,dwell,hl60,touch,6,,MGNT
4899,dwell,hl60,dwell,6,,MGNT
4899,dwell,hl60,volume,6,,MGNT
4899,dwell,hl60,swing,8,-0.616399874446973,MGNT
4899,volume,hl60,touch,8,-0.1937401123031818,MGNT
4899,volume,hl60,dwell,8,-0.07456822794551962,MGNT
4899,volume,hl60,volume,8,-0.18756365384119955,MGNT
4899,volume,hl60,swing,8,-0.3140510916729918,MGNT
4899,swing,hl60,touch,7,,MGNT
4899,swing,hl60,dwell,6,,MGNT
4899,swing,hl60,volume,6,,MGNT
4899,swing,hl60,swing,6,,MGNT
4959,touch,none,touch,10,0.08352348240000226,MGNT
4959,touch,none,dwell,9,-0.04183235605374969,MGNT
4959,touch,none,volume,10,0.03161651488477988,MGNT
4959,touch,none,swing,9,-0.07905811773966664,MGNT
4959,dwell,none,touch,10,0.1782624849502918,MGNT
4959,dwell,none,dwell,9,0.29171781483043785,MGNT
4959,dwell,none,volume,10,0.2749715198532919,MGNT
4959,dwell,none,swing,9,0.17750710647957166,MGNT
4959,volume,none,touch,10,-0.10556920707691701,MGNT
4959,volume,none,dwell,9,0.28204014262935745,MGNT
4959,volume,none,volume,10,0.28481251511705635,MGNT
4959,volume,none,swing,9,0.17940999961659074,MGNT
4959,swing,none,touch,10,0.40381483305991395,MGNT
4959,swing,none,dwell,10,0.3699878393196137,MGNT
4959,swing,none,volume,10,0.36219137235068993,MGNT
4959,swing,none,swing,9,0.2564369369116006,MGNT
4959,touch,hl60,touch,10,0.3195332581210009,MGNT
4959,touch,hl60,dwell,9,0.14154289167078038,MGNT
4959,touch,hl60,volume,10,0.25882143303697713,MGNT
4959,touch,hl60,swing,9,0.22214549433045774,MGNT
4959,dwell,hl60,touch,10,0.4074423293353348,MGNT
4959,dwell,hl60,dwell,9,0.5305197641959579,MGNT
4959,dwell,hl60,volume,10,0.5299241969574793,MGNT
4959,dwell,hl60,swing,9,0.48651007729071827,MGNT
4959,volume,hl60,touch,10,0.02474874553442315,MGNT
4959,volume,hl60,dwell,9,0.37527448030387023,MGNT
4959,volume,hl60,volume,10,0.36640658363037815,MGNT
4959,volume,hl60,swing,9,0.35818063730241356,MGNT
4959,swing,hl60,touch,10,0.6328042309013782,MGNT
4959,swing,hl60,dwell,10,0.5800520897000906,MGNT
4959,swing,hl60,volume,10,0.6068129111244804,MGNT
4959,swing,hl60,swing,9,0.5685209658425437,MGNT
2705,touch,none,touch,8,-0.11746659258633611,MRKP
2705,touch,none,dwell,6,,MRKP
2705,touch,none,volume,8,-0.2793540528419102,MRKP
2705,touch,none,swing,7,,MRKP
2705,dwell,none,touch,8,-0.0715530617550854,MRKP
2705,dwell,none,dwell,6,,MRKP
2705,dwell,none,volume,8,-0.07467758777768888,MRKP
2705,dwell,none,swing,7,,MRKP
2705,volume,none,touch,9,-0.11715848418023395,MRKP
2705,volume,none,dwell,7,,MRKP
2705,volume,none,volume,9,0.026686116011963152,MRKP
2705,volume,none,swing,7,,MRKP
2705,swing,none,touch,10,-0.10500316098984253,MRKP
2705,swing,none,dwell,9,-0.09033610411267909,MRKP
2705,swing,none,volume,9,0.17113086399271052,MRKP
2705,swing,none,swing,7,,MRKP
2705,touch,hl60,touch,8,0.09311765859007984,MRKP
2705,touch,hl60,dwell,6,,MRKP
2705,touch,hl60,volume,8,-0.15528197264167073,MRKP
2705,touch,hl60,swing,7,,MRKP
2705,dwell,hl60,touch,8,0.03455863289396755,MRKP
2705,dwell,hl60,dwell,6,,MRKP
2705,dwell,hl60,volume,8,-0.030931996393669257,MRKP
2705,dwell,hl60,swing,7,,MRKP
2705,volume,hl60,touch,9,-0.09958658177393433,MRKP
2705,volume,hl60,dwell,7,,MRKP
2705,volume,hl60,volume,9,0.03040576723644866,MRKP
2705,volume,hl60,swing,7,,MRKP
2705,swing,hl60,touch,10,0.004417945587536097,MRKP
2705,swing,hl60,dwell,9,0.030585057501732724,MRKP
2705,swing,hl60,volume,9,0.12717301318950297,MRKP
2705,swing,hl60,swing,7,,MRKP
2765,touch,none,touch,5,,MRKP
2765,touch,none,dwell,5,,MRKP
2765,touch,none,volume,5,,MRKP
2765,touch,none,swing,6,,MRKP
2765,dwell,none,touch,5,,MRKP
2765,dwell,none,dwell,5,,MRKP
2765,dwell,none,volume,5,,MRKP
2765,dwell,none,swing,5,,MRKP
2765,volume,none,touch,5,,MRKP
2765,volume,none,dwell,5,,MRKP
2765,volume,none,volume,5,,MRKP
2765,volume,none,swing,5,,MRKP
2765,swing,none,touch,6,,MRKP
2765,swing,none,dwell,5,,MRKP
2765,swing,none,volume,5,,MRKP
2765,swing,none,swing,5,,MRKP
2765,touch,hl60,touch,5,,MRKP
2765,touch,hl60,dwell,5,,MRKP
2765,touch,hl60,volume,5,,MRKP
2765,touch,hl60,swing,6,,MRKP
2765,dwell,hl60,touch,5,,MRKP
2765,dwell,hl60,dwell,5,,MRKP
2765,dwell,hl60,volume,5,,MRKP
2765,dwell,hl60,swing,5,,MRKP
2765,volume,hl60,touch,5,,MRKP
2765,volume,hl60,dwell,5,,MRKP
2765,volume,hl60,volume,5,,MRKP
2765,volume,hl60,swing,5,,MRKP
2765,swing,hl60,touch,6,,MRKP
2765,swing,hl60,dwell,5,,MRKP
2765,swing,hl60,volume,5,,MRKP
2765,swing,hl60,swing,5,,MRKP
2825,touch,none,touch,5,,MRKP
2825,touch,none,dwell,4,,MRKP
2825,touch,none,volume,5,,MRKP
2825,touch,none,swing,11,-0.30170912821809126,MRKP
2825,dwell,none,touch,3,,MRKP
2825,dwell,none,dwell,2,,MRKP
2825,dwell,none,volume,3,,MRKP
2825,dwell,none,swing,6,,MRKP
2825,volume,none,touch,6,,MRKP
2825,volume,none,dwell,5,,MRKP
2825,volume,none,volume,6,,MRKP
2825,volume,none,swing,6,,MRKP
2825,swing,none,touch,4,,MRKP
2825,swing,none,dwell,4,,MRKP
2825,swing,none,volume,4,,MRKP
2825,swing,none,swing,4,,MRKP
2825,touch,hl60,touch,5,,MRKP
2825,touch,hl60,dwell,4,,MRKP
2825,touch,hl60,volume,5,,MRKP
2825,touch,hl60,swing,11,-0.33512078375148635,MRKP
2825,dwell,hl60,touch,3,,MRKP
2825,dwell,hl60,dwell,2,,MRKP
2825,dwell,hl60,volume,3,,MRKP
2825,dwell,hl60,swing,6,,MRKP
2825,volume,hl60,touch,6,,MRKP
2825,volume,hl60,dwell,5,,MRKP
2825,volume,hl60,volume,6,,MRKP
2825,volume,hl60,swing,6,,MRKP
2825,swing,hl60,touch,4,,MRKP
2825,swing,hl60,dwell,4,,MRKP
2825,swing,hl60,volume,4,,MRKP
2825,swing,hl60,swing,4,,MRKP
2885,touch,none,touch,7,,MRKP
2885,touch,none,dwell,2,,MRKP
2885,touch,none,volume,7,,MRKP
2885,touch,none,swing,4,,MRKP
2885,dwell,none,touch,6,,MRKP
2885,dwell,none,dwell,1,,MRKP
2885,dwell,none,volume,6,,MRKP
2885,dwell,none,swing,4,,MRKP
2885,volume,none,touch,7,,MRKP
2885,volume,none,dwell,2,,MRKP
2885,volume,none,volume,7,,MRKP
2885,volume,none,swing,4,,MRKP
2885,swing,none,touch,9,-0.22712508155230243,MRKP
2885,swing,none,dwell,7,,MRKP
2885,swing,none,volume,7,,MRKP
2885,swing,none,swing,4,,MRKP
2885,touch,hl60,touch,7,,MRKP
2885,touch,hl60,dwell,2,,MRKP
2885,touch,hl60,volume,7,,MRKP
2885,touch,hl60,swing,4,,MRKP
2885,dwell,hl60,touch,6,,MRKP
2885,dwell,hl60,dwell,1,,MRKP
2885,dwell,hl60,volume,6,,MRKP
2885,dwell,hl60,swing,4,,MRKP
2885,volume,hl60,touch,7,,MRKP
2885,volume,hl60,dwell,2,,MRKP
2885,volume,hl60,volume,7,,MRKP
2885,volume,hl60,swing,4,,MRKP
2885,swing,hl60,touch,9,-0.13831052414088202,MRKP
2885,swing,hl60,dwell,7,,MRKP
2885,swing,hl60,volume,7,,MRKP
2885,swing,hl60,swing,4,,MRKP
2945,touch,none,touch,11,0.4401235062718733,MRKP
2945,touch,none,dwell,7,,MRKP
2945,touch,none,volume,11,0.17771087326167687,MRKP
2945,touch,none,swing,10,0.07163628987977669,MRKP
2945,dwell,none,touch,9,0.06422297495108777,MRKP
2945,dwell,none,dwell,7,,MRKP
2945,dwell,none,volume,9,-0.17789760625183718,MRKP
2945,dwell,none,swing,8,-0.3740180186248361,MRKP
2945,volume,none,touch,11,0.2631487965332993,MRKP
2945,volume,none,dwell,8,-0.10126952143349537,MRKP
2945,volume,none,volume,11,0.007526426500776348,MRKP
2945,volume,none,swing,8,-0.28976854403898084,MRKP
2945,swing,none,touch,12,-0.27980579739519523,MRKP
2945,swing,none,dwell,10,-0.05489165637046619,MRKP
2945,swing,none,volume,10,-0.059275442686226865,MRKP
2945,swing,none,swing,7,,MRKP
2945,touch,hl60,touch,11,-0.21658080910094482,MRKP
2945,touch,hl60,dwell,7,,MRKP
2945,touch,hl60,volume,11,-0.290979796381,MRKP
2945,touch,hl60,swing,10,-0.17918302853265838,MRKP
2945,dwell,hl60,touch,9,-0.2810402936154679,MRKP
2945,dwell,hl60,dwell,7,,MRKP
2945,dwell,hl60,volume,9,-0.33987310083371775,MRKP
2945,dwell,hl60,swing,8,-0.4023797307050855,MRKP
2945,volume,hl60,touch,11,-0.05618272978746472,MRKP
2945,volume,hl60,dwell,8,-0.3123754144303412,MRKP
2945,volume,hl60,volume,11,-0.31076598310164416,MRKP
2945,volume,hl60,swing,8,-0.5110135771567583,MRKP
2945,swing,hl60,touch,12,-0.4917960293734355,MRKP
2945,swing,hl60,dwell,10,-0.23810927483924835,MRKP
2945,swing,hl60,volume,10,-0.2644786231657476,MRKP
2945,swing,hl60,swing,7,,MRKP
3005,touch,none,touch,8,-0.13164718423017144,MRKP
3005,touch,none,dwell,8,-0.09262511683269968,MRKP
3005,touch,none,volume,10,-0.2249544517972675,MRKP
3005,touch,none,swing,8,0.051503238706034446,MRKP
3005,dwell,none,touch,8,-0.48474129111091774,MRKP
3005,dwell,none,dwell,8,-0.4343478550404477,MRKP
3005,dwell,none,volume,10,-0.4619158449831698,MRKP
3005,dwell,none,swing,8,-0.24352327516784258,MRKP
3005,volume,none,touch,8,-0.3942239039706933,MRKP
3005,volume,none,dwell,8,-0.4599165550790089,MRKP
3005,volume,none,volume,10,0.27885759733021076,MRKP
3005,volume,none,swing,8,-0.24596732880041722,MRKP
3005,swing,none,touch,11,-0.47957072205725615,MRKP
3005,swing,none,dwell,10,-0.5163216710869801,MRKP
3005,swing,none,volume,10,-0.39854930050508575,MRKP
3005,swing,none,swing,8,-0.36510865000973053,MRKP
3005,touch,hl60,touch,8,0.09576293576927002,MRKP
3005,touch,hl60,dwell,8,0.03162955683517622,MRKP
3005,touch,hl60,volume,10,0.17489203573115825,MRKP
3005,touch,hl60,swing,8,0.11523266706162293,MRKP
3005,dwell,hl60,touch,8,-0.25697147117001656,MRKP
3005,dwell,hl60,dwell,8,-0.3391195107767627,MRKP
3005,dwell,hl60,volume,10,-0.09945039974317224,MRKP
3005,dwell,hl60,swing,8,-0.21210685926179607,MRKP
3005,volume,hl60,touch,8,-0.4552705163065018,MRKP
3005,volume,hl60,dwell,8,-0.5223258097871276,MRKP
3005,volume,hl60,volume,10,0.1975722563412223,MRKP
3005,volume,hl60,swing,8,-0.32533705505450194,MRKP
3005,swing,hl60,touch,11,-0.0963382331433813,MRKP
3005,swing,hl60,dwell,10,-0.10093224031541022,MRKP
3005,swing,hl60,volume,10,-0.09400531510810681,MRKP
3005,swing,hl60,swing,8,-0.24779742755295694,MRKP
3065,touch,none,touch,6,,MRKP
3065,touch,none,dwell,5,,MRKP
3065,touch,none,volume,5,,MRKP
3065,touch,none,swing,5,,MRKP
3065,dwell,none,touch,6,,MRKP
3065,dwell,none,dwell,5,,MRKP
3065,dwell,none,volume,5,,MRKP
3065,dwell,none,swing,5,,MRKP
3065,volume,none,touch,6,,MRKP
3065,volume,none,dwell,5,,MRKP
3065,volume,none,volume,5,,MRKP
3065,volume,none,swing,5,,MRKP
3065,swing,none,touch,6,,MRKP
3065,swing,none,dwell,5,,MRKP
3065,swing,none,volume,5,,MRKP
3065,swing,none,swing,5,,MRKP
3065,touch,hl60,touch,6,,MRKP
3065,touch,hl60,dwell,5,,MRKP
3065,touch,hl60,volume,5,,MRKP
3065,touch,hl60,swing,5,,MRKP
3065,dwell,hl60,touch,6,,MRKP
3065,dwell,hl60,dwell,5,,MRKP
3065,dwell,hl60,volume,5,,MRKP
3065,dwell,hl60,swing,5,,MRKP
3065,volume,hl60,touch,6,,MRKP
3065,volume,hl60,dwell,5,,MRKP
3065,volume,hl60,volume,5,,MRKP
3065,volume,hl60,swing,5,,MRKP
3065,swing,hl60,touch,6,,MRKP
3065,swing,hl60,dwell,5,,MRKP
3065,swing,hl60,volume,5,,MRKP
3065,swing,hl60,swing,5,,MRKP
3125,touch,none,touch,4,,MRKP
3125,touch,none,dwell,4,,MRKP
3125,touch,none,volume,4,,MRKP
3125,touch,none,swing,4,,MRKP
3125,dwell,none,touch,3,,MRKP
3125,dwell,none,dwell,3,,MRKP
3125,dwell,none,volume,3,,MRKP
3125,dwell,none,swing,4,,MRKP
3125,volume,none,touch,4,,MRKP
3125,volume,none,dwell,4,,MRKP
3125,volume,none,volume,4,,MRKP
3125,volume,none,swing,4,,MRKP
3125,swing,none,touch,4,,MRKP
3125,swing,none,dwell,4,,MRKP
3125,swing,none,volume,4,,MRKP
3125,swing,none,swing,4,,MRKP
3125,touch,hl60,touch,4,,MRKP
3125,touch,hl60,dwell,4,,MRKP
3125,touch,hl60,volume,4,,MRKP
3125,touch,hl60,swing,4,,MRKP
3125,dwell,hl60,touch,3,,MRKP
3125,dwell,hl60,dwell,3,,MRKP
3125,dwell,hl60,volume,3,,MRKP
3125,dwell,hl60,swing,4,,MRKP
3125,volume,hl60,touch,4,,MRKP
3125,volume,hl60,dwell,4,,MRKP
3125,volume,hl60,volume,4,,MRKP
3125,volume,hl60,swing,4,,MRKP
3125,swing,hl60,touch,4,,MRKP
3125,swing,hl60,dwell,4,,MRKP
3125,swing,hl60,volume,4,,MRKP
3125,swing,hl60,swing,4,,MRKP
3185,touch,none,touch,6,,MRKP
3185,touch,none,dwell,6,,MRKP
3185,touch,none,volume,6,,MRKP
3185,touch,none,swing,5,,MRKP
3185,dwell,none,touch,5,,MRKP
3185,dwell,none,dwell,5,,MRKP
3185,dwell,none,volume,5,,MRKP
3185,dwell,none,swing,5,,MRKP
3185,volume,none,touch,5,,MRKP
3185,volume,none,dwell,5,,MRKP
3185,volume,none,volume,5,,MRKP
3185,volume,none,swing,5,,MRKP
3185,swing,none,touch,5,,MRKP
3185,swing,none,dwell,5,,MRKP
3185,swing,none,volume,5,,MRKP
3185,swing,none,swing,5,,MRKP
3185,touch,hl60,touch,6,,MRKP
3185,touch,hl60,dwell,6,,MRKP
3185,touch,hl60,volume,6,,MRKP
3185,touch,hl60,swing,5,,MRKP
3185,dwell,hl60,touch,5,,MRKP
3185,dwell,hl60,dwell,5,,MRKP
3185,dwell,hl60,volume,5,,MRKP
3185,dwell,hl60,swing,5,,MRKP
3185,volume,hl60,touch,5,,MRKP
3185,volume,hl60,dwell,5,,MRKP
3185,volume,hl60,volume,5,,MRKP
3185,volume,hl60,swing,5,,MRKP
3185,swing,hl60,touch,5,,MRKP
3185,swing,hl60,dwell,5,,MRKP
3185,swing,hl60,volume,5,,MRKP
3185,swing,hl60,swing,5,,MRKP
3245,touch,none,touch,10,0.22603234545911424,MRKP
3245,touch,none,dwell,10,0.2830141711066177,MRKP
3245,touch,none,volume,10,-0.021388360282723454,MRKP
3245,touch,none,swing,10,0.5803816562946738,MRKP
3245,dwell,none,touch,7,,MRKP
3245,dwell,none,dwell,7,,MRKP
3245,dwell,none,volume,7,,MRKP
3245,dwell,none,swing,9,0.5190489574899647,MRKP
3245,volume,none,touch,9,0.15200485638057495,MRKP
3245,volume,none,dwell,9,0.29031318478522156,MRKP
3245,volume,none,volume,9,0.2543366255402158,MRKP
3245,volume,none,swing,9,0.6343180053234566,MRKP
3245,swing,none,touch,7,,MRKP
3245,swing,none,dwell,6,,MRKP
3245,swing,none,volume,6,,MRKP
3245,swing,none,swing,6,,MRKP
3245,touch,hl60,touch,10,0.3073093298344528,MRKP
3245,touch,hl60,dwell,10,0.31974907751304416,MRKP
3245,touch,hl60,volume,10,0.07202453569708414,MRKP
3245,touch,hl60,swing,10,0.5704721239639489,MRKP
3245,dwell,hl60,touch,7,,MRKP
3245,dwell,hl60,dwell,7,,MRKP
3245,dwell,hl60,volume,7,,MRKP
3245,dwell,hl60,swing,9,0.5005786200065505,MRKP
3245,volume,hl60,touch,9,0.3294731667313293,MRKP
3245,volume,hl60,dwell,9,0.4061363917733733,MRKP
3245,volume,hl60,volume,9,0.3758802698589754,MRKP
3245,volume,hl60,swing,9,0.6506059185753925,MRKP
3245,swing,hl60,touch,7,,MRKP
3245,swing,hl60,dwell,6,,MRKP
3245,swing,hl60,volume,6,,MRKP
3245,swing,hl60,swing,6,,MRKP
3305,touch,none,touch,15,0.12690412278893062,MRKP
3305,touch,none,dwell,12,0.2517542543463216,MRKP
3305,touch,none,volume,14,-0.2391713985377441,MRKP
3305,touch,none,swing,14,0.6523915002382661,MRKP
3305,dwell,none,touch,13,-0.07351346048252813,MRKP
3305,dwell,none,dwell,11,0.07987100103521937,MRKP
3305,dwell,none,volume,12,-0.1663045735547035,MRKP
3305,dwell,none,swing,12,0.6201334293137851,MRKP
3305,volume,none,touch,14,-0.08682838828905937,MRKP
3305,volume,none,dwell,11,0.09938577408917236,MRKP
3305,volume,none,volume,13,-0.04468713805930575,MRKP
3305,volume,none,swing,12,0.6697132518065435,MRKP
3305,swing,none,touch,12,0.17592189932562807,MRKP
3305,swing,none,dwell,10,0.3664288186226991,MRKP
3305,swing,none,volume,10,-0.06386096812076646,MRKP
3305,swing,none,swing,9,0.9050673924216268,MRKP
3305,touch,hl60,touch,15,-0.027512412900253174,MRKP
3305,touch,hl60,dwell,12,0.22642356008017858,MRKP
3305,touch,hl60,volume,14,-0.38265230614837786,MRKP
3305,touch,hl60,swing,14,0.6119295455584807,MRKP
3305,dwell,hl60,touch,13,-0.2930107910912786,MRKP
3305,dwell,hl60,dwell,11,0.1594275876327495,MRKP
3305,dwell,hl60,volume,12,-0.36923533326737507,MRKP
3305,dwell,hl60,swing,12,0.568233260858897,MRKP
3305,volume,hl60,touch,14,-0.22479195227965965,MRKP
3305,volume,hl60,dwell,11,0.13822629570580305,MRKP
3305,volume,hl60,volume,13,-0.33809636746692157,MRKP
3305,volume,hl60,swing,12,0.6036769720863316,MRKP
3305,swing,hl60,touch,12,-0.009100836070725617,MRKP
3305,swing,hl60,dwell,10,0.35963197298237054,MRKP
3305,swing,hl60,volume,10,-0.30508066846159465,MRKP
3305,swing,hl60,swing,9,0.7094864597968651,MRKP
3365,touch,none,touch,4,,MRKP
3365,touch,none,dwell,2,,MRKP
3365,touch,none,volume,4,,MRKP
3365,touch,none,swing,3,,MRKP
3365,dwell,none,touch,4,,MRKP
3365,dwell,none,dwell,2,,MRKP
3365,dwell,none,volume,4,,MRKP
3365,dwell,none,swing,3,,MRKP
3365,volume,none,touch,4,,MRKP
3365,volume,none,dwell,2,,MRKP
3365,volume,none,volume,4,,MRKP
3365,volume,none,swing,3,,MRKP
3365,swing,none,touch,5,,MRKP
3365,swing,none,dwell,4,,MRKP
3365,swing,none,volume,4,,MRKP
3365,swing,none,swing,3,,MRKP
3365,touch,hl60,touch,4,,MRKP
3365,touch,hl60,dwell,2,,MRKP
3365,touch,hl60,volume,4,,MRKP
3365,touch,hl60,swing,3,,MRKP
3365,dwell,hl60,touch,4,,MRKP
3365,dwell,hl60,dwell,2,,MRKP
3365,dwell,hl60,volume,4,,MRKP
3365,dwell,hl60,swing,3,,MRKP
3365,volume,hl60,touch,4,,MRKP
3365,volume,hl60,dwell,2,,MRKP
3365,volume,hl60,volume,4,,MRKP
3365,volume,hl60,swing,3,,MRKP
3365,swing,hl60,touch,5,,MRKP
3365,swing,hl60,dwell,4,,MRKP
3365,swing,hl60,volume,4,,MRKP
3365,swing,hl60,swing,3,,MRKP
3425,touch,none,touch,13,-0.5337479815319132,MRKP
3425,touch,none,dwell,8,-0.6880697759306077,MRKP
3425,touch,none,volume,13,-0.22496649815921008,MRKP
3425,touch,none,swing,14,0.27929094878671024,MRKP
3425,dwell,none,touch,8,-0.5477010306800839,MRKP
3425,dwell,none,dwell,4,,MRKP
3425,dwell,none,volume,7,,MRKP
3425,dwell,none,swing,7,,MRKP
3425,volume,none,touch,13,-0.35333716977433405,MRKP
3425,volume,none,dwell,6,,MRKP
3425,volume,none,volume,11,-0.2691924968320873,MRKP
3425,volume,none,swing,7,,MRKP
3425,swing,none,touch,13,-0.36881006734101773,MRKP
3425,swing,none,dwell,10,-0.3267671424360996,MRKP
3425,swing,none,volume,10,-0.39937437072400256,MRKP
3425,swing,none,swing,7,,MRKP
3425,touch,hl60,touch,13,-0.29343186904276525,MRKP
3425,touch,hl60,dwell,8,-0.5847335890538959,MRKP
3425,touch,hl60,volume,13,-0.3375147188872681,MRKP
3425,touch,hl60,swing,14,0.3506994361262238,MRKP
3425,dwell,hl60,touch,8,-0.2443900222963433,MRKP
3425,dwell,hl60,dwell,4,,MRKP
3425,dwell,hl60,volume,7,,MRKP
3425,dwell,hl60,swing,7,,MRKP
3425,volume,hl60,touch,13,-0.10803937205187736,MRKP
3425,volume,hl60,dwell,6,,MRKP
3425,volume,hl60,volume,11,-0.3928480311078507,MRKP
3425,volume,hl60,swing,7,,MRKP
3425,swing,hl60,touch,13,-0.036538497036684416,MRKP
3425,swing,hl60,dwell,10,-0.21203097427754244,MRKP
3425,swing,hl60,volume,10,-0.541639489119501,MRKP
3425,swing,hl60,swing,7,,MRKP
3485,touch,none,touch,20,0.4462265005373709,MRKP
3485,touch,none,dwell,13,0.4594101867089137,MRKP
3485,touch,none,volume,19,0.28409470397444053,MRKP
3485,touch,none,swing,14,0.5819959970481509,MRKP
3485,dwell,none,touch,13,-0.11115375109879434,MRKP
3485,dwell,none,dwell,10,0.49414859418993423,MRKP
3485,dwell,none,volume,12,-0.033430440431959633,MRKP
3485,dwell,none,swing,12,0.33718544176379805,MRKP
3485,volume,none,touch,17,0.03795025776565852,MRKP
3485,volume,none,dwell,12,-0.027590231720293765,MRKP
3485,volume,none,volume,16,0.11230673100556203,MRKP
3485,volume,none,swing,12,0.021765023657719377,MRKP
3485,swing,none,touch,18,0.14494958023033416,MRKP
3485,swing,none,dwell,13,0.13165410844700642,MRKP
3485,swing,none,volume,13,0.23771857230453283,MRKP
3485,swing,none,swing,11,-0.017582976441606887,MRKP
3485,touch,hl60,touch,20,0.5253971290626605,MRKP
3485,touch,hl60,dwell,13,0.3964617211915948,MRKP
3485,touch,hl60,volume,19,0.14249693334597857,MRKP
3485,touch,hl60,swing,14,0.6195587667876777,MRKP
3485,dwell,hl60,touch,13,0.04700165538144877,MRKP
3485,dwell,hl60,dwell,10,0.3310914620800058,MRKP
3485,dwell,hl60,volume,12,-0.30640726069191737,MRKP
3485,dwell,hl60,swing,12,0.3901004297724883,MRKP
3485,volume,hl60,touch,17,0.1638393747844546,MRKP
3485,volume,hl60,dwell,12,-0.006154443663948841,MRKP
3485,volume,hl60,volume,16,-0.08881572121519199,MRKP
3485,volume,hl60,swing,12,0.14281000664694732,MRKP
3485,swing,hl60,touch,18,0.262791866775409,MRKP
3485,swing,hl60,dwell,13,0.0632594527249512,MRKP
3485,swing,hl60,volume,13,0.02221968125626771,MRKP
3485,swing,hl60,swing,11,0.07089200967569269,MRKP
3545,touch,none,touch,18,-0.3006547532006822,MRKP
3545,touch,none,dwell,10,0.2873294281666925,MRKP
3545,touch,none,volume,18,-0.06592443148828157,MRKP
3545,touch,none,swing,10,0.1076244005001263,MRKP
3545,dwell,none,touch,15,-0.3060266673863709,MRKP
3545,dwell,none,dwell,7,,MRKP
3545,dwell,none,volume,15,0.010709720524167896,MRKP
3545,dwell,none,swing,10,0.12186168390806514,MRKP
3545,volume,none,touch,18,-0.12631412686734558,MRKP
3545,volume,none,dwell,10,0.2629607504305735,MRKP
3545,volume,none,volume,18,-0.047413769090130724,MRKP
3545,volume,none,swing,10,-0.09393177773835745,MRKP
3545,swing,none,touch,20,-0.32524106401110675,MRKP
3545,swing,none,dwell,16,-0.1843844634542182,MRKP
3545,swing,none,volume,16,0.028294546446775502,MRKP
3545,swing,none,swing,10,0.05084928361809214,MRKP
3545,touch,hl60,touch,18,-0.16901798324163791,MRKP
3545,touch,hl60,dwell,10,0.6057065345250222,MRKP
3545,touch,hl60,volume,18,-0.13196622825282012,MRKP
3545,touch,hl60,swing,10,0.7013127425863466,MRKP
3545,dwell,hl60,touch,15,-0.15569974373103715,MRKP
3545,dwell,hl60,dwell,7,,MRKP
3545,dwell,hl60,volume,15,-0.07993308895968632,MRKP
3545,dwell,hl60,swing,10,0.489532432459849,MRKP
3545,volume,hl60,touch,18,-0.09496920275612433,MRKP
3545,volume,hl60,dwell,10,0.24698150336581576,MRKP
3545,volume,hl60,volume,18,-0.07814044122206254,MRKP
3545,volume,hl60,swing,10,0.05193795210470175,MRKP
3545,swing,hl60,touch,20,-0.302486886382985,MRKP
3545,swing,hl60,dwell,16,-0.1854209655395829,MRKP
3545,swing,hl60,volume,16,-0.06528671763519743,MRKP
3545,swing,hl60,swing,10,0.47750447763544934,MRKP
3605,touch,none,touch,11,0.569007946705525,MRKP
3605,touch,none,dwell,8,-0.11791024922295902,MRKP
3605,touch,none,volume,10,0.48315542562273706,MRKP
3605,touch,none,swing,10,-0.06639350102331944,MRKP
3605,dwell,none,touch,11,0.4830391256817973,MRKP
3605,dwell,none,dwell,8,-0.239298314651597,MRKP
3605,dwell,none,volume,10,0.15359915856449025,MRKP
3605,dwell,none,swing,10,-0.03331361400337935,MRKP
3605,volume,none,touch,11,0.6632467786557653,MRKP
3605,volume,none,dwell,8,0.4572236784362896,MRKP
3605,volume,none,volume,10,0.5548379329068083,MRKP
3605,volume,none,swing,10,0.3366191798729911,MRKP
3605,swing,none,touch,11,0.49457096398005895,MRKP
3605,swing,none,dwell,8,0.11175092443060042,MRKP
3605,swing,none,volume,8,0.28519345566627174,MRKP
3605,swing,none,swing,8,-0.03625969694997124,MRKP
3605,touch,hl60,touch,11,0.578532796362549,MRKP
3605,touch,hl60,dwell,8,-0.05549202506710623,MRKP
3605,touch,hl60,volume,10,0.36286039055989205,MRKP
3605,touch,hl60,swing,10,-0.11104885972075283,MRKP
3605,dwell,hl60,touch,11,0.4806944242813258,MRKP
3605,dwell,hl60,dwell,8,-0.28919164272023284,MRKP
3605,dwell,hl60,volume,10,0.07584349351699975,MRKP
3605,dwell,hl60,swing,10,-0.1255527646190344,MRKP
3605,volume,hl60,touch,11,0.6459355150351069,MRKP
3605,volume,hl60,dwell,8,0.4409354659496524,MRKP
3605,volume,hl60,volume,10,0.5023707060946868,MRKP
3605,volume,hl60,swing,10,0.33379337181494323,MRKP
3605,swing,hl60,touch,11,0.4862076311668246,MRKP
3605,swing,hl60,dwell,8,0.1031159160407926,MRKP
3605,swing,hl60,volume,8,0.24549862148326707,MRKP
3605,swing,hl60,swing,8,-0.049228642049130064,MRKP
3665,touch,none,touch,9,-0.06644717924421888,MRKP
3665,touch,none,dwell,5,,MRKP
3665,touch,none,volume,9,-0.13835972799494267,MRKP
3665,touch,none,swing,9,0.082055053641284,MRKP
3665,dwell,none,touch,7,,MRKP
3665,dwell,none,dwell,3,,MRKP
3665,dwell,none,volume,7,,MRKP
3665,dwell,none,swing,7,,MRKP
3665,volume,none,touch,8,-0.16146434896516387,MRKP
3665,volume,none,dwell,4,,MRKP
3665,volume,none,volume,8,-0.12117528344874262,MRKP
3665,volume,none,swing,7,,MRKP
3665,swing,none,touch,6,,MRKP
3665,swing,none,dwell,5,,MRKP
3665,swing,none,volume,5,,MRKP
3665,swing,none,swing,4,,MRKP
3665,touch,hl60,touch,9,-0.07528493809478391,MRKP
3665,touch,hl60,dwell,5,,MRKP
3665,touch,hl60,volume,9,-0.1691408616577188,MRKP
3665,touch,hl60,swing,9,0.10088199446462238,MRKP
3665,dwell,hl60,touch,7,,MRKP
3665,dwell,hl60,dwell,3,,MRKP
3665,dwell,hl60,volume,7,,MRKP
3665,dwell,hl60,swing,7,,MRKP
3665,volume,hl60,touch,8,-0.05796073920614757,MRKP
3665,volume,hl60,dwell,4,,MRKP
3665,volume,hl60,volume,8,-0.000911462756452206,MRKP
3665,volume,hl60,swing,7,,MRKP
3665,swing,hl60,touch,6,,MRKP
3665,swing,hl60,dwell,5,,MRKP
3665,swing,hl60,volume,5,,MRKP
3665,swing,hl60,swing,4,,MRKP
3725,touch,none,touch,1,,MRKP
3725,touch,none,dwell,0,,MRKP
3725,touch,none,volume,0,,MRKP
3725,touch,none,swing,1,,MRKP
3725,dwell,none,touch,0,,MRKP
3725,dwell,none,dwell,0,,MRKP
3725,dwell,none,volume,0,,MRKP
3725,dwell,none,swing,1,,MRKP
3725,volume,none,touch,1,,MRKP
3725,volume,none,dwell,1,,MRKP
3725,volume,none,volume,1,,MRKP
3725,volume,none,swing,1,,MRKP
3725,swing,none,touch,0,,MRKP
3725,swing,none,dwell,0,,MRKP
3725,swing,none,volume,0,,MRKP
3725,swing,none,swing,0,,MRKP
3725,touch,hl60,touch,1,,MRKP
3725,touch,hl60,dwell,0,,MRKP
3725,touch,hl60,volume,0,,MRKP
3725,touch,hl60,swing,1,,MRKP
3725,dwell,hl60,touch,0,,MRKP
3725,dwell,hl60,dwell,0,,MRKP
3725,dwell,hl60,volume,0,,MRKP
3725,dwell,hl60,swing,1,,MRKP
3725,volume,hl60,touch,1,,MRKP
3725,volume,hl60,dwell,1,,MRKP
3725,volume,hl60,volume,1,,MRKP
3725,volume,hl60,swing,1,,MRKP
3725,swing,hl60,touch,0,,MRKP
3725,swing,hl60,dwell,0,,MRKP
3725,swing,hl60,volume,0,,MRKP
3725,swing,hl60,swing,0,,MRKP
3785,touch,none,touch,9,0.4207135847888504,MRKP
3785,touch,none,dwell,8,0.716438642510544,MRKP
3785,touch,none,volume,9,0.691700102689864,MRKP
3785,touch,none,swing,9,0.5525759964526704,MRKP
3785,dwell,none,touch,6,,MRKP
3785,dwell,none,dwell,5,,MRKP
3785,dwell,none,volume,6,,MRKP
3785,dwell,none,swing,8,0.647988052572093,MRKP
3785,volume,none,touch,8,0.07571330874553887,MRKP
3785,volume,none,dwell,7,,MRKP
3785,volume,none,volume,8,0.0888266625372037,MRKP
3785,volume,none,swing,8,0.06949805076783808,MRKP
3785,swing,none,touch,7,,MRKP
3785,swing,none,dwell,6,,MRKP
3785,swing,none,volume,6,,MRKP
3785,swing,none,swing,6,,MRKP
3785,touch,hl60,touch,9,0.43920949687227323,MRKP
3785,touch,hl60,dwell,8,0.7345818551897304,MRKP
3785,touch,hl60,volume,9,0.7070801716849552,MRKP
3785,touch,hl60,swing,9,0.5697854488487353,MRKP
3785,dwell,hl60,touch,6,,MRKP
3785,dwell,hl60,dwell,5,,MRKP
3785,dwell,hl60,volume,6,,MRKP
3785,dwell,hl60,swing,8,0.6799658454058557,MRKP
3785,volume,hl60,touch,8,0.0971175636398468,MRKP
3785,volume,hl60,dwell,7,,MRKP
3785,volume,hl60,volume,8,0.2134168020542542,MRKP
3785,volume,hl60,swing,8,0.1536020763642143,MRKP
3785,swing,hl60,touch,7,,MRKP
3785,swing,hl60,dwell,6,,MRKP
3785,swing,hl60,volume,6,,MRKP
3785,swing,hl60,swing,6,,MRKP
3845,touch,none,touch,13,0.8698571052438226,MRKP
3845,touch,none,dwell,8,0.567796008172136,MRKP
3845,touch,none,volume,13,0.413416017971008,MRKP
3845,touch,none,swing,10,0.6998962467857681,MRKP
3845,dwell,none,touch,10,0.8574850542954264,MRKP
3845,dwell,none,dwell,7,,MRKP
3845,dwell,none,volume,10,0.8140589414792768,MRKP
3845,dwell,none,swing,9,0.6376828158216007,MRKP
3845,volume,none,touch,12,0.5933359919478803,MRKP
3845,volume,none,dwell,8,0.21609487777298753,MRKP
3845,volume,none,volume,12,0.2049787303080316,MRKP
3845,volume,none,swing,9,0.51698761108848,MRKP
3845,swing,none,touch,10,0.6140000620174101,MRKP
3845,swing,none,dwell,10,0.6590444904243585,MRKP
3845,swing,none,volume,10,0.6459505727287105,MRKP
3845,swing,none,swing,7,,MRKP
3845,touch,hl60,touch,13,0.77472663903166,MRKP
3845,touch,hl60,dwell,8,0.48632948372381085,MRKP
3845,touch,hl60,volume,13,0.2654187122538211,MRKP
3845,touch,hl60,swing,10,0.6227625557116293,MRKP
3845,dwell,hl60,touch,10,0.6900227202978689,MRKP
3845,dwell,hl60,dwell,7,,MRKP
3845,dwell,hl60,volume,10,0.579987989628563,MRKP
3845,dwell,hl60,swing,9,0.5345718144359833,MRKP
3845,volume,hl60,touch,12,0.6270819615027224,MRKP
3845,volume,hl60,dwell,8,0.2299203938811362,MRKP
3845,volume,hl60,volume,12,0.11874474547094321,MRKP
3845,volume,hl60,swing,9,0.4877489506723435,MRKP
3845,swing,hl60,touch,10,0.5404878901870244,MRKP
3845,swing,hl60,dwell,10,0.5753646057393598,MRKP
3845,swing,hl60,volume,10,0.48621213661900586,MRKP
3845,swing,hl60,swing,7,,MRKP
3905,touch,none,touch,17,0.32811967999995145,MRKP
3905,touch,none,dwell,11,0.263434054157766,MRKP
3905,touch,none,volume,16,0.19856262048402376,MRKP
3905,touch,none,swing,13,0.4184848117914266,MRKP
3905,dwell,none,touch,10,0.24228205617198362,MRKP
3905,dwell,none,dwell,7,,MRKP
3905,dwell,none,volume,9,0.43280674824362975,MRKP
3905,dwell,none,swing,11,0.4344956079735987,MRKP
3905,volume,none,touch,14,0.5039348659907795,MRKP
3905,volume,none,dwell,10,0.5150304344120095,MRKP
3905,volume,none,volume,14,0.23800164464487195,MRKP
3905,volume,none,swing,11,0.6038208423360577,MRKP
3905,swing,none,touch,16,0.49538033966504136,MRKP
3905,swing,none,dwell,12,0.6927994781610534,MRKP
3905,swing,none,volume,12,0.6810561300327468,MRKP
3905,swing,none,swing,9,0.6774857401485106,MRKP
3905,touch,hl60,touch,17,0.1588260139880996,MRKP
3905,touch,hl60,dwell,11,0.1224730455987351,MRKP
3905,touch,hl60,volume,16,0.10132469718857572,MRKP
3905,touch,hl60,swing,13,0.280917878223357,MRKP
3905,dwell,hl60,touch,10,0.041936699180633315,MRKP
3905,dwell,hl60,dwell,7,,MRKP
3905,dwell,hl60,volume,9,0.2976708486500612,MRKP
3905,dwell,hl60,swing,11,0.3086504083937482,MRKP
3905,volume,hl60,touch,14,0.241025124796752,MRKP
3905,volume,hl60,dwell,10,0.23966568000208835,MRKP
3905,volume,hl60,volume,14,0.12518869260598345,MRKP
3905,volume,hl60,swing,11,0.31511479145526294,MRKP
3905,swing,hl60,touch,16,0.2554899237067615,MRKP
3905,swing,hl60,dwell,12,0.5413902506177084,MRKP
3905,swing,hl60,volume,12,0.4934260280159964,MRKP
3905,swing,hl60,swing,9,0.47193961372809695,MRKP
3965,touch,none,touch,14,-0.3883335825842107,MRKP
3965,touch,none,dwell,11,-0.1309203719380159,MRKP
3965,touch,none,volume,14,-0.3775478694642727,MRKP
3965,touch,none,swing,12,-0.182049993185941,MRKP
3965,dwell,none,touch,10,-0.5297507961329672,MRKP
3965,dwell,none,dwell,8,-0.09981004561335538,MRKP
3965,dwell,none,volume,10,-0.22954938705265862,MRKP
3965,dwell,none,swing,11,-0.08745944518650849,MRKP
3965,volume,none,touch,13,-0.31461260152947185,MRKP
3965,volume,none,dwell,10,0.013706518106264678,MRKP
3965,volume,none,volume,13,-0.23664014979656312,MRKP
3965,volume,none,swing,11,-0.08825589908561776,MRKP
3965,swing,none,touch,14,-0.23467923346636113,MRKP
3965,swing,none,dwell,12,-0.2952996886908035,MRKP
3965,swing,none,volume,12,-0.1584272915365465,MRKP
3965,swing,none,swing,10,-0.1324525315659683,MRKP
3965,touch,hl60,touch,14,-0.43712800983973704,MRKP
3965,touch,hl60,dwell,11,-0.1637760478725216,MRKP
3965,touch,hl60,volume,14,-0.378827536366035,MRKP
3965,touch,hl60,swing,12,-0.22978738276620464,MRKP
3965,dwell,hl60,touch,10,-0.6281029804099654,MRKP
3965,dwell,hl60,dwell,8,-0.1739308292123523,MRKP
3965,dwell,hl60,volume,10,-0.3064845500839201,MRKP
3965,dwell,hl60,swing,11,-0.19089995199858278,MRKP
3965,volume,hl60,touch,13,-0.4102485841688717,MRKP
3965,volume,hl60,dwell,10,-0.10078756207671373,MRKP
3965,volume,hl60,volume,13,-0.37528990624403624,MRKP
3965,volume,hl60,swing,11,-0.2491483427979902,MRKP
3965,swing,hl60,touch,14,-0.31307917811691777,MRKP
3965,swing,hl60,dwell,12,-0.31524140198322415,MRKP
3965,swing,hl60,volume,12,-0.20932896144372873,MRKP
3965,swing,hl60,swing,10,-0.15472018804160212,MRKP
4025,touch,none,touch,12,0.4107284157010273,MRKP
4025,touch,none,dwell,10,0.33598309880712157,MRKP
4025,touch,none,volume,12,0.4100569405099293,MRKP
4025,touch,none,swing,12,0.5049182834989526,MRKP
4025,dwell,none,touch,11,0.22826901494931207,MRKP
4025,dwell,none,dwell,10,0.3064048836386173,MRKP
4025,dwell,none,volume,11,0.23087046409540968,MRKP
4025,dwell,none,swing,12,0.5249910368367412,MRKP
4025,volume,none,touch,12,0.18775940639480515,MRKP
4025,volume,none,dwell,10,0.08835261476514067,MRKP
4025,volume,none,volume,12,0.1998041671015013,MRKP
4025,volume,none,swing,12,0.48788671742479645,MRKP
4025,swing,none,touch,12,0.12985496312379322,MRKP
4025,swing,none,dwell,11,0.15841584887110172,MRKP
4025,swing,none,volume,11,0.1237856592330264,MRKP
4025,swing,none,swing,11,0.36077388456182913,MRKP
4025,touch,hl60,touch,12,-0.25939012250350885,MRKP
4025,touch,hl60,dwell,10,-0.2306774320480659,MRKP
4025,touch,hl60,volume,12,-0.22959573932122365,MRKP
4025,touch,hl60,swing,12,-0.16943972282044398,MRKP
4025,dwell,hl60,touch,11,-0.4337636886359522,MRKP
4025,dwell,hl60,dwell,10,-0.19362750136775334,MRKP
4025,dwell,hl60,volume,11,-0.41403543370257373,MRKP
4025,dwell,hl60,swing,12,-0.071356626262833,MRKP
4025,volume,hl60,touch,12,-0.25375288032894927,MRKP
4025,volume,hl60,dwell,10,-0.2259713789693325,MRKP
4025,volume,hl60,volume,12,-0.19618516866449276,MRKP
4025,volume,hl60,swing,12,0.14720303299693863,MRKP
4025,swing,hl60,touch,12,-0.502271377230153,MRKP
4025,swing,hl60,dwell,11,-0.4212623569503744,MRKP
4025,swing,hl60,volume,11,-0.42334151817422616,MRKP
4025,swing,hl60,swing,11,-0.27887719806154854,MRKP
4085,touch,none,touch,13,-0.4998057458915082,MRKP
4085,touch,none,dwell,10,-0.7436223174007417,MRKP
4085,touch,none,volume,14,-0.4355293344165553,MRKP
4085,touch,none,swing,13,-0.4403067260841819,MRKP
4085,dwell,none,touch,10,-0.3190373106397474,MRKP
4085,dwell,none,dwell,8,-0.580864907419735,MRKP
4085,dwell,none,volume,11,-0.3280931559766352,MRKP
4085,dwell,none,swing,13,-0.3889216111869629,MRKP
4085,volume,none,touch,13,-0.05412823582321386,MRKP
4085,volume,none,dwell,10,-0.32889332709973396,MRKP
4085,volume,none,volume,14,0.13011719601245322,MRKP
4085,volume,none,swing,13,-0.07658184535662857,MRKP
4085,swing,none,touch,13,-0.15892865184359892,MRKP
4085,swing,none,dwell,12,-0.13240506179829992,MRKP
4085,swing,none,volume,12,-0.24725416971055042,MRKP
4085,swing,none,swing,11,-0.1011552112193794,MRKP
4085,touch,hl60,touch,13,-0.5868308911656908,MRKP
4085,touch,hl60,dwell,10,-0.7365849406030629,MRKP
4085,touch,hl60,volume,14,-0.541309331445344,MRKP
4085,touch,hl60,swing,13,-0.5615650112129821,MRKP
4085,dwell,hl60,touch,10,-0.5630524522279334,MRKP
4085,dwell,hl60,dwell,8,-0.733797611095784,MRKP
4085,dwell,hl60,volume,11,-0.55271502888913,MRKP
4085,dwell,hl60,swing,13,-0.5341612621996894,MRKP
4085,volume,hl60,touch,13,-0.3356785932843876,MRKP
4085,volume,hl60,dwell,10,-0.5742317418451076,MRKP
4085,volume,hl60,volume,14,-0.20230619062194047,MRKP
4085,volume,hl60,swing,13,-0.37745385705180795,MRKP
4085,swing,hl60,touch,13,-0.328530081008131,MRKP
4085,swing,hl60,dwell,12,-0.30420093760308897,MRKP
4085,swing,hl60,volume,12,-0.40177875707533667,MRKP
4085,swing,hl60,swing,11,-0.3115530285258907,MRKP
4145,touch,none,touch,8,-0.1997343934823452,MRKP
4145,touch,none,dwell,5,,MRKP
4145,touch,none,volume,9,-0.2853799172627984,MRKP
4145,touch,none,swing,7,,MRKP
4145,dwell,none,touch,6,,MRKP
4145,dwell,none,dwell,4,,MRKP
4145,dwell,none,volume,7,,MRKP
4145,dwell,none,swing,7,,MRKP
4145,volume,none,touch,7,,MRKP
4145,volume,none,dwell,5,,MRKP
4145,volume,none,volume,8,-0.1219811684930145,MRKP
4145,volume,none,swing,7,,MRKP
4145,swing,none,touch,8,-0.6785546286229845,MRKP
4145,swing,none,dwell,8,-0.7225324228955693,MRKP
4145,swing,none,volume,8,-0.5938446456607093,MRKP
4145,swing,none,swing,7,,MRKP
4145,touch,hl60,touch,8,0.2858106734775633,MRKP
4145,touch,hl60,dwell,5,,MRKP
4145,touch,hl60,volume,9,0.1955679548032271,MRKP
4145,touch,hl60,swing,7,,MRKP
4145,dwell,hl60,touch,6,,MRKP
4145,dwell,hl60,dwell,4,,MRKP
4145,dwell,hl60,volume,7,,MRKP
4145,dwell,hl60,swing,7,,MRKP
4145,volume,hl60,touch,7,,MRKP
4145,volume,hl60,dwell,5,,MRKP
4145,volume,hl60,volume,8,0.12383012577016343,MRKP
4145,volume,hl60,swing,7,,MRKP
4145,swing,hl60,touch,8,-0.2757095213439157,MRKP
4145,swing,hl60,dwell,8,-0.409422715096026,MRKP
4145,swing,hl60,volume,8,-0.1816439041143411,MRKP
4145,swing,hl60,swing,7,,MRKP
4205,touch,none,touch,2,,MRKP
4205,touch,none,dwell,1,,MRKP
4205,touch,none,volume,2,,MRKP
4205,touch,none,swing,1,,MRKP
4205,dwell,none,touch,1,,MRKP
4205,dwell,none,dwell,1,,MRKP
4205,dwell,none,volume,1,,MRKP
4205,dwell,none,swing,1,,MRKP
4205,volume,none,touch,1,,MRKP
4205,volume,none,dwell,1,,MRKP
4205,volume,none,volume,1,,MRKP
4205,volume,none,swing,1,,MRKP
4205,swing,none,touch,2,,MRKP
4205,swing,none,dwell,1,,MRKP
4205,swing,none,volume,1,,MRKP
4205,swing,none,swing,1,,MRKP
4205,touch,hl60,touch,2,,MRKP
4205,touch,hl60,dwell,1,,MRKP
4205,touch,hl60,volume,2,,MRKP
4205,touch,hl60,swing,1,,MRKP
4205,dwell,hl60,touch,1,,MRKP
4205,dwell,hl60,dwell,1,,MRKP
4205,dwell,hl60,volume,1,,MRKP
4205,dwell,hl60,swing,1,,MRKP
4205,volume,hl60,touch,1,,MRKP
4205,volume,hl60,dwell,1,,MRKP
4205,volume,hl60,volume,1,,MRKP
4205,volume,hl60,swing,1,,MRKP
4205,swing,hl60,touch,2,,MRKP
4205,swing,hl60,dwell,1,,MRKP
4205,swing,hl60,volume,1,,MRKP
4205,swing,hl60,swing,1,,MRKP
4265,touch,none,touch,11,-0.08532074918215164,MRKP
4265,touch,none,dwell,5,,MRKP
4265,touch,none,volume,9,0.06739087206530787,MRKP
4265,touch,none,swing,9,0.4377383107119103,MRKP
4265,dwell,none,touch,8,0.1372053845703483,MRKP
4265,dwell,none,dwell,4,,MRKP
4265,dwell,none,volume,6,,MRKP
4265,dwell,none,swing,8,0.30084961642088737,MRKP
4265,volume,none,touch,10,0.5342062332411955,MRKP
4265,volume,none,dwell,4,,MRKP
4265,volume,none,volume,8,0.2496021910669731,MRKP
4265,volume,none,swing,8,0.1010300646128712,MRKP
4265,swing,none,touch,12,-0.46478084577735224,MRKP
4265,swing,none,dwell,6,,MRKP
4265,swing,none,volume,6,,MRKP
4265,swing,none,swing,6,,MRKP
4265,touch,hl60,touch,11,0.19276377729544536,MRKP
4265,touch,hl60,dwell,5,,MRKP
4265,touch,hl60,volume,9,0.058930844842129675,MRKP
4265,touch,hl60,swing,9,0.5581383096447223,MRKP
4265,dwell,hl60,touch,8,0.37828520457211773,MRKP
4265,dwell,hl60,dwell,4,,MRKP
4265,dwell,hl60,volume,6,,MRKP
4265,dwell,hl60,swing,8,0.4685130553535571,MRKP
4265,volume,hl60,touch,10,0.5823962914541762,MRKP
4265,volume,hl60,dwell,4,,MRKP
4265,volume,hl60,volume,8,0.2329046692570771,MRKP
4265,volume,hl60,swing,8,0.17312326612505685,MRKP
4265,swing,hl60,touch,12,0.1117005535812332,MRKP
4265,swing,hl60,dwell,6,,MRKP
4265,swing,hl60,volume,6,,MRKP
4265,swing,hl60,swing,6,,MRKP
4325,touch,none,touch,15,0.3338417265356512,MRKP
4325,touch,none,dwell,8,0.8254129743906405,MRKP
4325,touch,none,volume,13,-0.02947114929390376,MRKP
4325,touch,none,swing,13,0.5759860079966822,MRKP
4325,dwell,none,touch,13,0.28678250462112054,MRKP
4325,dwell,none,dwell,8,0.7427583185162656,MRKP
4325,dwell,none,volume,11,-0.1357179842744953,MRKP
4325,dwell,none,swing,12,0.6133110750346503,MRKP
4325,volume,none,touch,15,0.44207009419852117,MRKP
4325,volume,none,dwell,8,0.5422268133830398,MRKP
4325,volume,none,volume,13,0.19187293647792333,MRKP
4325,volume,none,swing,12,0.4115327999578227,MRKP
4325,swing,none,touch,17,-0.2602211734284474,MRKP
4325,swing,none,dwell,10,0.06335413365854983,MRKP
4325,swing,none,volume,10,-0.25722272740084023,MRKP
4325,swing,none,swing,9,0.2073787655015632,MRKP
4325,touch,hl60,touch,15,0.38203048011141344,MRKP
4325,touch,hl60,dwell,8,0.5895130309873926,MRKP
4325,touch,hl60,volume,13,-0.14054201796476387,MRKP
4325,touch,hl60,swing,13,0.5341261624779762,MRKP
4325,dwell,hl60,touch,13,0.32298735912719573,MRKP
4325,dwell,hl60,dwell,8,0.6037157095191417,MRKP
4325,dwell,hl60,volume,11,-0.1959514349192725,MRKP
4325,dwell,hl60,swing,12,0.6171205015180654,MRKP
4325,volume,hl60,touch,15,0.48705666627518523,MRKP
4325,volume,hl60,dwell,8,0.5995651715099104,MRKP
4325,volume,hl60,volume,13,0.03829515936137982,MRKP
4325,volume,hl60,swing,12,0.5369238242890632,MRKP
4325,swing,hl60,touch,17,0.302980628178731,MRKP
4325,swing,hl60,dwell,10,0.18620064122768157,MRKP
4325,swing,hl60,volume,10,-0.28111356564622375,MRKP
4325,swing,hl60,swing,9,0.3408697747883877,MRKP
4385,touch,none,touch,3,,MRKP
4385,touch,none,dwell,2,,MRKP
4385,touch,none,volume,3,,MRKP
4385,touch,none,swing,4,,MRKP
4385,dwell,none,touch,3,,MRKP
4385,dwell,none,dwell,2,,MRKP
4385,dwell,none,volume,3,,MRKP
4385,dwell,none,swing,3,,MRKP
4385,volume,none,touch,3,,MRKP
4385,volume,none,dwell,2,,MRKP
4385,volume,none,volume,3,,MRKP
4385,volume,none,swing,3,,MRKP
4385,swing,none,touch,4,,MRKP
4385,swing,none,dwell,3,,MRKP
4385,swing,none,volume,3,,MRKP
4385,swing,none,swing,3,,MRKP
4385,touch,hl60,touch,3,,MRKP
4385,touch,hl60,dwell,2,,MRKP
4385,touch,hl60,volume,3,,MRKP
4385,touch,hl60,swing,4,,MRKP
4385,dwell,hl60,touch,3,,MRKP
4385,dwell,hl60,dwell,2,,MRKP
4385,dwell,hl60,volume,3,,MRKP
4385,dwell,hl60,swing,3,,MRKP
4385,volume,hl60,touch,3,,MRKP
4385,volume,hl60,dwell,2,,MRKP
4385,volume,hl60,volume,3,,MRKP
4385,volume,hl60,swing,3,,MRKP
4385,swing,hl60,touch,4,,MRKP
4385,swing,hl60,dwell,3,,MRKP
4385,swing,hl60,volume,3,,MRKP
4385,swing,hl60,swing,3,,MRKP
4445,touch,none,touch,4,,MRKP
4445,touch,none,dwell,3,,MRKP
4445,touch,none,volume,4,,MRKP
4445,touch,none,swing,4,,MRKP
4445,dwell,none,touch,3,,MRKP
4445,dwell,none,dwell,2,,MRKP
4445,dwell,none,volume,3,,MRKP
4445,dwell,none,swing,4,,MRKP
4445,volume,none,touch,4,,MRKP
4445,volume,none,dwell,3,,MRKP
4445,volume,none,volume,4,,MRKP
4445,volume,none,swing,4,,MRKP
4445,swing,none,touch,4,,MRKP
4445,swing,none,dwell,4,,MRKP
4445,swing,none,volume,4,,MRKP
4445,swing,none,swing,4,,MRKP
4445,touch,hl60,touch,4,,MRKP
4445,touch,hl60,dwell,3,,MRKP
4445,touch,hl60,volume,4,,MRKP
4445,touch,hl60,swing,4,,MRKP
4445,dwell,hl60,touch,3,,MRKP
4445,dwell,hl60,dwell,2,,MRKP
4445,dwell,hl60,volume,3,,MRKP
4445,dwell,hl60,swing,4,,MRKP
4445,volume,hl60,touch,4,,MRKP
4445,volume,hl60,dwell,3,,MRKP
4445,volume,hl60,volume,4,,MRKP
4445,volume,hl60,swing,4,,MRKP
4445,swing,hl60,touch,4,,MRKP
4445,swing,hl60,dwell,4,,MRKP
4445,swing,hl60,volume,4,,MRKP
4445,swing,hl60,swing,4,,MRKP
3302,touch,none,touch,5,,NLMK
3302,touch,none,dwell,4,,NLMK
3302,touch,none,volume,6,,NLMK
3302,touch,none,swing,7,,NLMK
3302,dwell,none,touch,5,,NLMK
3302,dwell,none,dwell,4,,NLMK
3302,dwell,none,volume,6,,NLMK
3302,dwell,none,swing,7,,NLMK
3302,volume,none,touch,6,,NLMK
3302,volume,none,dwell,5,,NLMK
3302,volume,none,volume,7,,NLMK
3302,volume,none,swing,7,,NLMK
3302,swing,none,touch,9,-0.6484987047582341,NLMK
3302,swing,none,dwell,7,,NLMK
3302,swing,none,volume,7,,NLMK
3302,swing,none,swing,7,,NLMK
3302,touch,hl60,touch,5,,NLMK
3302,touch,hl60,dwell,4,,NLMK
3302,touch,hl60,volume,6,,NLMK
3302,touch,hl60,swing,7,,NLMK
3302,dwell,hl60,touch,5,,NLMK
3302,dwell,hl60,dwell,4,,NLMK
3302,dwell,hl60,volume,6,,NLMK
3302,dwell,hl60,swing,7,,NLMK
3302,volume,hl60,touch,6,,NLMK
3302,volume,hl60,dwell,5,,NLMK
3302,volume,hl60,volume,7,,NLMK
3302,volume,hl60,swing,7,,NLMK
3302,swing,hl60,touch,9,-0.6546698117411952,NLMK
3302,swing,hl60,dwell,7,,NLMK
3302,swing,hl60,volume,7,,NLMK
3302,swing,hl60,swing,7,,NLMK
3362,touch,none,touch,5,,NLMK
3362,touch,none,dwell,4,,NLMK
3362,touch,none,volume,5,,NLMK
3362,touch,none,swing,5,,NLMK
3362,dwell,none,touch,5,,NLMK
3362,dwell,none,dwell,4,,NLMK
3362,dwell,none,volume,5,,NLMK
3362,dwell,none,swing,5,,NLMK
3362,volume,none,touch,6,,NLMK
3362,volume,none,dwell,5,,NLMK
3362,volume,none,volume,6,,NLMK
3362,volume,none,swing,5,,NLMK
3362,swing,none,touch,6,,NLMK
3362,swing,none,dwell,6,,NLMK
3362,swing,none,volume,6,,NLMK
3362,swing,none,swing,5,,NLMK
3362,touch,hl60,touch,5,,NLMK
3362,touch,hl60,dwell,4,,NLMK
3362,touch,hl60,volume,5,,NLMK
3362,touch,hl60,swing,5,,NLMK
3362,dwell,hl60,touch,5,,NLMK
3362,dwell,hl60,dwell,4,,NLMK
3362,dwell,hl60,volume,5,,NLMK
3362,dwell,hl60,swing,5,,NLMK
3362,volume,hl60,touch,6,,NLMK
3362,volume,hl60,dwell,5,,NLMK
3362,volume,hl60,volume,6,,NLMK
3362,volume,hl60,swing,5,,NLMK
3362,swing,hl60,touch,6,,NLMK
3362,swing,hl60,dwell,6,,NLMK
3362,swing,hl60,volume,6,,NLMK
3362,swing,hl60,swing,5,,NLMK
3422,touch,none,touch,11,-0.46202106506063856,NLMK
3422,touch,none,dwell,9,-0.44916019078829655,NLMK
3422,touch,none,volume,11,-0.5684045506348333,NLMK
3422,touch,none,swing,10,-0.38525316244040225,NLMK
3422,dwell,none,touch,10,-0.47600554995547,NLMK
3422,dwell,none,dwell,8,-0.5642060096159653,NLMK
3422,dwell,none,volume,10,-0.5311173783911124,NLMK
3422,dwell,none,swing,9,-0.42450953217888104,NLMK
3422,volume,none,touch,11,-0.4616296879223929,NLMK
3422,volume,none,dwell,9,-0.5489878229470554,NLMK
3422,volume,none,volume,11,-0.5659728990601604,NLMK
3422,volume,none,swing,9,-0.4257027854810508,NLMK
3422,swing,none,touch,11,-0.4399818653409237,NLMK
3422,swing,none,dwell,11,-0.3577670090875089,NLMK
3422,swing,none,volume,11,-0.4926763205417456,NLMK
3422,swing,none,swing,9,-0.3924386850477834,NLMK
3422,touch,hl60,touch,11,-0.10482670823588279,NLMK
3422,touch,hl60,dwell,9,-0.44504070645453986,NLMK
3422,touch,hl60,volume,11,-0.3010309173289367,NLMK
3422,touch,hl60,swing,10,-0.3255588363019409,NLMK
3422,dwell,hl60,touch,10,-0.18436416701610453,NLMK
3422,dwell,hl60,dwell,8,-0.5911289868929631,NLMK
3422,dwell,hl60,volume,10,-0.3249209119711873,NLMK
3422,dwell,hl60,swing,9,-0.3662431283178514,NLMK
3422,volume,hl60,touch,11,-0.2622792585305236,NLMK
3422,volume,hl60,dwell,9,-0.5609884434118674,NLMK
3422,volume,hl60,volume,11,-0.3907461539683889,NLMK
3422,volume,hl60,swing,9,-0.3779965516620873,NLMK
3422,swing,hl60,touch,11,-0.22468595970416386,NLMK
3422,swing,hl60,dwell,11,-0.2731563750762217,NLMK
3422,swing,hl60,volume,11,-0.37038503005989126,NLMK
3422,swing,hl60,swing,9,-0.35201796259735335,NLMK
3482,touch,none,touch,16,0.5652834237419364,NLMK
3482,touch,none,dwell,13,0.38092905230157936,NLMK
3482,touch,none,volume,14,0.2559452107029814,NLMK
3482,touch,none,swing,15,0.43496414756183494,NLMK
3482,dwell,none,touch,11,-0.026743091539124766,NLMK
3482,dwell,none,dwell,11,0.06177900990165687,NLMK
3482,dwell,none,volume,11,-0.2405897061450032,NLMK
3482,dwell,none,swing,12,0.12828756498777658,NLMK
3482,volume,none,touch,14,0.42060914861037396,NLMK
3482,volume,none,dwell,12,0.27260261811109854,NLMK
3482,volume,none,volume,13,0.18705876186417827,NLMK
3482,volume,none,swing,12,0.22995914423761638,NLMK
3482,swing,none,touch,13,0.023350497933868557,NLMK
3482,swing,none,dwell,12,0.03722578898703952,NLMK
3482,swing,none,volume,12,-0.2060911005901996,NLMK
3482,swing,none,swing,11,-0.08701916804174537,NLMK
3482,touch,hl60,touch,16,0.7088013839749912,NLMK
3482,touch,hl60,dwell,13,0.5896300745851478,NLMK
3482,touch,hl60,volume,14,0.44658941650934364,NLMK
3482,touch,hl60,swing,15,0.5877934891965838,NLMK
3482,dwell,hl60,touch,11,0.24285703564719613,NLMK
3482,dwell,hl60,dwell,11,0.30389374141417225,NLMK
3482,dwell,hl60,volume,11,0.0046578507244485964,NLMK
3482,dwell,hl60,swing,12,0.35578378571793534,NLMK
3482,volume,hl60,touch,14,0.5934873779017895,NLMK
3482,volume,hl60,dwell,12,0.5102120088449024,NLMK
3482,volume,hl60,volume,13,0.42319804699664615,NLMK
3482,volume,hl60,swing,12,0.5130882025716385,NLMK
3482,swing,hl60,touch,13,0.2842825476342061,NLMK
3482,swing,hl60,dwell,12,0.18246379955831768,NLMK
3482,swing,hl60,volume,12,-0.043649181776313634,NLMK
3482,swing,hl60,swing,11,0.19828549636373807,NLMK
3542,touch,none,touch,15,0.1412594213896744,NLMK
3542,touch,none,dwell,11,-0.16862602120523398,NLMK
3542,touch,none,volume,16,-0.07188136701778418,NLMK
3542,touch,none,swing,15,-0.2989833027054911,NLMK
3542,dwell,none,touch,11,0.21030582020521332,NLMK
3542,dwell,none,dwell,8,0.069352544650217,NLMK
3542,dwell,none,volume,11,0.1544381316651943,NLMK
3542,dwell,none,swing,14,-0.3847995590212165,NLMK
3542,volume,none,touch,15,0.17236698826872715,NLMK
3542,volume,none,dwell,11,-0.07485206841176485,NLMK
3542,volume,none,volume,16,-0.014308036631052125,NLMK
3542,volume,none,swing,14,-0.34377965905091973,NLMK
3542,swing,none,touch,14,0.15127875244455638,NLMK
3542,swing,none,dwell,13,0.042521762537505975,NLMK
3542,swing,none,volume,13,-0.10978664061961077,NLMK
3542,swing,none,swing,11,-0.3501280995559407,NLMK
3542,touch,hl60,touch,15,0.24266575066707113,NLMK
3542,touch,hl60,dwell,11,0.059130820851994385,NLMK
3542,touch,hl60,volume,16,-0.021384540963623817,NLMK
3542,touch,hl60,swing,15,-0.19607120854843002,NLMK
3542,dwell,hl60,touch,11,0.40722429383757525,NLMK
3542,dwell,hl60,dwell,8,0.4842890852900984,NLMK
3542,dwell,hl60,volume,11,0.300058365269372,NLMK
3542,dwell,hl60,swing,14,-0.23274953178101856,NLMK
3542,volume,hl60,touch,15,0.2536078242324962,NLMK
3542,volume,hl60,dwell,11,0.10703365242710627,NLMK
3542,volume,hl60,volume,16,0.013353504341355413,NLMK
3542,volume,hl60,swing,14,-0.1929581782338476,NLMK
3542,swing,hl60,touch,14,0.2779441667450518,NLMK
3542,swing,hl60,dwell,13,0.1918625481078506,NLMK
3542,swing,hl60,volume,13,0.015427672884123899,NLMK
3542,swing,hl60,swing,11,-0.15647351282404198,NLMK
3602,touch,none,touch,3,,NLMK
3602,touch,none,dwell,1,,NLMK
3602,touch,none,volume,3,,NLMK
3602,touch,none,swing,3,,NLMK
3602,dwell,none,touch,2,,NLMK
3602,dwell,none,dwell,1,,NLMK
3602,dwell,none,volume,2,,NLMK
3602,dwell,none,swing,2,,NLMK
3602,volume,none,touch,3,,NLMK
3602,volume,none,dwell,1,,NLMK
3602,volume,none,volume,3,,NLMK
3602,volume,none,swing,2,,NLMK
3602,swing,none,touch,2,,NLMK
3602,swing,none,dwell,2,,NLMK
3602,swing,none,volume,2,,NLMK
3602,swing,none,swing,1,,NLMK
3602,touch,hl60,touch,3,,NLMK
3602,touch,hl60,dwell,1,,NLMK
3602,touch,hl60,volume,3,,NLMK
3602,touch,hl60,swing,3,,NLMK
3602,dwell,hl60,touch,2,,NLMK
3602,dwell,hl60,dwell,1,,NLMK
3602,dwell,hl60,volume,2,,NLMK
3602,dwell,hl60,swing,2,,NLMK
3602,volume,hl60,touch,3,,NLMK
3602,volume,hl60,dwell,1,,NLMK
3602,volume,hl60,volume,3,,NLMK
3602,volume,hl60,swing,2,,NLMK
3602,swing,hl60,touch,2,,NLMK
3602,swing,hl60,dwell,2,,NLMK
3602,swing,hl60,volume,2,,NLMK
3602,swing,hl60,swing,1,,NLMK
3662,touch,none,touch,3,,NLMK
3662,touch,none,dwell,1,,NLMK
3662,touch,none,volume,3,,NLMK
3662,touch,none,swing,3,,NLMK
3662,dwell,none,touch,2,,NLMK
3662,dwell,none,dwell,1,,NLMK
3662,dwell,none,volume,2,,NLMK
3662,dwell,none,swing,3,,NLMK
3662,volume,none,touch,4,,NLMK
3662,volume,none,dwell,1,,NLMK
3662,volume,none,volume,4,,NLMK
3662,volume,none,swing,3,,NLMK
3662,swing,none,touch,5,,NLMK
3662,swing,none,dwell,4,,NLMK
3662,swing,none,volume,4,,NLMK
3662,swing,none,swing,3,,NLMK
3662,touch,hl60,touch,3,,NLMK
3662,touch,hl60,dwell,1,,NLMK
3662,touch,hl60,volume,3,,NLMK
3662,touch,hl60,swing,3,,NLMK
3662,dwell,hl60,touch,2,,NLMK
3662,dwell,hl60,dwell,1,,NLMK
3662,dwell,hl60,volume,2,,NLMK
3662,dwell,hl60,swing,3,,NLMK
3662,volume,hl60,touch,4,,NLMK
3662,volume,hl60,dwell,1,,NLMK
3662,volume,hl60,volume,4,,NLMK
3662,volume,hl60,swing,3,,NLMK
3662,swing,hl60,touch,5,,NLMK
3662,swing,hl60,dwell,4,,NLMK
3662,swing,hl60,volume,4,,NLMK
3662,swing,hl60,swing,3,,NLMK
3722,touch,none,touch,5,,NLMK
3722,touch,none,dwell,4,,NLMK
3722,touch,none,volume,5,,NLMK
3722,touch,none,swing,5,,NLMK
3722,dwell,none,touch,5,,NLMK
3722,dwell,none,dwell,4,,NLMK
3722,dwell,none,volume,5,,NLMK
3722,dwell,none,swing,5,,NLMK
3722,volume,none,touch,5,,NLMK
3722,volume,none,dwell,4,,NLMK
3722,volume,none,volume,5,,NLMK
3722,volume,none,swing,5,,NLMK
3722,swing,none,touch,5,,NLMK
3722,swing,none,dwell,5,,NLMK
3722,swing,none,volume,5,,NLMK
3722,swing,none,swing,5,,NLMK
3722,touch,hl60,touch,5,,NLMK
3722,touch,hl60,dwell,4,,NLMK
3722,touch,hl60,volume,5,,NLMK
3722,touch,hl60,swing,5,,NLMK
3722,dwell,hl60,touch,5,,NLMK
3722,dwell,hl60,dwell,4,,NLMK
3722,dwell,hl60,volume,5,,NLMK
3722,dwell,hl60,swing,5,,NLMK
3722,volume,hl60,touch,5,,NLMK
3722,volume,hl60,dwell,4,,NLMK
3722,volume,hl60,volume,5,,NLMK
3722,volume,hl60,swing,5,,NLMK
3722,swing,hl60,touch,5,,NLMK
3722,swing,hl60,dwell,5,,NLMK
3722,swing,hl60,volume,5,,NLMK
3722,swing,hl60,swing,5,,NLMK
3782,touch,none,touch,16,-0.6107420874682186,NLMK
3782,touch,none,dwell,12,-0.8000518143045084,NLMK
3782,touch,none,volume,16,-0.4713334939525272,NLMK
3782,touch,none,swing,15,-0.6378632547730629,NLMK
3782,dwell,none,touch,12,-0.4192395445255601,NLMK
3782,dwell,none,dwell,8,-0.8743522486915835,NLMK
3782,dwell,none,volume,12,-0.3655939084908347,NLMK
3782,dwell,none,swing,15,-0.589917698278235,NLMK
3782,volume,none,touch,16,-0.5287202274931735,NLMK
3782,volume,none,dwell,12,-0.8591342328912925,NLMK
3782,volume,none,volume,16,-0.46545595774172516,NLMK
3782,volume,none,swing,15,-0.581788416472403,NLMK
3782,swing,none,touch,15,-0.3428053562179649,NLMK
3782,swing,none,dwell,14,-0.4846079536440601,NLMK
3782,swing,none,volume,14,-0.40227502783306074,NLMK
3782,swing,none,swing,13,-0.5278475268096143,NLMK
3782,touch,hl60,touch,16,-0.5677525941236085,NLMK
3782,touch,hl60,dwell,12,-0.5936709173722349,NLMK
3782,touch,hl60,volume,16,-0.48491394848734193,NLMK
3782,touch,hl60,swing,15,-0.6269889174471257,NLMK
3782,dwell,hl60,touch,12,-0.3232196673329289,NLMK
3782,dwell,hl60,dwell,8,-0.722586624469468,NLMK
3782,dwell,hl60,volume,12,-0.39070358876857453,NLMK
3782,dwell,hl60,swing,15,-0.5375957863080496,NLMK
3782,volume,hl60,touch,16,-0.43843626607086633,NLMK
3782,volume,hl60,dwell,12,-0.7352323557045388,NLMK
3782,volume,hl60,volume,16,-0.46961300508154336,NLMK
3782,volume,hl60,swing,15,-0.522177072036991,NLMK
3782,swing,hl60,touch,15,-0.21832386732093714,NLMK
3782,swing,hl60,dwell,14,-0.3820507725134855,NLMK
3782,swing,hl60,volume,14,-0.3784514153634587,NLMK
3782,swing,hl60,swing,13,-0.43380190027143406,NLMK
3842,touch,none,touch,12,0.8704208231356411,NLMK
3842,touch,none,dwell,11,0.8140570295712275,NLMK
3842,touch,none,volume,12,0.7863850119702932,NLMK
3842,touch,none,swing,12,0.8021987472362523,NLMK
3842,dwell,none,touch,11,0.6677414455327795,NLMK
3842,dwell,none,dwell,11,0.6164675834473905,NLMK
3842,dwell,none,volume,11,0.5461813714915822,NLMK
3842,dwell,none,swing,12,0.6391606258980166,NLMK
3842,volume,none,touch,12,0.740337602565366,NLMK
3842,volume,none,dwell,11,0.6355074048795168,NLMK
3842,volume,none,volume,12,0.6311393509769129,NLMK
3842,volume,none,swing,12,0.6780635064631709,NLMK
3842,swing,none,touch,17,0.45409301239115385,NLMK
3842,swing,none,dwell,12,0.4049359636308193,NLMK
3842,swing,none,volume,12,0.3871938788945083,NLMK
3842,swing,none,swing,12,0.35592092808144055,NLMK
3842,touch,hl60,touch,12,0.3030375978269232,NLMK
3842,touch,hl60,dwell,11,0.10745763486711807,NLMK
3842,touch,hl60,volume,12,0.27851756830110336,NLMK
3842,touch,hl60,swing,12,0.33067988914542906,NLMK
3842,dwell,hl60,touch,11,0.013202015360783513,NLMK
3842,dwell,hl60,dwell,11,0.0023490309512701566,NLMK
3842,dwell,hl60,volume,11,-0.05867232079906687,NLMK
3842,dwell,hl60,swing,12,0.24572062638566294,NLMK
3842,volume,hl60,touch,12,0.15012677375343153,NLMK
3842,volume,hl60,dwell,11,-0.08326427851197192,NLMK
3842,volume,hl60,volume,12,0.08211145705165449,NLMK
3842,volume,hl60,swing,12,0.18627904452053418,NLMK
3842,swing,hl60,touch,17,0.1357508799941467,NLMK
3842,swing,hl60,dwell,12,-0.005984592628781919,NLMK
3842,swing,hl60,volume,12,0.00258211591690047,NLMK
3842,swing,hl60,swing,12,-0.01095927543020621,NLMK
3902,touch,none,touch,12,0.7932023021274315,NLMK
3902,touch,none,dwell,7,,NLMK
3902,touch,none,volume,10,0.8055776718358841,NLMK
3902,touch,none,swing,10,0.7784455445426037,NLMK
3902,dwell,none,touch,10,0.7781217339275673,NLMK
3902,dwell,none,dwell,6,,NLMK
3902,dwell,none,volume,9,0.8104162567118235,NLMK
3902,dwell,none,swing,10,0.7074186574574576,NLMK
3902,volume,none,touch,12,0.707852600285127,NLMK
3902,volume,none,dwell,7,,NLMK
3902,volume,none,volume,10,0.6828236427073303,NLMK
3902,volume,none,swing,10,0.6581630992158761,NLMK
3902,swing,none,touch,12,0.5906226520387163,NLMK
3902,swing,none,dwell,10,0.5611254500868528,NLMK
3902,swing,none,volume,10,0.4358436553578364,NLMK
3902,swing,none,swing,10,0.3583172026132016,NLMK
3902,touch,hl60,touch,12,0.5012363174017929,NLMK
3902,touch,hl60,dwell,7,,NLMK
3902,touch,hl60,volume,10,0.5634592369623588,NLMK
3902,touch,hl60,swing,10,0.5318169923811443,NLMK
3902,dwell,hl60,touch,10,0.4101845694863168,NLMK
3902,dwell,hl60,dwell,6,,NLMK
3902,dwell,hl60,volume,9,0.5866965728593877,NLMK
3902,dwell,hl60,swing,10,0.5350570312147033,NLMK
3902,volume,hl60,touch,12,0.4827833725780863,NLMK
3902,volume,hl60,dwell,7,,NLMK
3902,volume,hl60,volume,10,0.53784485994453,NLMK
3902,volume,hl60,swing,10,0.49575057427513786,NLMK
3902,swing,hl60,touch,12,0.3748673016069685,NLMK
3902,swing,hl60,dwell,10,0.3911741625850688,NLMK
3902,swing,hl60,volume,10,0.3989195949977487,NLMK
3902,swing,hl60,swing,10,0.36266364902080306,NLMK
3962,touch,none,touch,11,0.2662263790409987,NLMK
3962,touch,none,dwell,2,,NLMK
3962,touch,none,volume,6,,NLMK
3962,touch,none,swing,4,,NLMK
3962,dwell,none,touch,8,0.1536509175316539,NLMK
3962,dwell,none,dwell,2,,NLMK
3962,dwell,none,volume,5,,NLMK
3962,dwell,none,swing,4,,NLMK
3962,volume,none,touch,10,0.36230306106176263,NLMK
3962,volume,none,dwell,2,,NLMK
3962,volume,none,volume,6,,NLMK
3962,volume,none,swing,4,,NLMK
3962,swing,none,touch,10,0.4821737384847525,NLMK
3962,swing,none,dwell,6,,NLMK
3962,swing,none,volume,6,,NLMK
3962,swing,none,swing,4,,NLMK
3962,touch,hl60,touch,11,0.0337723972686014,NLMK
3962,touch,hl60,dwell,2,,NLMK
3962,touch,hl60,volume,6,,NLMK
3962,touch,hl60,swing,4,,NLMK
3962,dwell,hl60,touch,8,0.005522413611657398,NLMK
3962,dwell,hl60,dwell,2,,NLMK
3962,dwell,hl60,volume,5,,NLMK
3962,dwell,hl60,swing,4,,NLMK
3962,volume,hl60,touch,10,0.2000219672587232,NLMK
3962,volume,hl60,dwell,2,,NLMK
3962,volume,hl60,volume,6,,NLMK
3962,volume,hl60,swing,4,,NLMK
3962,swing,hl60,touch,10,0.3389615372654745,NLMK
3962,swing,hl60,dwell,6,,NLMK
3962,swing,hl60,volume,6,,NLMK
3962,swing,hl60,swing,4,,NLMK
4022,touch,none,touch,0,,NLMK
4022,touch,none,dwell,0,,NLMK
4022,touch,none,volume,1,,NLMK
4022,touch,none,swing,0,,NLMK
4022,dwell,none,touch,0,,NLMK
4022,dwell,none,dwell,0,,NLMK
4022,dwell,none,volume,0,,NLMK
4022,dwell,none,swing,0,,NLMK
4022,volume,none,touch,0,,NLMK
4022,volume,none,dwell,0,,NLMK
4022,volume,none,volume,0,,NLMK
4022,volume,none,swing,0,,NLMK
4022,swing,none,touch,0,,NLMK
4022,swing,none,dwell,0,,NLMK
4022,swing,none,volume,0,,NLMK
4022,swing,none,swing,0,,NLMK
4022,touch,hl60,touch,0,,NLMK
4022,touch,hl60,dwell,0,,NLMK
4022,touch,hl60,volume,1,,NLMK
4022,touch,hl60,swing,0,,NLMK
4022,dwell,hl60,touch,0,,NLMK
4022,dwell,hl60,dwell,0,,NLMK
4022,dwell,hl60,volume,0,,NLMK
4022,dwell,hl60,swing,0,,NLMK
4022,volume,hl60,touch,0,,NLMK
4022,volume,hl60,dwell,0,,NLMK
4022,volume,hl60,volume,0,,NLMK
4022,volume,hl60,swing,0,,NLMK
4022,swing,hl60,touch,0,,NLMK
4022,swing,hl60,dwell,0,,NLMK
4022,swing,hl60,volume,0,,NLMK
4022,swing,hl60,swing,0,,NLMK
4082,touch,none,touch,5,,NLMK
4082,touch,none,dwell,4,,NLMK
4082,touch,none,volume,5,,NLMK
4082,touch,none,swing,5,,NLMK
4082,dwell,none,touch,3,,NLMK
4082,dwell,none,dwell,2,,NLMK
4082,dwell,none,volume,3,,NLMK
4082,dwell,none,swing,4,,NLMK
4082,volume,none,touch,4,,NLMK
4082,volume,none,dwell,3,,NLMK
4082,volume,none,volume,4,,NLMK
4082,volume,none,swing,4,,NLMK
4082,swing,none,touch,4,,NLMK
4082,swing,none,dwell,4,,NLMK
4082,swing,none,volume,4,,NLMK
4082,swing,none,swing,4,,NLMK
4082,touch,hl60,touch,5,,NLMK
4082,touch,hl60,dwell,4,,NLMK
4082,touch,hl60,volume,5,,NLMK
4082,touch,hl60,swing,5,,NLMK
4082,dwell,hl60,touch,3,,NLMK
4082,dwell,hl60,dwell,2,,NLMK
4082,dwell,hl60,volume,3,,NLMK
4082,dwell,hl60,swing,4,,NLMK
4082,volume,hl60,touch,4,,NLMK
4082,volume,hl60,dwell,3,,NLMK
4082,volume,hl60,volume,4,,NLMK
4082,volume,hl60,swing,4,,NLMK
4082,swing,hl60,touch,4,,NLMK
4082,swing,hl60,dwell,4,,NLMK
4082,swing,hl60,volume,4,,NLMK
4082,swing,hl60,swing,4,,NLMK
4142,touch,none,touch,13,-0.27702291558411596,NLMK
4142,touch,none,dwell,10,-0.5433623450874154,NLMK
4142,touch,none,volume,13,-0.07571293539391531,NLMK
4142,touch,none,swing,14,-0.1692493549825971,NLMK
4142,dwell,none,touch,12,-0.15176111094789957,NLMK
4142,dwell,none,dwell,10,-0.5073372525329131,NLMK
4142,dwell,none,volume,12,-0.29454254677087977,NLMK
4142,dwell,none,swing,13,0.0055360138417981245,NLMK
4142,volume,none,touch,13,-0.23779971861111646,NLMK
4142,volume,none,dwell,10,-0.31928737230712084,NLMK
4142,volume,none,volume,13,-0.22972283271652588,NLMK
4142,volume,none,swing,13,-0.0575479959942053,NLMK
4142,swing,none,touch,12,-0.29994070436909265,NLMK
4142,swing,none,dwell,12,-0.17640468491136307,NLMK
4142,swing,none,volume,12,-0.15054378659384857,NLMK
4142,swing,none,swing,12,0.09172560656565097,NLMK
4142,touch,hl60,touch,13,-0.21904755923612232,NLMK
4142,touch,hl60,dwell,10,-0.10756696619667713,NLMK
4142,touch,hl60,volume,13,-0.23414641923731583,NLMK
4142,touch,hl60,swing,14,-0.18534199392652465,NLMK
4142,dwell,hl60,touch,12,-0.16419859876617426,NLMK
4142,dwell,hl60,dwell,10,-0.3450964186461099,NLMK
4142,dwell,hl60,volume,12,-0.3390516306060746,NLMK
4142,dwell,hl60,swing,13,-0.07835424893051277,NLMK
4142,volume,hl60,touch,13,-0.2512175389642488,NLMK
4142,volume,hl60,dwell,10,-0.05630147778328001,NLMK
4142,volume,hl60,volume,13,-0.3198268995594522,NLMK
4142,volume,hl60,swing,13,-0.13023414423621366,NLMK
4142,swing,hl60,touch,12,-0.34074796602443025,NLMK
4142,swing,hl60,dwell,12,-0.14979629456379645,NLMK
4142,swing,hl60,volume,12,-0.2683247708648251,NLMK
4142,swing,hl60,swing,12,-0.04166945149086805,NLMK
4202,touch,none,touch,24,0.05185397031771618,NLMK
4202,touch,none,dwell,13,0.10315702273972376,NLMK
4202,touch,none,volume,21,-0.1835827644314292,NLMK
4202,touch,none,swing,19,0.035280613799182854,NLMK
4202,dwell,none,touch,15,-0.3350212967151556,NLMK
4202,dwell,none,dwell,9,-0.3724892091638641,NLMK
4202,dwell,none,volume,13,-0.3433547154488549,NLMK
4202,dwell,none,swing,19,0.03094554888769996,NLMK
4202,volume,none,touch,24,-0.07226257621071672,NLMK
4202,volume,none,dwell,13,-0.03328575008842332,NLMK
4202,volume,none,volume,21,-0.19355254700101598,NLMK
4202,volume,none,swing,19,0.08769511007041235,NLMK
4202,swing,none,touch,19,-0.05910832382731709,NLMK
4202,swing,none,dwell,17,-0.01697916031957878,NLMK
4202,swing,none,volume,17,-0.14534985184438015,NLMK
4202,swing,none,swing,16,0.09873380388131538,NLMK
4202,touch,hl60,touch,24,-0.05448811534237894,NLMK
4202,touch,hl60,dwell,13,0.0020655114276456406,NLMK
4202,touch,hl60,volume,21,-0.18310338402464105,NLMK
4202,touch,hl60,swing,19,-0.024299334815914963,NLMK
4202,dwell,hl60,touch,15,-0.3147948808874456,NLMK
4202,dwell,hl60,dwell,9,-0.345660924646176,NLMK
4202,dwell,hl60,volume,13,-0.2998906328073723,NLMK
4202,dwell,hl60,swing,19,-0.04896525548902706,NLMK
4202,volume,hl60,touch,24,-0.1258637104970243,NLMK
4202,volume,hl60,dwell,13,-0.05394308511580956,NLMK
4202,volume,hl60,volume,21,-0.19689854500032025,NLMK
4202,volume,hl60,swing,19,-0.041296094112462226,NLMK
4202,swing,hl60,touch,19,-0.1422623817690331,NLMK
4202,swing,hl60,dwell,17,-0.02326137483576643,NLMK
4202,swing,hl60,volume,17,-0.12480958340685513,NLMK
4202,swing,hl60,swing,16,0.024822511995970773,NLMK
4262,touch,none,touch,11,0.6100250914429115,NLMK
4262,touch,none,dwell,3,,NLMK
4262,touch,none,volume,10,-0.22099550616254465,NLMK
4262,touch,none,swing,7,,NLMK
4262,dwell,none,touch,6,,NLMK
4262,dwell,none,dwell,2,,NLMK
4262,dwell,none,volume,7,,NLMK
4262,dwell,none,swing,6,,NLMK
4262,volume,none,touch,11,0.48670049453274167,NLMK
4262,volume,none,dwell,3,,NLMK
4262,volume,none,volume,10,-0.40283743472005934,NLMK
4262,volume,none,swing,6,,NLMK
4262,swing,none,touch,10,-0.2683287116987122,NLMK
4262,swing,none,dwell,9,-0.09457559848219182,NLMK
4262,swing,none,volume,9,-0.1810286580571498,NLMK
4262,swing,none,swing,6,,NLMK
4262,touch,hl60,touch,11,0.5318229517424097,NLMK
4262,touch,hl60,dwell,3,,NLMK
4262,touch,hl60,volume,10,-0.30518466536535127,NLMK
4262,touch,hl60,swing,7,,NLMK
4262,dwell,hl60,touch,6,,NLMK
4262,dwell,hl60,dwell,2,,NLMK
4262,dwell,hl60,volume,7,,NLMK
4262,dwell,hl60,swing,6,,NLMK
4262,volume,hl60,touch,11,0.37009848719202,NLMK
4262,volume,hl60,dwell,3,,NLMK
4262,volume,hl60,volume,10,-0.48427883127749616,NLMK
4262,volume,hl60,swing,6,,NLMK
4262,swing,hl60,touch,10,-0.2969178922879396,NLMK
4262,swing,hl60,dwell,9,-0.24676841923376966,NLMK
4262,swing,hl60,volume,9,-0.34077635549248736,NLMK
4262,swing,hl60,swing,6,,NLMK
4322,touch,none,touch,14,-0.019558715766994746,NLMK
4322,touch,none,dwell,10,-0.2630792227204784,NLMK
4322,touch,none,volume,13,0.03508418022031884,NLMK
4322,touch,none,swing,12,-0.49025761437270404,NLMK
4322,dwell,none,touch,6,,NLMK
4322,dwell,none,dwell,5,,NLMK
4322,dwell,none,volume,6,,NLMK
4322,dwell,none,swing,11,-0.10838999911554967,NLMK
4322,volume,none,touch,14,0.06293769707974026,NLMK
4322,volume,none,dwell,10,-0.3292127912067702,NLMK
4322,volume,none,volume,13,0.005848072008227089,NLMK
4322,volume,none,swing,11,-0.29901416367392325,NLMK
4322,swing,none,touch,12,0.17222344905288942,NLMK
4322,swing,none,dwell,11,0.10211335933487248,NLMK
4322,swing,none,volume,11,0.17940561978212954,NLMK
4322,swing,none,swing,10,-0.012800307666203613,NLMK
4322,touch,hl60,touch,14,0.178804524159491,NLMK
4322,touch,hl60,dwell,10,-0.1363696393247075,NLMK
4322,touch,hl60,volume,13,0.21701720089936183,NLMK
4322,touch,hl60,swing,12,-0.3452148654445977,NLMK
4322,dwell,hl60,touch,6,,NLMK
4322,dwell,hl60,dwell,5,,NLMK
4322,dwell,hl60,volume,6,,NLMK
4322,dwell,hl60,swing,11,0.02946732110224307,NLMK
4322,volume,hl60,touch,14,0.1614876189274711,NLMK
4322,volume,hl60,dwell,10,-0.2614408396367544,NLMK
4322,volume,hl60,volume,13,0.09832552776282809,NLMK
4322,volume,hl60,swing,11,-0.1942613113337861,NLMK
4322,swing,hl60,touch,12,0.3354761900524402,NLMK
4322,swing,hl60,dwell,11,0.2601071198264048,NLMK
4322,swing,hl60,volume,11,0.3400953524584681,NLMK
4322,swing,hl60,swing,10,0.21059760781695688,NLMK
4382,touch,none,touch,15,0.830968700717225,NLMK
4382,touch,none,dwell,12,0.6919863528369401,NLMK
4382,touch,none,volume,14,0.7222635660474103,NLMK
4382,touch,none,swing,14,0.5665385455188464,NLMK
4382,dwell,none,touch,11,0.667562446034336,NLMK
4382,dwell,none,dwell,10,0.4761937817259093,NLMK
4382,dwell,none,volume,11,0.49491517746262537,NLMK
4382,dwell,none,swing,13,0.3685096453021476,NLMK
4382,volume,none,touch,15,0.7458876540920673,NLMK
4382,volume,none,dwell,12,0.5194864528919724,NLMK
4382,volume,none,volume,14,0.5802159221952471,NLMK
4382,volume,none,swing,13,0.3766287603021288,NLMK
4382,swing,none,touch,14,0.6910242225100472,NLMK
4382,swing,none,dwell,13,0.49303237657462917,NLMK
4382,swing,none,volume,13,0.4892437165511662,NLMK
4382,swing,none,swing,12,0.37553835878325664,NLMK
4382,touch,hl60,touch,15,0.8229039167572599,NLMK
4382,touch,hl60,dwell,12,0.6951394501770828,NLMK
4382,touch,hl60,volume,14,0.7045750568902029,NLMK
4382,touch,hl60,swing,14,0.5793241485284369,NLMK
4382,dwell,hl60,touch,11,0.6906576165963334,NLMK
4382,dwell,hl60,dwell,10,0.5019067331661019,NLMK
4382,dwell,hl60,volume,11,0.5008634430130284,NLMK
4382,dwell,hl60,swing,13,0.4005633628371634,NLMK
4382,volume,hl60,touch,15,0.7610155880072013,NLMK
4382,volume,hl60,dwell,12,0.5445429142357238,NLMK
4382,volume,hl60,volume,14,0.5821199847361099,NLMK
4382,volume,hl60,swing,13,0.4212288697031871,NLMK
4382,swing,hl60,touch,14,0.6586693491367026,NLMK
4382,swing,hl60,dwell,13,0.45451801214515014,NLMK
4382,swing,hl60,volume,13,0.4492124640935459,NLMK
4382,swing,hl60,swing,12,0.3431057375549241,NLMK
4442,touch,none,touch,8,0.7529607928809737,NLMK
4442,touch,none,dwell,7,,NLMK
4442,touch,none,volume,7,,NLMK
4442,touch,none,swing,8,0.387816171112851,NLMK
4442,dwell,none,touch,8,0.705151668720107,NLMK
4442,dwell,none,dwell,7,,NLMK
4442,dwell,none,volume,7,,NLMK
4442,dwell,none,swing,7,,NLMK
4442,volume,none,touch,8,0.8115738695827021,NLMK
4442,volume,none,dwell,7,,NLMK
4442,volume,none,volume,7,,NLMK
4442,volume,none,swing,7,,NLMK
4442,swing,none,touch,10,0.4806729106320808,NLMK
4442,swing,none,dwell,7,,NLMK
4442,swing,none,volume,7,,NLMK
4442,swing,none,swing,7,,NLMK
4442,touch,hl60,touch,8,0.6607782042778138,NLMK
4442,touch,hl60,dwell,7,,NLMK
4442,touch,hl60,volume,7,,NLMK
4442,touch,hl60,swing,8,0.3862205837123093,NLMK
4442,dwell,hl60,touch,8,0.6500812038378193,NLMK
4442,dwell,hl60,dwell,7,,NLMK
4442,dwell,hl60,volume,7,,NLMK
4442,dwell,hl60,swing,7,,NLMK
4442,volume,hl60,touch,8,0.7463247944980441,NLMK
4442,volume,hl60,dwell,7,,NLMK
4442,volume,hl60,volume,7,,NLMK
4442,volume,hl60,swing,7,,NLMK
4442,swing,hl60,touch,10,0.278312410485453,NLMK
4442,swing,hl60,dwell,7,,NLMK
4442,swing,hl60,volume,7,,NLMK
4442,swing,hl60,swing,7,,NLMK
4502,touch,none,touch,29,-0.031974402231180706,NLMK
4502,touch,none,dwell,11,-0.32422641839979044,NLMK
4502,touch,none,volume,24,0.2243905504436156,NLMK
4502,touch,none,swing,17,-0.17860880527520862,NLMK
4502,dwell,none,touch,21,-0.10418969800472751,NLMK
4502,dwell,none,dwell,9,-0.4433930565507343,NLMK
4502,dwell,none,volume,17,-0.0031797634702494305,NLMK
4502,dwell,none,swing,17,-0.25489786528858926,NLMK
4502,volume,none,touch,27,-0.0660921547778382,NLMK
4502,volume,none,dwell,11,-0.23790026691120342,NLMK
4502,volume,none,volume,23,0.08985013972011327,NLMK
4502,volume,none,swing,17,-0.24440277075135225,NLMK
4502,swing,none,touch,28,-0.0013428633678850375,NLMK
4502,swing,none,dwell,22,0.008225408695582115,NLMK
4502,swing,none,volume,22,0.1330793474886319,NLMK
4502,swing,none,swing,17,-0.27674372376324663,NLMK
4502,touch,hl60,touch,29,-0.13323669411863576,NLMK
4502,touch,hl60,dwell,11,-0.510550864723739,NLMK
4502,touch,hl60,volume,24,0.0840523377514466,NLMK
4502,touch,hl60,swing,17,-0.23964654951618647,NLMK
4502,dwell,hl60,touch,21,-0.1910355216228732,NLMK
4502,dwell,hl60,dwell,9,-0.5247488282896943,NLMK
4502,dwell,hl60,volume,17,-0.2197562862474917,NLMK
4502,dwell,hl60,swing,17,-0.31085266128522865,NLMK
4502,volume,hl60,touch,27,-0.18586715537751286,NLMK
4502,volume,hl60,dwell,11,-0.45550531117516835,NLMK
4502,volume,hl60,volume,23,-0.14140621134698383,NLMK
4502,volume,hl60,swing,17,-0.3288656004148868,NLMK
4502,swing,hl60,touch,28,-0.14527887101405335,NLMK
4502,swing,hl60,dwell,22,-0.17042114045077963,NLMK
4502,swing,hl60,volume,22,-0.0500468381212822,NLMK
4502,swing,hl60,swing,17,-0.3344203613648196,NLMK
4562,touch,none,touch,5,,NLMK
4562,touch,none,dwell,4,,NLMK
4562,touch,none,volume,5,,NLMK
4562,touch,none,swing,5,,NLMK
4562,dwell,none,touch,4,,NLMK
4562,dwell,none,dwell,3,,NLMK
4562,dwell,none,volume,4,,NLMK
4562,dwell,none,swing,5,,NLMK
4562,volume,none,touch,5,,NLMK
4562,volume,none,dwell,4,,NLMK
4562,volume,none,volume,5,,NLMK
4562,volume,none,swing,5,,NLMK
4562,swing,none,touch,6,,NLMK
4562,swing,none,dwell,5,,NLMK
4562,swing,none,volume,5,,NLMK
4562,swing,none,swing,5,,NLMK
4562,touch,hl60,touch,5,,NLMK
4562,touch,hl60,dwell,4,,NLMK
4562,touch,hl60,volume,5,,NLMK
4562,touch,hl60,swing,5,,NLMK
4562,dwell,hl60,touch,4,,NLMK
4562,dwell,hl60,dwell,3,,NLMK
4562,dwell,hl60,volume,4,,NLMK
4562,dwell,hl60,swing,5,,NLMK
4562,volume,hl60,touch,5,,NLMK
4562,volume,hl60,dwell,4,,NLMK
4562,volume,hl60,volume,5,,NLMK
4562,volume,hl60,swing,5,,NLMK
4562,swing,hl60,touch,6,,NLMK
4562,swing,hl60,dwell,5,,NLMK
4562,swing,hl60,volume,5,,NLMK
4562,swing,hl60,swing,5,,NLMK
4622,touch,none,touch,14,-0.2703254853867455,NLMK
4622,touch,none,dwell,12,0.2660708045094727,NLMK
4622,touch,none,volume,14,-0.22589545320201895,NLMK
4622,touch,none,swing,12,-0.03013642299827273,NLMK
4622,dwell,none,touch,8,-0.4747344321461092,NLMK
4622,dwell,none,dwell,6,,NLMK
4622,dwell,none,volume,8,-0.4442315245402038,NLMK
4622,dwell,none,swing,11,-0.04446874003032858,NLMK
4622,volume,none,touch,14,0.04086142435470604,NLMK
4622,volume,none,dwell,12,0.26651767974795454,NLMK
4622,volume,none,volume,14,0.07393077745091904,NLMK
4622,volume,none,swing,11,0.17974139672221037,NLMK
4622,swing,none,touch,11,-0.6440555867075793,NLMK
4622,swing,none,dwell,10,-0.4824563972606561,NLMK
4622,swing,none,volume,10,-0.4713064408108233,NLMK
4622,swing,none,swing,8,-0.32952175835902037,NLMK
4622,touch,hl60,touch,14,0.116144871764001,NLMK
4622,touch,hl60,dwell,12,0.2937976287682231,NLMK
4622,touch,hl60,volume,14,0.024561107773673884,NLMK
4622,touch,hl60,swing,12,0.19388790796155916,NLMK
4622,dwell,hl60,touch,8,0.08368960144363735,NLMK
4622,dwell,hl60,dwell,6,,NLMK
4622,dwell,hl60,volume,8,-0.11968198007672257,NLMK
4622,dwell,hl60,swing,11,0.1529455430079693,NLMK
4622,volume,hl60,touch,14,0.27079551103075666,NLMK
4622,volume,hl60,dwell,12,0.2754825116446292,NLMK
4622,volume,hl60,volume,14,0.2217146097510065,NLMK
4622,volume,hl60,swing,11,0.30940318559343205,NLMK
4622,swing,hl60,touch,11,-0.4777582024074567,NLMK
4622,swing,hl60,dwell,10,-0.37824371946355523,NLMK
4622,swing,hl60,volume,10,-0.3728698325574218,NLMK
4622,swing,hl60,swing,8,-0.12365810078860869,NLMK
4682,touch,none,touch,16,-0.5279796547442648,NLMK
4682,touch,none,dwell,14,-0.3328236474440858,NLMK
4682,touch,none,volume,16,-0.455907610863937,NLMK
4682,touch,none,swing,16,-0.36838792260740794,NLMK
4682,dwell,none,touch,15,-0.4279468999839364,NLMK
4682,dwell,none,dwell,13,-0.4594141973487263,NLMK
4682,dwell,none,volume,15,-0.44497247082745234,NLMK
4682,dwell,none,swing,16,-0.3464950202996412,NLMK
4682,volume,none,touch,16,-0.3795600980026305,NLMK
4682,volume,none,dwell,14,-0.2704084573044045,NLMK
4682,volume,none,volume,16,-0.27451155180902637,NLMK
4682,volume,none,swing,16,-0.20233852859833187,NLMK
4682,swing,none,touch,16,-0.20837643836085723,NLMK
4682,swing,none,dwell,14,-0.14354941882001596,NLMK
4682,swing,none,volume,14,-0.08243625296386811,NLMK
4682,swing,none,swing,14,-0.19116735709832475,NLMK
4682,touch,hl60,touch,16,-0.6726609344021792,NLMK
4682,touch,hl60,dwell,14,-0.2995222637271108,NLMK
4682,touch,hl60,volume,16,-0.5686403975161755,NLMK
4682,touch,hl60,swing,16,-0.481324006589242,NLMK
4682,dwell,hl60,touch,15,-0.5797215714693823,NLMK
4682,dwell,hl60,dwell,13,-0.3510538943323766,NLMK
4682,dwell,hl60,volume,15,-0.4982325796121422,NLMK
4682,dwell,hl60,swing,16,-0.4674576990271783,NLMK
4682,volume,hl60,touch,16,-0.5322718328969274,NLMK
4682,volume,hl60,dwell,14,-0.2520568430329783,NLMK
4682,volume,hl60,volume,16,-0.4047590902638015,NLMK
4682,volume,hl60,swing,16,-0.3889407066285848,NLMK
4682,swing,hl60,touch,16,-0.33379178840011725,NLMK
4682,swing,hl60,dwell,14,-0.20740089743614717,NLMK
4682,swing,hl60,volume,14,-0.17900927774459668,NLMK
4682,swing,hl60,swing,14,-0.3219945482168794,NLMK
4742,touch,none,touch,14,-0.7053878264807975,NLMK
4742,touch,none,dwell,11,-0.7531366769129002,NLMK
4742,touch,none,volume,15,-0.7500101506944029,NLMK
4742,touch,none,swing,15,-0.5004240607436435,NLMK
4742,dwell,none,touch,13,-0.4644304801001263,NLMK
4742,dwell,none,dwell,10,-0.699877884878255,NLMK
4742,dwell,none,volume,14,-0.5749205315180995,NLMK
4742,dwell,none,swing,14,-0.5647359487259357,NLMK
4742,volume,none,touch,14,-0.4173280108198085,NLMK
4742,volume,none,dwell,11,-0.6679849755875361,NLMK
4742,volume,none,volume,15,-0.6351599841210085,NLMK
4742,volume,none,swing,14,-0.457933623317753,NLMK
4742,swing,none,touch,16,-0.5675962630302152,NLMK
4742,swing,none,dwell,14,-0.5714999912646985,NLMK
4742,swing,none,volume,14,-0.4829517340869625,NLMK
4742,swing,none,swing,13,-0.5715305320893546,NLMK
4742,touch,hl60,touch,14,-0.8643357942199885,NLMK
4742,touch,hl60,dwell,11,-0.7744840508491787,NLMK
4742,touch,hl60,volume,15,-0.8329109943519112,NLMK
4742,touch,hl60,swing,15,-0.5608976064130943,NLMK
4742,dwell,hl60,touch,13,-0.6620564382436955,NLMK
4742,dwell,hl60,dwell,10,-0.732057062519661,NLMK
4742,dwell,hl60,volume,14,-0.7032312722542244,NLMK
4742,dwell,hl60,swing,14,-0.64498838812918,NLMK
4742,volume,hl60,touch,14,-0.6449658279255712,NLMK
4742,volume,hl60,dwell,11,-0.7236945743825601,NLMK
4742,volume,hl60,volume,15,-0.7220285843059457,NLMK
4742,volume,hl60,swing,14,-0.6002542692018998,NLMK
4742,swing,hl60,touch,16,-0.6917096571496802,NLMK
4742,swing,hl60,dwell,14,-0.6533133090368408,NLMK
4742,swing,hl60,volume,14,-0.6055450835936184,NLMK
4742,swing,hl60,swing,13,-0.6198139286691553,NLMK
4802,touch,none,touch,8,-0.7888030989882828,NLMK
4802,touch,none,dwell,7,,NLMK
4802,touch,none,volume,8,-0.7457188059307113,NLMK
4802,touch,none,swing,9,-0.5663760609100366,NLMK
4802,dwell,none,touch,8,-0.8315307859608568,NLMK
4802,dwell,none,dwell,7,,NLMK
4802,dwell,none,volume,8,-0.8069086318849072,NLMK
4802,dwell,none,swing,8,-0.5070449798820315,NLMK
4802,volume,none,touch,8,-0.7859966135335318,NLMK
4802,volume,none,dwell,7,,NLMK
4802,volume,none,volume,8,-0.7762500056372149,NLMK
4802,volume,none,swing,8,-0.34477357024934374,NLMK
4802,swing,none,touch,8,-0.4597862204025592,NLMK
4802,swing,none,dwell,8,-0.4920021110170466,NLMK
4802,swing,none,volume,8,-0.4568976355019885,NLMK
4802,swing,none,swing,8,-0.14260481918147616,NLMK
4802,touch,hl60,touch,8,-0.8437133857787761,NLMK
4802,touch,hl60,dwell,7,,NLMK
4802,touch,hl60,volume,8,-0.7564478345172659,NLMK
4802,touch,hl60,swing,9,-0.6947582497883,NLMK
4802,dwell,hl60,touch,8,-0.7280642394848154,NLMK
4802,dwell,hl60,dwell,7,,NLMK
4802,dwell,hl60,volume,8,-0.665337091426136,NLMK
4802,dwell,hl60,swing,8,-0.579965276139674,NLMK
4802,volume,hl60,touch,8,-0.8147695531854855,NLMK
4802,volume,hl60,dwell,7,,NLMK
4802,volume,hl60,volume,8,-0.5970983046078762,NLMK
4802,volume,hl60,swing,8,-0.5303025714858737,NLMK
4802,swing,hl60,touch,8,-0.6371020096165301,NLMK
4802,swing,hl60,dwell,8,-0.6295566171561555,NLMK
4802,swing,hl60,volume,8,-0.6312811477171938,NLMK
4802,swing,hl60,swing,8,-0.45784482709315105,NLMK
4862,touch,none,touch,12,-0.28348698384141197,NLMK
4862,touch,none,dwell,11,0.030786814937725056,NLMK
4862,touch,none,volume,12,0.06714432910130853,NLMK
4862,touch,none,swing,13,0.10640956853920601,NLMK
4862,dwell,none,touch,11,-0.43871616893480153,NLMK
4862,dwell,none,dwell,10,-0.11404848372717707,NLMK
4862,dwell,none,volume,11,-0.2956620569341295,NLMK
4862,dwell,none,swing,12,-0.222870806992295,NLMK
4862,volume,none,touch,12,-0.2055006774970664,NLMK
4862,volume,none,dwell,11,0.030598246645342133,NLMK
4862,volume,none,volume,12,0.004328205239123085,NLMK
4862,volume,none,swing,12,0.0935477643939165,NLMK
4862,swing,none,touch,12,0.0996376539095756,NLMK
4862,swing,none,dwell,12,0.003921488218418263,NLMK
4862,swing,none,volume,12,-0.009434135978224433,NLMK
4862,swing,none,swing,12,0.08379539574701927,NLMK
4862,touch,hl60,touch,12,-0.18460195953232464,NLMK
4862,touch,hl60,dwell,11,-0.3022246075375051,NLMK
4862,touch,hl60,volume,12,-0.37030317909502586,NLMK
4862,touch,hl60,swing,13,0.005579472154982182,NLMK
4862,dwell,hl60,touch,11,-0.18352804008382756,NLMK
4862,dwell,hl60,dwell,10,-0.34651527864642795,NLMK
4862,dwell,hl60,volume,11,-0.4686848310474799,NLMK
4862,dwell,hl60,swing,12,-0.2313331372175515,NLMK
4862,volume,hl60,touch,12,-0.09447407349858322,NLMK
4862,volume,hl60,dwell,11,-0.278792555281382,NLMK
4862,volume,hl60,volume,12,-0.2876544653909513,NLMK
4862,volume,hl60,swing,12,-0.040840252581400595,NLMK
4862,swing,hl60,touch,12,0.0647950052660417,NLMK
4862,swing,hl60,dwell,12,-0.24296391142994664,NLMK
4862,swing,hl60,volume,12,-0.4239644524526234,NLMK
4862,swing,hl60,swing,12,-0.13632768404502216,NLMK
4922,touch,none,touch,5,,NLMK
4922,touch,none,dwell,5,,NLMK
4922,touch,none,volume,5,,NLMK
4922,touch,none,swing,6,,NLMK
4922,dwell,none,touch,3,,NLMK
4922,dwell,none,dwell,3,,NLMK
4922,dwell,none,volume,3,,NLMK
4922,dwell,none,swing,6,,NLMK
4922,volume,none,touch,6,,NLMK
4922,volume,none,dwell,6,,NLMK
4922,volume,none,volume,6,,NLMK
4922,volume,none,swing,6,,NLMK
4922,swing,none,touch,5,,NLMK
4922,swing,none,dwell,4,,NLMK
4922,swing,none,volume,4,,NLMK
4922,swing,none,swing,4,,NLMK
4922,touch,hl60,touch,5,,NLMK
4922,touch,hl60,dwell,5,,NLMK
4922,touch,hl60,volume,5,,NLMK
4922,touch,hl60,swing,6,,NLMK
4922,dwell,hl60,touch,3,,NLMK
4922,dwell,hl60,dwell,3,,NLMK
4922,dwell,hl60,volume,3,,NLMK
4922,dwell,hl60,swing,6,,NLMK
4922,volume,hl60,touch,6,,NLMK
4922,volume,hl60,dwell,6,,NLMK
4922,volume,hl60,volume,6,,NLMK
4922,volume,hl60,swing,6,,NLMK
4922,swing,hl60,touch,5,,NLMK
4922,swing,hl60,dwell,4,,NLMK
4922,swing,hl60,volume,4,,NLMK
4922,swing,hl60,swing,4,,NLMK
4982,touch,none,touch,10,0.49629000085391906,NLMK
4982,touch,none,dwell,9,0.46842838840152756,NLMK
4982,touch,none,volume,10,0.4649637318431326,NLMK
4982,touch,none,swing,9,0.3855090319957797,NLMK
4982,dwell,none,touch,9,0.3916214121224681,NLMK
4982,dwell,none,dwell,8,0.19363098828501057,NLMK
4982,dwell,none,volume,9,0.43630888707183113,NLMK
4982,dwell,none,swing,9,0.3167046482503175,NLMK
4982,volume,none,touch,10,0.5655082601099334,NLMK
4982,volume,none,dwell,9,0.5017803315945167,NLMK
4982,volume,none,volume,10,0.6696943219009409,NLMK
4982,volume,none,swing,9,0.42297439524983527,NLMK
4982,swing,none,touch,11,0.5373808265502864,NLMK
4982,swing,none,dwell,10,0.5935295818006768,NLMK
4982,swing,none,volume,10,0.7514018336493135,NLMK
4982,swing,none,swing,9,0.509074882949717,NLMK
4982,touch,hl60,touch,10,0.12228110280110076,NLMK
4982,touch,hl60,dwell,9,0.3402901427479193,NLMK
4982,touch,hl60,volume,10,0.03768766661104668,NLMK
4982,touch,hl60,swing,9,0.21950452556650452,NLMK
4982,dwell,hl60,touch,9,0.07666907436142674,NLMK
4982,dwell,hl60,dwell,8,0.22602650686753173,NLMK
4982,dwell,hl60,volume,9,0.048413474442035864,NLMK
4982,dwell,hl60,swing,9,0.2664827411490675,NLMK
4982,volume,hl60,touch,10,0.34942192813090583,NLMK
4982,volume,hl60,dwell,9,0.5413580726849075,NLMK
4982,volume,hl60,volume,10,0.37055138368588403,NLMK
4982,volume,hl60,swing,9,0.4295663974224815,NLMK
4982,swing,hl60,touch,11,0.3656359937729395,NLMK
4982,swing,hl60,dwell,10,0.43252928096921456,NLMK
4982,swing,hl60,volume,10,0.4515892891899153,NLMK
4982,swing,hl60,swing,9,0.3772383570071436,NLMK
5042,touch,none,touch,9,-0.3935046295962408,NLMK
5042,touch,none,dwell,8,-0.5144272804987212,NLMK
5042,touch,none,volume,9,-0.6488567205864458,NLMK
5042,touch,none,swing,9,-0.49151946296820437,NLMK
5042,dwell,none,touch,8,0.09431478415137068,NLMK
5042,dwell,none,dwell,7,,NLMK
5042,dwell,none,volume,8,-0.18724008974880726,NLMK
5042,dwell,none,swing,8,-0.5565685339527351,NLMK
5042,volume,none,touch,9,-0.3581059540583436,NLMK
5042,volume,none,dwell,8,-0.5105093546056062,NLMK
5042,volume,none,volume,9,-0.5596197808636107,NLMK
5042,volume,none,swing,8,-0.5794361180657035,NLMK
5042,swing,none,touch,10,-0.23650639522987413,NLMK
5042,swing,none,dwell,9,-0.23923925506970362,NLMK
5042,swing,none,volume,9,-0.39590970946972404,NLMK
5042,swing,none,swing,8,-0.5765064456193448,NLMK
5042,touch,hl60,touch,9,-0.3700878627198212,NLMK
5042,touch,hl60,dwell,8,-0.5050654696482522,NLMK
5042,touch,hl60,volume,9,-0.5504490950576524,NLMK
5042,touch,hl60,swing,9,-0.5175409050845049,NLMK
5042,dwell,hl60,touch,8,-0.021499313844118607,NLMK
5042,dwell,hl60,dwell,7,,NLMK
5042,dwell,hl60,volume,8,-0.11627667236433734,NLMK
5042,dwell,hl60,swing,8,-0.5678165201651392,NLMK
5042,volume,hl60,touch,9,-0.3441229909479141,NLMK
5042,volume,hl60,dwell,8,-0.4741200519629144,NLMK
5042,volume,hl60,volume,9,-0.4469413665088727,NLMK
5042,volume,hl60,swing,8,-0.5829956345842351,NLMK
5042,swing,hl60,touch,10,-0.16900294838715266,NLMK
5042,swing,hl60,dwell,9,-0.20797925202646605,NLMK
5042,swing,hl60,volume,9,-0.3373405856404691,NLMK
5042,swing,hl60,swing,8,-0.5487378607465172,NLMK
3214,touch,none,touch,5,,NVTK
3214,touch,none,dwell,4,,NVTK
3214,touch,none,volume,5,,NVTK
3214,touch,none,swing,6,,NVTK
3214,dwell,none,touch,2,,NVTK
3214,dwell,none,dwell,2,,NVTK
3214,dwell,none,volume,2,,NVTK
3214,dwell,none,swing,3,,NVTK
3214,volume,none,touch,3,,NVTK
3214,volume,none,dwell,2,,NVTK
3214,volume,none,volume,3,,NVTK
3214,volume,none,swing,3,,NVTK
3214,swing,none,touch,3,,NVTK
3214,swing,none,dwell,2,,NVTK
3214,swing,none,volume,2,,NVTK
3214,swing,none,swing,2,,NVTK
3214,touch,hl60,touch,5,,NVTK
3214,touch,hl60,dwell,4,,NVTK
3214,touch,hl60,volume,5,,NVTK
3214,touch,hl60,swing,6,,NVTK
3214,dwell,hl60,touch,2,,NVTK
3214,dwell,hl60,dwell,2,,NVTK
3214,dwell,hl60,volume,2,,NVTK
3214,dwell,hl60,swing,3,,NVTK
3214,volume,hl60,touch,3,,NVTK
3214,volume,hl60,dwell,2,,NVTK
3214,volume,hl60,volume,3,,NVTK
3214,volume,hl60,swing,3,,NVTK
3214,swing,hl60,touch,3,,NVTK
3214,swing,hl60,dwell,2,,NVTK
3214,swing,hl60,volume,2,,NVTK
3214,swing,hl60,swing,2,,NVTK
3274,touch,none,touch,11,-0.057260126492359134,NVTK
3274,touch,none,dwell,8,0.27481808251381246,NVTK
3274,touch,none,volume,11,-0.09326604505562938,NVTK
3274,touch,none,swing,10,-0.002246162452720563,NVTK
3274,dwell,none,touch,10,0.004734919406834561,NVTK
3274,dwell,none,dwell,7,,NVTK
3274,dwell,none,volume,10,-0.04694540943877009,NVTK
3274,dwell,none,swing,9,0.14360077041133562,NVTK
3274,volume,none,touch,10,-0.04015912220654527,NVTK
3274,volume,none,dwell,7,,NVTK
3274,volume,none,volume,10,-0.09151413683751482,NVTK
3274,volume,none,swing,9,0.0947564056281989,NVTK
3274,swing,none,touch,11,-0.051475674242640455,NVTK
3274,swing,none,dwell,10,0.10551479438576761,NVTK
3274,swing,none,volume,10,0.01623090727372971,NVTK
3274,swing,none,swing,9,0.15937751030287095,NVTK
3274,touch,hl60,touch,11,0.6672328366309513,NVTK
3274,touch,hl60,dwell,8,0.5033525116978071,NVTK
3274,touch,hl60,volume,11,0.48652579551290226,NVTK
3274,touch,hl60,swing,10,0.4279733987106841,NVTK
3274,dwell,hl60,touch,10,0.5737689305753347,NVTK
3274,dwell,hl60,dwell,7,,NVTK
3274,dwell,hl60,volume,10,0.3699840762333592,NVTK
3274,dwell,hl60,swing,9,0.39520350017313155,NVTK
3274,volume,hl60,touch,10,0.6008813724410942,NVTK
3274,volume,hl60,dwell,7,,NVTK
3274,volume,hl60,volume,10,0.43432167963402174,NVTK
3274,volume,hl60,swing,9,0.44515942523170415,NVTK
3274,swing,hl60,touch,11,0.6217218988617619,NVTK
3274,swing,hl60,dwell,10,0.5433126860984115,NVTK
3274,swing,hl60,volume,10,0.4553982606563217,NVTK
3274,swing,hl60,swing,9,0.48227461292300106,NVTK
3334,touch,none,touch,13,-0.12849850767905432,NVTK
3334,touch,none,dwell,8,-0.07189168570305823,NVTK
3334,touch,none,volume,13,-0.26650199788811885,NVTK
3334,touch,none,swing,11,-0.03828165741726807,NVTK
3334,dwell,none,touch,12,-0.137928871211977,NVTK
3334,dwell,none,dwell,7,,NVTK
3334,dwell,none,volume,12,-0.2272016540795049,NVTK
3334,dwell,none,swing,10,-0.026885528628194703,NVTK
3334,volume,none,touch,12,-0.08570047675097384,NVTK
3334,volume,none,dwell,7,,NVTK
3334,volume,none,volume,12,-0.20111282369548017,NVTK
3334,volume,none,swing,10,0.09604934348659279,NVTK
3334,swing,none,touch,12,-0.1506748283029129,NVTK
3334,swing,none,dwell,12,-0.20014418472456522,NVTK
3334,swing,none,volume,12,-0.3441580329780441,NVTK
3334,swing,none,swing,10,-0.09484961648913814,NVTK
3334,touch,hl60,touch,13,-0.09822705783126347,NVTK
3334,touch,hl60,dwell,8,0.03330508695075539,NVTK
3334,touch,hl60,volume,13,-0.33342419626090397,NVTK
3334,touch,hl60,swing,11,0.18528061667894466,NVTK
3334,dwell,hl60,touch,12,-0.06860059727841492,NVTK
3334,dwell,hl60,dwell,7,,NVTK
3334,dwell,hl60,volume,12,-0.31044128324931725,NVTK
3334,dwell,hl60,swing,10,0.2977719292707399,NVTK
3334,volume,hl60,touch,12,0.02298369284680356,NVTK
3334,volume,hl60,dwell,7,,NVTK
3334,volume,hl60,volume,12,-0.2675525233758851,NVTK
3334,volume,hl60,swing,10,0.43279198746158776,NVTK
3334,swing,hl60,touch,12,-0.06496302468902278,NVTK
3334,swing,hl60,dwell,12,0.10645717510710251,NVTK
3334,swing,hl60,volume,12,-0.3166484829186752,NVTK
3334,swing,hl60,swing,10,0.31174848689733275,NVTK
3394,touch,none,touch,9,0.661288164266604,NVTK
3394,touch,none,dwell,7,,NVTK
3394,touch,none,volume,9,0.6301043977296649,NVTK
3394,touch,none,swing,11,0.7642416305665065,NVTK
3394,dwell,none,touch,5,,NVTK
3394,dwell,none,dwell,3,,NVTK
3394,dwell,none,volume,5,,NVTK
3394,dwell,none,swing,7,,NVTK
3394,volume,none,touch,8,0.4278472866238224,NVTK
3394,volume,none,dwell,6,,NVTK
3394,volume,none,volume,8,0.1948904831843938,NVTK
3394,volume,none,swing,7,,NVTK
3394,swing,none,touch,7,,NVTK
3394,swing,none,dwell,6,,NVTK
3394,swing,none,volume,6,,NVTK
3394,swing,none,swing,6,,NVTK
3394,touch,hl60,touch,9,0.5278977629201019,NVTK
3394,touch,hl60,dwell,7,,NVTK
3394,touch,hl60,volume,9,0.5003154621125219,NVTK
3394,touch,hl60,swing,11,0.7032679305952696,NVTK
3394,dwell,hl60,touch,5,,NVTK
3394,dwell,hl60,dwell,3,,NVTK
3394,dwell,hl60,volume,5,,NVTK
3394,dwell,hl60,swing,7,,NVTK
3394,volume,hl60,touch,8,-0.01044473515504116,NVTK
3394,volume,hl60,dwell,6,,NVTK
3394,volume,hl60,volume,8,-0.1678298923616471,NVTK
3394,volume,hl60,swing,7,,NVTK
3394,swing,hl60,touch,7,,NVTK
3394,swing,hl60,dwell,6,,NVTK
3394,swing,hl60,volume,6,,NVTK
3394,swing,hl60,swing,6,,NVTK
3454,touch,none,touch,8,0.356441840271687,NVTK
3454,touch,none,dwell,7,,NVTK
3454,touch,none,volume,9,0.39573985188408767,NVTK
3454,touch,none,swing,9,0.2940311884864615,NVTK
3454,dwell,none,touch,7,,NVTK
3454,dwell,none,dwell,6,,NVTK
3454,dwell,none,volume,8,0.4621990624870952,NVTK
3454,dwell,none,swing,9,0.38147797171273595,NVTK
3454,volume,none,touch,8,0.5127243270156194,NVTK
3454,volume,none,dwell,7,,NVTK
3454,volume,none,volume,9,0.5215428257188627,NVTK
3454,volume,none,swing,9,0.5129422632627149,NVTK
3454,swing,none,touch,9,0.2701088006173126,NVTK
3454,swing,none,dwell,9,0.14565054722715687,NVTK
3454,swing,none,volume,9,0.17433454152444708,NVTK
3454,swing,none,swing,9,0.07655507059017072,NVTK
3454,touch,hl60,touch,8,0.33586302291715653,NVTK
3454,touch,hl60,dwell,7,,NVTK
3454,touch,hl60,volume,9,0.38474817455017646,NVTK
3454,touch,hl60,swing,9,0.3070715298997,NVTK
3454,dwell,hl60,touch,7,,NVTK
3454,dwell,hl60,dwell,6,,NVTK
3454,dwell,hl60,volume,8,0.45989842802790376,NVTK
3454,dwell,hl60,swing,9,0.43625305204734566,NVTK
3454,volume,hl60,touch,8,0.45389481829794626,NVTK
3454,volume,hl60,dwell,7,,NVTK
3454,volume,hl60,volume,9,0.4765085200747957,NVTK
3454,volume,hl60,swing,9,0.49969169796711144,NVTK
3454,swing,hl60,touch,9,0.3810644560083745,NVTK
3454,swing,hl60,dwell,9,0.2987590642131714,NVTK
3454,swing,hl60,volume,9,0.3056032542844062,NVTK
3454,swing,hl60,swing,9,0.3113115667791094,NVTK
3514,touch,none,touch,18,0.039145384503930104,NVTK
3514,touch,none,dwell,10,0.11647568659455232,NVTK
3514,touch,none,volume,17,-0.06544010146303719,NVTK
3514,touch,none,swing,14,-0.0053728767620036455,NVTK
3514,dwell,none,touch,17,0.20945564080898668,NVTK
3514,dwell,none,dwell,9,0.22905411251334334,NVTK
3514,dwell,none,volume,16,0.08929947712011208,NVTK
3514,dwell,none,swing,13,0.19473850385035435,NVTK
3514,volume,none,touch,18,0.22982782895896328,NVTK
3514,volume,none,dwell,10,0.27205970558603565,NVTK
3514,volume,none,volume,17,0.19585026710044412,NVTK
3514,volume,none,swing,13,0.08356527633651183,NVTK
3514,swing,none,touch,19,0.06410395902071934,NVTK
3514,swing,none,dwell,16,0.014758791871458033,NVTK
3514,swing,none,volume,16,-0.0944352143269379,NVTK
3514,swing,none,swing,13,0.017755485657349926,NVTK
3514,touch,hl60,touch,18,0.35830889696045554,NVTK
3514,touch,hl60,dwell,10,0.2282006511339531,NVTK
3514,touch,hl60,volume,17,0.18511116142902467,NVTK
3514,touch,hl60,swing,14,0.017451785919833002,NVTK
3514,dwell,hl60,touch,17,0.552947256401019,NVTK
3514,dwell,hl60,dwell,9,0.35633840587904075,NVTK
3514,dwell,hl60,volume,16,0.2835817787503626,NVTK
3514,dwell,hl60,swing,13,0.1492763589691586,NVTK
3514,volume,hl60,touch,18,0.3760140573434732,NVTK
3514,volume,hl60,dwell,10,0.2779692701859058,NVTK
3514,volume,hl60,volume,17,0.22330233517224352,NVTK
3514,volume,hl60,swing,13,0.05592676706644399,NVTK
3514,swing,hl60,touch,19,0.3982841849713733,NVTK
3514,swing,hl60,dwell,16,0.38072112378134865,NVTK
3514,swing,hl60,volume,16,0.15364174456387927,NVTK
3514,swing,hl60,swing,13,0.05468891856475567,NVTK
3574,touch,none,touch,7,,NVTK
3574,touch,none,dwell,7,,NVTK
3574,touch,none,volume,7,,NVTK
3574,touch,none,swing,7,,NVTK
3574,dwell,none,touch,5,,NVTK
3574,dwell,none,dwell,5,,NVTK
3574,dwell,none,volume,5,,NVTK
3574,dwell,none,swing,7,,NVTK
3574,volume,none,touch,7,,NVTK
3574,volume,none,dwell,7,,NVTK
3574,volume,none,volume,7,,NVTK
3574,volume,none,swing,7,,NVTK
3574,swing,none,touch,8,-0.2817157372064849,NVTK
3574,swing,none,dwell,7,,NVTK
3574,swing,none,volume,7,,NVTK
3574,swing,none,swing,7,,NVTK
3574,touch,hl60,touch,7,,NVTK
3574,touch,hl60,dwell,7,,NVTK
3574,touch,hl60,volume,7,,NVTK
3574,touch,hl60,swing,7,,NVTK
3574,dwell,hl60,touch,5,,NVTK
3574,dwell,hl60,dwell,5,,NVTK
3574,dwell,hl60,volume,5,,NVTK
3574,dwell,hl60,swing,7,,NVTK
3574,volume,hl60,touch,7,,NVTK
3574,volume,hl60,dwell,7,,NVTK
3574,volume,hl60,volume,7,,NVTK
3574,volume,hl60,swing,7,,NVTK
3574,swing,hl60,touch,8,-0.11689790800409093,NVTK
3574,swing,hl60,dwell,7,,NVTK
3574,swing,hl60,volume,7,,NVTK
3574,swing,hl60,swing,7,,NVTK
3634,touch,none,touch,6,,NVTK
3634,touch,none,dwell,5,,NVTK
3634,touch,none,volume,6,,NVTK
3634,touch,none,swing,6,,NVTK
3634,dwell,none,touch,4,,NVTK
3634,dwell,none,dwell,3,,NVTK
3634,dwell,none,volume,4,,NVTK
3634,dwell,none,swing,6,,NVTK
3634,volume,none,touch,7,,NVTK
3634,volume,none,dwell,6,,NVTK
3634,volume,none,volume,7,,NVTK
3634,volume,none,swing,6,,NVTK
3634,swing,none,touch,6,,NVTK
3634,swing,none,dwell,5,,NVTK
3634,swing,none,volume,5,,NVTK
3634,swing,none,swing,4,,NVTK
3634,touch,hl60,touch,6,,NVTK
3634,touch,hl60,dwell,5,,NVTK
3634,touch,hl60,volume,6,,NVTK
3634,touch,hl60,swing,6,,NVTK
3634,dwell,hl60,touch,4,,NVTK
3634,dwell,hl60,dwell,3,,NVTK
3634,dwell,hl60,volume,4,,NVTK
3634,dwell,hl60,swing,6,,NVTK
3634,volume,hl60,touch,7,,NVTK
3634,volume,hl60,dwell,6,,NVTK
3634,volume,hl60,volume,7,,NVTK
3634,volume,hl60,swing,6,,NVTK
3634,swing,hl60,touch,6,,NVTK
3634,swing,hl60,dwell,5,,NVTK
3634,swing,hl60,volume,5,,NVTK
3634,swing,hl60,swing,4,,NVTK
3694,touch,none,touch,7,,NVTK
3694,touch,none,dwell,3,,NVTK
3694,touch,none,volume,7,,NVTK
3694,touch,none,swing,7,,NVTK
3694,dwell,none,touch,6,,NVTK
3694,dwell,none,dwell,2,,NVTK
3694,dwell,none,volume,6,,NVTK
3694,dwell,none,swing,7,,NVTK
3694,volume,none,touch,8,-0.8255448829131001,NVTK
3694,volume,none,dwell,4,,NVTK
3694,volume,none,volume,8,-0.7005830568553468,NVTK
3694,volume,none,swing,7,,NVTK
3694,swing,none,touch,7,,NVTK
3694,swing,none,dwell,7,,NVTK
3694,swing,none,volume,7,,NVTK
3694,swing,none,swing,6,,NVTK
3694,touch,hl60,touch,7,,NVTK
3694,touch,hl60,dwell,3,,NVTK
3694,touch,hl60,volume,7,,NVTK
3694,touch,hl60,swing,7,,NVTK
3694,dwell,hl60,touch,6,,NVTK
3694,dwell,hl60,dwell,2,,NVTK
3694,dwell,hl60,volume,6,,NVTK
3694,dwell,hl60,swing,7,,NVTK
3694,volume,hl60,touch,8,-0.7811199445522501,NVTK
3694,volume,hl60,dwell,4,,NVTK
3694,volume,hl60,volume,8,-0.6703461257333783,NVTK
3694,volume,hl60,swing,7,,NVTK
3694,swing,hl60,touch,7,,NVTK
3694,swing,hl60,dwell,7,,NVTK
3694,swing,hl60,volume,7,,NVTK
3694,swing,hl60,swing,6,,NVTK
3754,touch,none,touch,6,,NVTK
3754,touch,none,dwell,4,,NVTK
3754,touch,none,volume,5,,NVTK
3754,touch,none,swing,5,,NVTK
3754,dwell,none,touch,5,,NVTK
3754,dwell,none,dwell,3,,NVTK
3754,dwell,none,volume,4,,NVTK
3754,dwell,none,swing,5,,NVTK
3754,volume,none,touch,6,,NVTK
3754,volume,none,dwell,4,,NVTK
3754,volume,none,volume,5,,NVTK
3754,volume,none,swing,5,,NVTK
3754,swing,none,touch,8,-0.4245215513692236,NVTK
3754,swing,none,dwell,5,,NVTK
3754,swing,none,volume,5,,NVTK
3754,swing,none,swing,5,,NVTK
3754,touch,hl60,touch,6,,NVTK
3754,touch,hl60,dwell,4,,NVTK
3754,touch,hl60,volume,5,,NVTK
3754,touch,hl60,swing,5,,NVTK
3754,dwell,hl60,touch,5,,NVTK
3754,dwell,hl60,dwell,3,,NVTK
3754,dwell,hl60,volume,4,,NVTK
3754,dwell,hl60,swing,5,,NVTK
3754,volume,hl60,touch,6,,NVTK
3754,volume,hl60,dwell,4,,NVTK
3754,volume,hl60,volume,5,,NVTK
3754,volume,hl60,swing,5,,NVTK
3754,swing,hl60,touch,8,-0.09485413776738531,NVTK
3754,swing,hl60,dwell,5,,NVTK
3754,swing,hl60,volume,5,,NVTK
3754,swing,hl60,swing,5,,NVTK
3814,touch,none,touch,23,-0.3378035520031884,NVTK
3814,touch,none,dwell,8,-0.6688022522171364,NVTK
3814,touch,none,volume,18,-0.44882396088891113,NVTK
3814,touch,none,swing,15,-0.44867703207957094,NVTK
3814,dwell,none,touch,22,-0.3724279803231228,NVTK
3814,dwell,none,dwell,8,-0.7556185138966861,NVTK
3814,dwell,none,volume,18,-0.3857337520224314,NVTK
3814,dwell,none,swing,15,-0.46071552206484745,NVTK
3814,volume,none,touch,23,-0.3560532492273793,NVTK
3814,volume,none,dwell,8,-0.6712049419517564,NVTK
3814,volume,none,volume,18,-0.4125349777308194,NVTK
3814,volume,none,swing,15,-0.46081373893182875,NVTK
3814,swing,none,touch,22,-0.12761561074743127,NVTK
3814,swing,none,dwell,17,-0.20071279392524272,NVTK
3814,swing,none,volume,17,-0.21971899407192733,NVTK
3814,swing,none,swing,14,-0.2944535319934406,NVTK
3814,touch,hl60,touch,23,0.5254267119465451,NVTK
3814,touch,hl60,dwell,8,-0.37399068778809896,NVTK
3814,touch,hl60,volume,18,0.268606978135223,NVTK
3814,touch,hl60,swing,15,0.04618023261580902,NVTK
3814,dwell,hl60,touch,22,0.408756952096192,NVTK
3814,dwell,hl60,dwell,8,-0.7803594679689004,NVTK
3814,dwell,hl60,volume,18,0.11583024330888159,NVTK
3814,dwell,hl60,swing,15,-0.2637492616965362,NVTK
3814,volume,hl60,touch,23,0.3981087000614066,NVTK
3814,volume,hl60,dwell,8,-0.6725749854704526,NVTK
3814,volume,hl60,volume,18,0.08144501143775071,NVTK
3814,volume,hl60,swing,15,-0.25476773350295895,NVTK
3814,swing,hl60,touch,22,0.26068016150652795,NVTK
3814,swing,hl60,dwell,17,0.2257401490219939,NVTK
3814,swing,hl60,volume,17,0.24993821082859013,NVTK
3814,swing,hl60,swing,14,-0.0809307699714475,NVTK
3874,touch,none,touch,14,0.12574109414772025,NVTK
3874,touch,none,dwell,3,,NVTK
3874,touch,none,volume,11,-0.07750248794423785,NVTK
3874,touch,none,swing,9,0.2644872324220446,NVTK
3874,dwell,none,touch,14,0.03883709967538526,NVTK
3874,dwell,none,dwell,3,,NVTK
3874,dwell,none,volume,11,-0.29764117898776704,NVTK
3874,dwell,none,swing,9,0.043079443680481284,NVTK
3874,volume,none,touch,14,0.17592068039838613,NVTK
3874,volume,none,dwell,3,,NVTK
3874,volume,none,volume,11,-0.13714822175478336,NVTK
3874,volume,none,swing,9,0.11841881737929986,NVTK
3874,swing,none,touch,14,-0.0658782481420674,NVTK
3874,swing,none,dwell,11,-0.03935426568719184,NVTK
3874,swing,none,volume,11,-0.35679396352418447,NVTK
3874,swing,none,swing,9,-0.1438243182376467,NVTK
3874,touch,hl60,touch,14,0.2936351886308277,NVTK
3874,touch,hl60,dwell,3,,NVTK
3874,touch,hl60,volume,11,0.1517026711816471,NVTK
3874,touch,hl60,swing,9,0.3459647195685189,NVTK
3874,dwell,hl60,touch,14,0.25798227639539645,NVTK
3874,dwell,hl60,dwell,3,,NVTK
3874,dwell,hl60,volume,11,0.020938057109062904,NVTK
3874,dwell,hl60,swing,9,0.18702600170009337,NVTK
3874,volume,hl60,touch,14,0.33438555573766854,NVTK
3874,volume,hl60,dwell,3,,NVTK
3874,volume,hl60,volume,11,0.07962610124863177,NVTK
3874,volume,hl60,swing,9,0.22982793543529928,NVTK
3874,swing,hl60,touch,14,0.21315268003515261,NVTK
3874,swing,hl60,dwell,11,0.16281901484951408,NVTK
3874,swing,hl60,volume,11,-0.04546572198988803,NVTK
3874,swing,hl60,swing,9,0.09467394397771475,NVTK
3934,touch,none,touch,13,0.573417431040357,NVTK
3934,touch,none,dwell,11,0.45671725240275246,NVTK
3934,touch,none,volume,12,0.5633761699933235,NVTK
3934,touch,none,swing,16,0.3596672405863579,NVTK
3934,dwell,none,touch,4,,NVTK
3934,dwell,none,dwell,4,,NVTK
3934,dwell,none,volume,4,,NVTK
3934,dwell,none,swing,8,0.26274692712269404,NVTK
3934,volume,none,touch,10,0.5388505432375129,NVTK
3934,volume,none,dwell,8,0.04720905978437485,NVTK
3934,volume,none,volume,9,0.2247958658442766,NVTK
3934,volume,none,swing,8,0.0023899835458547213,NVTK
3934,swing,none,touch,8,0.5837245470053859,NVTK
3934,swing,none,dwell,8,0.536828127095019,NVTK
3934,swing,none,volume,8,0.5151572539768283,NVTK
3934,swing,none,swing,7,,NVTK
3934,touch,hl60,touch,13,0.6492862167831255,NVTK
3934,touch,hl60,dwell,11,0.4739481363888139,NVTK
3934,touch,hl60,volume,12,0.5762896453953408,NVTK
3934,touch,hl60,swing,16,0.3456568965339986,NVTK
3934,dwell,hl60,touch,4,,NVTK
3934,dwell,hl60,dwell,4,,NVTK
3934,dwell,hl60,volume,4,,NVTK
3934,dwell,hl60,swing,8,0.23704434623822404,NVTK
3934,volume,hl60,touch,10,0.567355488794022,NVTK
3934,volume,hl60,dwell,8,0.07623204383844061,NVTK
3934,volume,hl60,volume,9,0.23359663981578133,NVTK
3934,volume,hl60,swing,8,0.0006972061661440802,NVTK
3934,swing,hl60,touch,8,0.5889873581359114,NVTK
3934,swing,hl60,dwell,8,0.5520199024578664,NVTK
3934,swing,hl60,volume,8,0.5118456745770504,NVTK
3934,swing,hl60,swing,7,,NVTK
3994,touch,none,touch,15,0.34777644839958716,NVTK
3994,touch,none,dwell,11,0.21074817430406426,NVTK
3994,touch,none,volume,13,0.24362349782138845,NVTK
3994,touch,none,swing,12,0.061157025516305835,NVTK
3994,dwell,none,touch,10,0.10721417895032384,NVTK
3994,dwell,none,dwell,7,,NVTK
3994,dwell,none,volume,8,0.13867655057975642,NVTK
3994,dwell,none,swing,10,0.2146730559736333,NVTK
3994,volume,none,touch,13,0.33947205294971167,NVTK
3994,volume,none,dwell,9,-0.11560457345848636,NVTK
3994,volume,none,volume,11,0.1791185049325226,NVTK
3994,volume,none,swing,10,-0.07150870824078352,NVTK
3994,swing,none,touch,11,0.2935231354146339,NVTK
3994,swing,none,dwell,8,0.19958969481032807,NVTK
3994,swing,none,volume,8,0.3846316741695225,NVTK
3994,swing,none,swing,7,,NVTK
3994,touch,hl60,touch,15,0.30084559040511877,NVTK
3994,touch,hl60,dwell,11,0.22759886809251634,NVTK
3994,touch,hl60,volume,13,0.22482152213367995,NVTK
3994,touch,hl60,swing,12,0.04464447103069878,NVTK
3994,dwell,hl60,touch,10,0.08168688272808161,NVTK
3994,dwell,hl60,dwell,7,,NVTK
3994,dwell,hl60,volume,8,0.11136618011459781,NVTK
3994,dwell,hl60,swing,10,0.20833697853552063,NVTK
3994,volume,hl60,touch,13,0.3114809060242878,NVTK
3994,volume,hl60,dwell,9,-0.001918425549656432,NVTK
3994,volume,hl60,volume,11,0.16406487096577055,NVTK
3994,volume,hl60,swing,10,-0.031954788162983756,NVTK
3994,swing,hl60,touch,11,0.31259066742069147,NVTK
3994,swing,hl60,dwell,8,0.2702767948344173,NVTK
3994,swing,hl60,volume,8,0.40852010835096,NVTK
3994,swing,hl60,swing,7,,NVTK
4054,touch,none,touch,9,0.264806701026427,NVTK
4054,touch,none,dwell,7,,NVTK
4054,touch,none,volume,10,0.20146110956211571,NVTK
4054,touch,none,swing,8,0.430324293886251,NVTK
4054,dwell,none,touch,9,-0.0632164545287422,NVTK
4054,dwell,none,dwell,7,,NVTK
4054,dwell,none,volume,9,-0.3335139322379417,NVTK
4054,dwell,none,swing,8,0.20002123038705533,NVTK
4054,volume,none,touch,9,0.15709045262681123,NVTK
4054,volume,none,dwell,7,,NVTK
4054,volume,none,volume,10,0.008588927353088721,NVTK
4054,volume,none,swing,8,0.4332470923542622,NVTK
4054,swing,none,touch,10,-0.20948593260625242,NVTK
4054,swing,none,dwell,9,-0.28463938057713384,NVTK
4054,swing,none,volume,9,-0.4318918446038637,NVTK
4054,swing,none,swing,7,,NVTK
4054,touch,hl60,touch,9,-0.02444883034214326,NVTK
4054,touch,hl60,dwell,7,,NVTK
4054,touch,hl60,volume,10,0.06389219395252033,NVTK
4054,touch,hl60,swing,8,0.2258052964579219,NVTK
4054,dwell,hl60,touch,9,-0.27208822601439797,NVTK
4054,dwell,hl60,dwell,7,,NVTK
4054,dwell,hl60,volume,9,-0.512917035914643,NVTK
4054,dwell,hl60,swing,8,0.052977614932935194,NVTK
4054,volume,hl60,touch,9,-0.005602974919960519,NVTK
4054,volume,hl60,dwell,7,,NVTK
4054,volume,hl60,volume,10,-0.074093455937232,NVTK
4054,volume,hl60,swing,8,0.3143502811041503,NVTK
4054,swing,hl60,touch,10,-0.3963707082336975,NVTK
4054,swing,hl60,dwell,9,-0.5424407027659353,NVTK
4054,swing,hl60,volume,9,-0.6276232887713866,NVTK
4054,swing,hl60,swing,7,,NVTK
4114,touch,none,touch,17,-0.2475646586972024,NVTK
4114,touch,none,dwell,12,-0.1318187917058846,NVTK
4114,touch,none,volume,16,-0.05032064233010772,NVTK
4114,touch,none,swing,12,-0.3272418421051962,NVTK
4114,dwell,none,touch,10,0.15510594046878817,NVTK
4114,dwell,none,dwell,5,,NVTK
4114,dwell,none,volume,9,0.19242596760598854,NVTK
4114,dwell,none,swing,10,-0.43045958953335267,NVTK
4114,volume,none,touch,15,-0.18294266512273766,NVTK
4114,volume,none,dwell,10,0.011325611970124704,NVTK
4114,volume,none,volume,14,-0.136211235096889,NVTK
4114,volume,none,swing,10,-0.4375235363445069,NVTK
4114,swing,none,touch,12,-0.23593135785765756,NVTK
4114,swing,none,dwell,11,0.03839427723898321,NVTK
4114,swing,none,volume,11,0.0743095908080777,NVTK
4114,swing,none,swing,7,,NVTK
4114,touch,hl60,touch,17,-0.17014337918222341,NVTK
4114,touch,hl60,dwell,12,-0.11739504686535344,NVTK
4114,touch,hl60,volume,16,-0.015568887028101847,NVTK
4114,touch,hl60,swing,12,-0.31815372260294894,NVTK
4114,dwell,hl60,touch,10,0.3002403419064339,NVTK
4114,dwell,hl60,dwell,5,,NVTK
4114,dwell,hl60,volume,9,0.2445323233532391,NVTK
4114,dwell,hl60,swing,10,-0.41050629319880133,NVTK
4114,volume,hl60,touch,15,-0.1478401122967005,NVTK
4114,volume,hl60,dwell,10,0.0035429641247745804,NVTK
4114,volume,hl60,volume,14,-0.03356926085025155,NVTK
4114,volume,hl60,swing,10,-0.43021043088505495,NVTK
4114,swing,hl60,touch,12,-0.1379695227805652,NVTK
4114,swing,hl60,dwell,11,0.08503833416599278,NVTK
4114,swing,hl60,volume,11,0.1401135397456037,NVTK
4114,swing,hl60,swing,7,,NVTK
4174,touch,none,touch,6,,NVTK
4174,touch,none,dwell,4,,NVTK
4174,touch,none,volume,5,,NVTK
4174,touch,none,swing,5,,NVTK
4174,dwell,none,touch,3,,NVTK
4174,dwell,none,dwell,1,,NVTK
4174,dwell,none,volume,2,,NVTK
4174,dwell,none,swing,5,,NVTK
4174,volume,none,touch,6,,NVTK
4174,volume,none,dwell,4,,NVTK
4174,volume,none,volume,5,,NVTK
4174,volume,none,swing,5,,NVTK
4174,swing,none,touch,5,,NVTK
4174,swing,none,dwell,4,,NVTK
4174,swing,none,volume,4,,NVTK
4174,swing,none,swing,4,,NVTK
4174,touch,hl60,touch,6,,NVTK
4174,touch,hl60,dwell,4,,NVTK
4174,touch,hl60,volume,5,,NVTK
4174,touch,hl60,swing,5,,NVTK
4174,dwell,hl60,touch,3,,NVTK
4174,dwell,hl60,dwell,1,,NVTK
4174,dwell,hl60,volume,2,,NVTK
4174,dwell,hl60,swing,5,,NVTK
4174,volume,hl60,touch,6,,NVTK
4174,volume,hl60,dwell,4,,NVTK
4174,volume,hl60,volume,5,,NVTK
4174,volume,hl60,swing,5,,NVTK
4174,swing,hl60,touch,5,,NVTK
4174,swing,hl60,dwell,4,,NVTK
4174,swing,hl60,volume,4,,NVTK
4174,swing,hl60,swing,4,,NVTK
4234,touch,none,touch,2,,NVTK
4234,touch,none,dwell,2,,NVTK
4234,touch,none,volume,3,,NVTK
4234,touch,none,swing,3,,NVTK
4234,dwell,none,touch,2,,NVTK
4234,dwell,none,dwell,2,,NVTK
4234,dwell,none,volume,3,,NVTK
4234,dwell,none,swing,3,,NVTK
4234,volume,none,touch,2,,NVTK
4234,volume,none,dwell,2,,NVTK
4234,volume,none,volume,3,,NVTK
4234,volume,none,swing,3,,NVTK
4234,swing,none,touch,2,,NVTK
4234,swing,none,dwell,2,,NVTK
4234,swing,none,volume,2,,NVTK
4234,swing,none,swing,2,,NVTK
4234,touch,hl60,touch,2,,NVTK
4234,touch,hl60,dwell,2,,NVTK
4234,touch,hl60,volume,3,,NVTK
4234,touch,hl60,swing,3,,NVTK
4234,dwell,hl60,touch,2,,NVTK
4234,dwell,hl60,dwell,2,,NVTK
4234,dwell,hl60,volume,3,,NVTK
4234,dwell,hl60,swing,3,,NVTK
4234,volume,hl60,touch,2,,NVTK
4234,volume,hl60,dwell,2,,NVTK
4234,volume,hl60,volume,3,,NVTK
4234,volume,hl60,swing,3,,NVTK
4234,swing,hl60,touch,2,,NVTK
4234,swing,hl60,dwell,2,,NVTK
4234,swing,hl60,volume,2,,NVTK
4234,swing,hl60,swing,2,,NVTK
4294,touch,none,touch,12,-0.638843111303791,NVTK
4294,touch,none,dwell,10,-0.5742349093754961,NVTK
4294,touch,none,volume,12,-0.6056990876269195,NVTK
4294,touch,none,swing,12,-0.5465579165400216,NVTK
4294,dwell,none,touch,10,-0.675248724847752,NVTK
4294,dwell,none,dwell,9,-0.45764033032314816,NVTK
4294,dwell,none,volume,10,-0.6353845945536243,NVTK
4294,dwell,none,swing,11,-0.5479966243511909,NVTK
4294,volume,none,touch,12,-0.4703670991756721,NVTK
4294,volume,none,dwell,10,-0.5061574365711797,NVTK
4294,volume,none,volume,12,-0.4745730734788589,NVTK
4294,volume,none,swing,11,-0.568310694917756,NVTK
4294,swing,none,touch,12,-0.4834040162618963,NVTK
4294,swing,none,dwell,11,-0.2838753425368593,NVTK
4294,swing,none,volume,11,-0.34946094994589055,NVTK
4294,swing,none,swing,10,-0.4615366909168994,NVTK
4294,touch,hl60,touch,12,-0.5869904146491532,NVTK
4294,touch,hl60,dwell,10,-0.4867810862407317,NVTK
4294,touch,hl60,volume,12,-0.6570949486683786,NVTK
4294,touch,hl60,swing,12,-0.5113075819912051,NVTK
4294,dwell,hl60,touch,10,-0.5948008123217194,NVTK
4294,dwell,hl60,dwell,9,-0.39650070105517193,NVTK
4294,dwell,hl60,volume,10,-0.664130336351821,NVTK
4294,dwell,hl60,swing,11,-0.49813147918667855,NVTK
4294,volume,hl60,touch,12,-0.4636614535561532,NVTK
4294,volume,hl60,dwell,10,-0.445555008685771,NVTK
4294,volume,hl60,volume,12,-0.5575730627938074,NVTK
4294,volume,hl60,swing,11,-0.5166211777286265,NVTK
4294,swing,hl60,touch,12,-0.4733070109266172,NVTK
4294,swing,hl60,dwell,11,-0.3754081515982383,NVTK
4294,swing,hl60,volume,11,-0.5153321028986558,NVTK
4294,swing,hl60,swing,10,-0.4746831551910822,NVTK
4354,touch,none,touch,19,0.03718555886980619,NVTK
4354,touch,none,dwell,14,-0.19903645942691114,NVTK
4354,touch,none,volume,18,0.2149552873533414,NVTK
4354,touch,none,swing,17,-0.04078946739147755,NVTK
4354,dwell,none,touch,15,-0.20724316617005498,NVTK
4354,dwell,none,dwell,13,-0.2585039560827125,NVTK
4354,dwell,none,volume,15,0.03411752948000986,NVTK
4354,dwell,none,swing,17,-0.13780461035474673,NVTK
4354,volume,none,touch,19,-0.10487413952180241,NVTK
4354,volume,none,dwell,14,-0.4468838990237524,NVTK
4354,volume,none,volume,18,0.011284631106760838,NVTK
4354,volume,none,swing,17,-0.0964137946426196,NVTK
4354,swing,none,touch,18,-0.1391542445022739,NVTK
4354,swing,none,dwell,15,-0.21310563257487022,NVTK
4354,swing,none,volume,15,-0.021368929122934872,NVTK
4354,swing,none,swing,14,-0.24214485110858025,NVTK
4354,touch,hl60,touch,19,0.05447074233774306,NVTK
4354,touch,hl60,dwell,14,-0.17243610690768288,NVTK
4354,touch,hl60,volume,18,0.07248811243460848,NVTK
4354,touch,hl60,swing,17,-0.15369618216092298,NVTK
4354,dwell,hl60,touch,15,-0.05487828242682394,NVTK
4354,dwell,hl60,dwell,13,-0.17601762540889188,NVTK
4354,dwell,hl60,volume,15,-0.001990532194435353,NVTK
4354,dwell,hl60,swing,17,-0.1859721734227213,NVTK
4354,volume,hl60,touch,19,0.0045572649563008355,NVTK
4354,volume,hl60,dwell,14,-0.23272233394742983,NVTK
4354,volume,hl60,volume,18,0.024821999667482487,NVTK
4354,volume,hl60,swing,17,-0.18010708833776942,NVTK
4354,swing,hl60,touch,18,-0.17749037478537474,NVTK
4354,swing,hl60,dwell,15,-0.1328214917006083,NVTK
4354,swing,hl60,volume,15,-0.05391522106457732,NVTK
4354,swing,hl60,swing,14,-0.26011725472802716,NVTK
4414,touch,none,touch,4,,NVTK
4414,touch,none,dwell,4,,NVTK
4414,touch,none,volume,5,,NVTK
4414,touch,none,swing,4,,NVTK
4414,dwell,none,touch,3,,NVTK
4414,dwell,none,dwell,3,,NVTK
4414,dwell,none,volume,4,,NVTK
4414,dwell,none,swing,4,,NVTK
4414,volume,none,touch,4,,NVTK
4414,volume,none,dwell,4,,NVTK
4414,volume,none,volume,5,,NVTK
4414,volume,none,swing,4,,NVTK
4414,swing,none,touch,5,,NVTK
4414,swing,none,dwell,5,,NVTK
4414,swing,none,volume,5,,NVTK
4414,swing,none,swing,4,,NVTK
4414,touch,hl60,touch,4,,NVTK
4414,touch,hl60,dwell,4,,NVTK
4414,touch,hl60,volume,5,,NVTK
4414,touch,hl60,swing,4,,NVTK
4414,dwell,hl60,touch,3,,NVTK
4414,dwell,hl60,dwell,3,,NVTK
4414,dwell,hl60,volume,4,,NVTK
4414,dwell,hl60,swing,4,,NVTK
4414,volume,hl60,touch,4,,NVTK
4414,volume,hl60,dwell,4,,NVTK
4414,volume,hl60,volume,5,,NVTK
4414,volume,hl60,swing,4,,NVTK
4414,swing,hl60,touch,5,,NVTK
4414,swing,hl60,dwell,5,,NVTK
4414,swing,hl60,volume,5,,NVTK
4414,swing,hl60,swing,4,,NVTK
4474,touch,none,touch,5,,NVTK
4474,touch,none,dwell,4,,NVTK
4474,touch,none,volume,5,,NVTK
4474,touch,none,swing,4,,NVTK
4474,dwell,none,touch,4,,NVTK
4474,dwell,none,dwell,3,,NVTK
4474,dwell,none,volume,4,,NVTK
4474,dwell,none,swing,3,,NVTK
4474,volume,none,touch,4,,NVTK
4474,volume,none,dwell,3,,NVTK
4474,volume,none,volume,4,,NVTK
4474,volume,none,swing,3,,NVTK
4474,swing,none,touch,5,,NVTK
4474,swing,none,dwell,4,,NVTK
4474,swing,none,volume,4,,NVTK
4474,swing,none,swing,3,,NVTK
4474,touch,hl60,touch,5,,NVTK
4474,touch,hl60,dwell,4,,NVTK
4474,touch,hl60,volume,5,,NVTK
4474,touch,hl60,swing,4,,NVTK
4474,dwell,hl60,touch,4,,NVTK
4474,dwell,hl60,dwell,3,,NVTK
4474,dwell,hl60,volume,4,,NVTK
4474,dwell,hl60,swing,3,,NVTK
4474,volume,hl60,touch,4,,NVTK
4474,volume,hl60,dwell,3,,NVTK
4474,volume,hl60,volume,4,,NVTK
4474,volume,hl60,swing,3,,NVTK
4474,swing,hl60,touch,5,,NVTK
4474,swing,hl60,dwell,4,,NVTK
4474,swing,hl60,volume,4,,NVTK
4474,swing,hl60,swing,3,,NVTK
4534,touch,none,touch,16,0.16552908921844034,NVTK
4534,touch,none,dwell,8,0.014412053722229392,NVTK
4534,touch,none,volume,16,0.19073760082682664,NVTK
4534,touch,none,swing,12,-0.05022934617198165,NVTK
4534,dwell,none,touch,13,0.007919497612753412,NVTK
4534,dwell,none,dwell,7,,NVTK
4534,dwell,none,volume,13,0.20649909312140358,NVTK
4534,dwell,none,swing,11,-0.13874966968976082,NVTK
4534,volume,none,touch,16,0.39232140183952124,NVTK
4534,volume,none,dwell,8,0.040094187698205455,NVTK
4534,volume,none,volume,16,0.4691295030521665,NVTK
4534,volume,none,swing,11,0.11968106535184628,NVTK
4534,swing,none,touch,19,0.1621581571371233,NVTK
4534,swing,none,dwell,16,0.17100182448076073,NVTK
4534,swing,none,volume,16,0.3657989323929759,NVTK
4534,swing,none,swing,11,-0.029145085704284,NVTK
4534,touch,hl60,touch,16,0.478238798052747,NVTK
4534,touch,hl60,dwell,8,0.42217772498574785,NVTK
4534,touch,hl60,volume,16,0.37024977073385645,NVTK
4534,touch,hl60,swing,12,0.2094522268950015,NVTK
4534,dwell,hl60,touch,13,0.4830666700633135,NVTK
4534,dwell,hl60,dwell,7,,NVTK
4534,dwell,hl60,volume,13,0.37627815638364986,NVTK
4534,dwell,hl60,swing,11,0.18050713265899324,NVTK
4534,volume,hl60,touch,16,0.5731572181482627,NVTK
4534,volume,hl60,dwell,8,0.34568957080088203,NVTK
4534,volume,hl60,volume,16,0.5126359848664089,NVTK
4534,volume,hl60,swing,11,0.2910353223884877,NVTK
4534,swing,hl60,touch,19,0.5004596464065254,NVTK
4534,swing,hl60,dwell,16,0.46973018801012756,NVTK
4534,swing,hl60,volume,16,0.5210304571473748,NVTK
4534,swing,hl60,swing,11,0.20424167713574443,NVTK
4594,touch,none,touch,19,-0.3311420891712387,NVTK
4594,touch,none,dwell,17,-0.20723472056005776,NVTK
4594,touch,none,volume,19,-0.2676745996237236,NVTK
4594,touch,none,swing,19,-0.11030216553330563,NVTK
4594,dwell,none,touch,15,-0.2279976388132204,NVTK
4594,dwell,none,dwell,14,-0.24605200476976102,NVTK
4594,dwell,none,volume,15,-0.3274683210862694,NVTK
4594,dwell,none,swing,19,0.10073918735958076,NVTK
4594,volume,none,touch,19,-0.24717520250204064,NVTK
4594,volume,none,dwell,17,-0.17077084615283045,NVTK
4594,volume,none,volume,19,-0.148990965727572,NVTK
4594,volume,none,swing,19,-0.08478247677947494,NVTK
4594,swing,none,touch,20,0.057784530153451814,NVTK
4594,swing,none,dwell,18,-0.10083535181118584,NVTK
4594,swing,none,volume,18,-0.07564476316352978,NVTK
4594,swing,none,swing,18,0.008843845393564637,NVTK
4594,touch,hl60,touch,19,-0.45281394732905794,NVTK
4594,touch,hl60,dwell,17,-0.29013952619691424,NVTK
4594,touch,hl60,volume,19,-0.4183092340630346,NVTK
4594,touch,hl60,swing,19,-0.2050278836033258,NVTK
4594,dwell,hl60,touch,15,-0.4208104752406828,NVTK
4594,dwell,hl60,dwell,14,-0.40701668806179364,NVTK
4594,dwell,hl60,volume,15,-0.4965348965113003,NVTK
4594,dwell,hl60,swing,19,-0.11679693779824912,NVTK
4594,volume,hl60,touch,19,-0.3384706447999956,NVTK
4594,volume,hl60,dwell,17,-0.26717996271707684,NVTK
4594,volume,hl60,volume,19,-0.294750816255183,NVTK
4594,volume,hl60,swing,19,-0.16288005919932302,NVTK
4594,swing,hl60,touch,20,-0.26657778382340946,NVTK
4594,swing,hl60,dwell,18,-0.25154296857992614,NVTK
4594,swing,hl60,volume,18,-0.2817850989956518,NVTK
4594,swing,hl60,swing,18,-0.12402625550565512,NVTK
4654,touch,none,touch,15,-0.1279628051486471,NVTK
4654,touch,none,dwell,12,-0.09451456227158639,NVTK
4654,touch,none,volume,14,-0.4694248067294419,NVTK
4654,touch,none,swing,13,-0.1435461197481013,NVTK
4654,dwell,none,touch,14,-0.1986859761111381,NVTK
4654,dwell,none,dwell,11,-0.38420215885556736,NVTK
4654,dwell,none,volume,13,-0.6824848504026283,NVTK
4654,dwell,none,swing,13,-0.2751687238092327,NVTK
4654,volume,none,touch,15,-0.19757017383459738,NVTK
4654,volume,none,dwell,12,-0.039817228467486435,NVTK
4654,volume,none,volume,14,-0.5921967506551086,NVTK
4654,volume,none,swing,13,-0.19121333929118087,NVTK
4654,swing,none,touch,17,-0.4451431059760104,NVTK
4654,swing,none,dwell,14,-0.6225510329150451,NVTK
4654,swing,none,volume,14,-0.6018820917833728,NVTK
4654,swing,none,swing,13,-0.3364893830641062,NVTK
4654,touch,hl60,touch,15,-0.5151277157211986,NVTK
4654,touch,hl60,dwell,12,-0.6269354671832212,NVTK
4654,touch,hl60,volume,14,-0.6959400780365587,NVTK
4654,touch,hl60,swing,13,-0.46479223443489026,NVTK
4654,dwell,hl60,touch,14,-0.38900359896830405,NVTK
4654,dwell,hl60,dwell,11,-0.5023947362208108,NVTK
4654,dwell,hl60,volume,13,-0.7851314858929521,NVTK
4654,dwell,hl60,swing,13,-0.37028981978034886,NVTK
4654,volume,hl60,touch,15,-0.42589495887925644,NVTK
4654,volume,hl60,dwell,12,-0.40818547301750135,NVTK
4654,volume,hl60,volume,14,-0.7402307669874252,NVTK
4654,volume,hl60,swing,13,-0.3606746060268524,NVTK
4654,swing,hl60,touch,17,-0.5386896337914812,NVTK
4654,swing,hl60,dwell,14,-0.7386261875183184,NVTK
4654,swing,hl60,volume,14,-0.7747006262168392,NVTK
4654,swing,hl60,swing,13,-0.46158966063745777,NVTK
4714,touch,none,touch,14,-0.017714835044115407,NVTK
4714,touch,none,dwell,12,-0.06024782717355779,NVTK
4714,touch,none,volume,14,-0.4690363810847729,NVTK
4714,touch,none,swing,14,0.018351784902278904,NVTK
4714,dwell,none,touch,14,-0.1355813166852206,NVTK
4714,dwell,none,dwell,12,-0.15620237372588502,NVTK
4714,dwell,none,volume,14,-0.5536699694451683,NVTK
4714,dwell,none,swing,14,-0.18457957059622157,NVTK
4714,volume,none,touch,14,-0.11946556242558001,NVTK
4714,volume,none,dwell,12,-0.15591201399090207,NVTK
4714,volume,none,volume,14,-0.4748033116818065,NVTK
4714,volume,none,swing,14,-0.15270305916552154,NVTK
4714,swing,none,touch,16,-0.17095153882007952,NVTK
4714,swing,none,dwell,14,-0.1982679334663065,NVTK
4714,swing,none,volume,14,-0.48724466347799955,NVTK
4714,swing,none,swing,14,-0.1675022190203648,NVTK
4714,touch,hl60,touch,14,-0.6502669817758343,NVTK
4714,touch,hl60,dwell,12,-0.504845047204788,NVTK
4714,touch,hl60,volume,14,-0.19178562230273916,NVTK
4714,touch,hl60,swing,14,-0.5899594617157802,NVTK
4714,dwell,hl60,touch,14,-0.7396228897752465,NVTK
4714,dwell,hl60,dwell,12,-0.6782108090998569,NVTK
4714,dwell,hl60,volume,14,-0.31661094140332535,NVTK
4714,dwell,hl60,swing,14,-0.7069341465738229,NVTK
4714,volume,hl60,touch,14,-0.5398064949434163,NVTK
4714,volume,hl60,dwell,12,-0.43911966880370956,NVTK
4714,volume,hl60,volume,14,-0.20284614765400116,NVTK
4714,volume,hl60,swing,14,-0.5366792457712889,NVTK
4714,swing,hl60,touch,16,-0.3911329913427501,NVTK
4714,swing,hl60,dwell,14,-0.49876260441038345,NVTK
4714,swing,hl60,volume,14,-0.09935392909174488,NVTK
4714,swing,hl60,swing,14,-0.42487274390151825,NVTK
4774,touch,none,touch,13,0.08175485207919941,NVTK
4774,touch,none,dwell,11,-0.07678561553944328,NVTK
4774,touch,none,volume,13,-0.5132799136943796,NVTK
4774,touch,none,swing,12,-0.14354944232004452,NVTK
4774,dwell,none,touch,13,0.03216786089205329,NVTK
4774,dwell,none,dwell,11,-0.06581031127240718,NVTK
4774,dwell,none,volume,13,-0.5061782146564341,NVTK
4774,dwell,none,swing,12,-0.1811569355527584,NVTK
4774,volume,none,touch,13,-0.3225073253351947,NVTK
4774,volume,none,dwell,11,-0.26027003054099374,NVTK
4774,volume,none,volume,13,-0.5620677300973043,NVTK
4774,volume,none,swing,12,-0.32536544340873386,NVTK
4774,swing,none,touch,14,0.19923253546253253,NVTK
4774,swing,none,dwell,13,0.048801610490574014,NVTK
4774,swing,none,volume,13,-0.40089035257770156,NVTK
4774,swing,none,swing,12,-0.013642575394500398,NVTK
4774,touch,hl60,touch,13,0.4417404124690625,NVTK
4774,touch,hl60,dwell,11,0.10924591786579957,NVTK
4774,touch,hl60,volume,13,-0.24814916860881542,NVTK
4774,touch,hl60,swing,12,0.07305301109146833,NVTK
4774,dwell,hl60,touch,13,0.44488762218705863,NVTK
4774,dwell,hl60,dwell,11,0.1315908535038809,NVTK
4774,dwell,hl60,volume,13,-0.25160032896046114,NVTK
4774,dwell,hl60,swing,12,0.08716752204115613,NVTK
4774,volume,hl60,touch,13,0.37366626889488097,NVTK
4774,volume,hl60,dwell,11,0.1033208461015073,NVTK
4774,volume,hl60,volume,13,-0.28540708860327374,NVTK
4774,volume,hl60,swing,12,0.11732257434981694,NVTK
4774,swing,hl60,touch,14,0.5141033615846091,NVTK
4774,swing,hl60,dwell,13,0.28630916700123704,NVTK
4774,swing,hl60,volume,13,-0.20609589372453466,NVTK
4774,swing,hl60,swing,12,0.17917237371411066,NVTK
4834,touch,none,touch,11,-0.2228135322017009,NVTK
4834,touch,none,dwell,8,-0.38422070048941065,NVTK
4834,touch,none,volume,11,-0.282720983712841,NVTK
4834,touch,none,swing,11,-0.27795930257723755,NVTK
4834,dwell,none,touch,11,-0.2772149560872229,NVTK
4834,dwell,none,dwell,8,-0.1431930175563364,NVTK
4834,dwell,none,volume,11,-0.2668962835757964,NVTK
4834,dwell,none,swing,11,-0.42590332249873425,NVTK
4834,volume,none,touch,11,-0.08563164751010133,NVTK
4834,volume,none,dwell,8,0.08961293720931904,NVTK
4834,volume,none,volume,11,-0.022923711879228547,NVTK
4834,volume,none,swing,11,-0.11441425083825063,NVTK
4834,swing,none,touch,12,-0.39150865589151757,NVTK
4834,swing,none,dwell,11,-0.39750020158033905,NVTK
4834,swing,none,volume,11,-0.44074651630823825,NVTK
4834,swing,none,swing,11,-0.530009163649558,NVTK
4834,touch,hl60,touch,11,-0.16710151910182824,NVTK
4834,touch,hl60,dwell,8,-0.23395169618908038,NVTK
4834,touch,hl60,volume,11,-0.16182579199141378,NVTK
4834,touch,hl60,swing,11,-0.08950511224744337,NVTK
4834,dwell,hl60,touch,11,-0.2874164199771736,NVTK
4834,dwell,hl60,dwell,8,-0.11469058093410943,NVTK
4834,dwell,hl60,volume,11,-0.1704511106261965,NVTK
4834,dwell,hl60,swing,11,-0.21827439572405105,NVTK
4834,volume,hl60,touch,11,0.012165631362778923,NVTK
4834,volume,hl60,dwell,8,0.14746398515577308,NVTK
4834,volume,hl60,volume,11,0.11770897855246594,NVTK
4834,volume,hl60,swing,11,0.0866322351948945,NVTK
4834,swing,hl60,touch,12,-0.33185616213098745,NVTK
4834,swing,hl60,dwell,11,-0.37275902567160873,NVTK
4834,swing,hl60,volume,11,-0.3621781950671333,NVTK
4834,swing,hl60,swing,11,-0.36263049195558184,NVTK
4894,touch,none,touch,9,0.6305013518307799,NVTK
4894,touch,none,dwell,8,0.576915247218966,NVTK
4894,touch,none,volume,9,0.01122538654698904,NVTK
4894,touch,none,swing,9,0.5844995923192328,NVTK
4894,dwell,none,touch,8,0.5044213900659893,NVTK
4894,dwell,none,dwell,8,0.5103456274707483,NVTK
4894,dwell,none,volume,8,-0.11259008543428434,NVTK
4894,dwell,none,swing,8,0.4166709711410818,NVTK
4894,volume,none,touch,8,0.5097664891114007,NVTK
4894,volume,none,dwell,8,0.49658159841939303,NVTK
4894,volume,none,volume,8,-0.17843097042525144,NVTK
4894,volume,none,swing,8,0.38890211808660596,NVTK
4894,swing,none,touch,9,0.053458724990225366,NVTK
4894,swing,none,dwell,8,0.2801285072267826,NVTK
4894,swing,none,volume,8,-0.1845440733417581,NVTK
4894,swing,none,swing,8,0.2839102401256587,NVTK
4894,touch,hl60,touch,9,0.7282933893597667,NVTK
4894,touch,hl60,dwell,8,0.6848843671797995,NVTK
4894,touch,hl60,volume,9,0.11427793292714206,NVTK
4894,touch,hl60,swing,9,0.6739213480876132,NVTK
4894,dwell,hl60,touch,8,0.6822442149296076,NVTK
4894,dwell,hl60,dwell,8,0.7096566813214427,NVTK
4894,dwell,hl60,volume,8,0.14721956493954338,NVTK
4894,dwell,hl60,swing,8,0.6188977073336682,NVTK
4894,volume,hl60,touch,8,0.7157218161332568,NVTK
4894,volume,hl60,dwell,8,0.7262457296523479,NVTK
4894,volume,hl60,volume,8,0.10214780767696342,NVTK
4894,volume,hl60,swing,8,0.6244680760174433,NVTK
4894,swing,hl60,touch,9,0.5595228538603593,NVTK
4894,swing,hl60,dwell,8,0.7524635494890008,NVTK
4894,swing,hl60,volume,8,0.27009782494224627,NVTK
4894,swing,hl60,swing,8,0.749039952458451,NVTK
4954,touch,none,touch,11,0.05684432278071113,NVTK
4954,touch,none,dwell,10,0.2682052901609437,NVTK
4954,touch,none,volume,11,-0.67703014510936,NVTK
4954,touch,none,swing,12,0.37557672170876794,NVTK
4954,dwell,none,touch,10,0.0600459291005447,NVTK
4954,dwell,none,dwell,9,0.1629477134269385,NVTK
4954,dwell,none,volume,10,-0.37267517157878954,NVTK
4954,dwell,none,swing,11,0.1712324020638473,NVTK
4954,volume,none,touch,11,0.29095434995516195,NVTK
4954,volume,none,dwell,10,0.2673936743360343,NVTK
4954,volume,none,volume,11,-0.4292882618557804,NVTK
4954,volume,none,swing,11,0.3681350354891754,NVTK
4954,swing,none,touch,11,0.35667110356939136,NVTK
4954,swing,none,dwell,11,0.3972324693366056,NVTK
4954,swing,none,volume,11,-0.31976915587137034,NVTK
4954,swing,none,swing,11,0.43544724968860005,NVTK
4954,touch,hl60,touch,11,0.5146718785733407,NVTK
4954,touch,hl60,dwell,10,0.5205708888198286,NVTK
4954,touch,hl60,volume,11,-0.14701267642758825,NVTK
4954,touch,hl60,swing,12,0.534090855540491,NVTK
4954,dwell,hl60,touch,10,0.48731474474366643,NVTK
4954,dwell,hl60,dwell,9,0.43330427942381794,NVTK
4954,dwell,hl60,volume,10,0.138635684446721,NVTK
4954,dwell,hl60,swing,11,0.3770904747008644,NVTK
4954,volume,hl60,touch,11,0.5710974199828275,NVTK
4954,volume,hl60,dwell,10,0.5319398648157615,NVTK
4954,volume,hl60,volume,11,-0.03354990686913451,NVTK
4954,volume,hl60,swing,11,0.49965495014043115,NVTK
4954,swing,hl60,touch,11,0.5878527200150662,NVTK
4954,swing,hl60,dwell,11,0.5826559692362195,NVTK
4954,swing,hl60,volume,11,0.025853446601383816,NVTK
4954,swing,hl60,swing,11,0.5042269782611761,NVTK
3021,touch,none,touch,9,0.8587551107154301,SBER
3021,touch,none,dwell,8,0.8718236324836269,SBER
3021,touch,none,volume,9,0.8340082344571003,SBER
3021,touch,none,swing,9,0.8268240734099774,SBER
3021,dwell,none,touch,8,0.7542124405828599,SBER
3021,dwell,none,dwell,7,,SBER
3021,dwell,none,volume,8,0.8189660474096296,SBER
3021,dwell,none,swing,9,0.8451945012787947,SBER
3021,volume,none,touch,9,0.6778936831087089,SBER
3021,volume,none,dwell,8,0.9258273461302208,SBER
3021,volume,none,volume,9,0.7758085484700864,SBER
3021,volume,none,swing,9,0.7348916677935188,SBER
3021,swing,none,touch,9,0.8115968118341164,SBER
3021,swing,none,dwell,9,0.8329876048686096,SBER
3021,swing,none,volume,9,0.860724443800951,SBER
3021,swing,none,swing,9,0.8507908467920898,SBER
3021,touch,hl60,touch,9,0.9369719673153963,SBER
3021,touch,hl60,dwell,8,0.8760936302201132,SBER
3021,touch,hl60,volume,9,0.8830473195614492,SBER
3021,touch,hl60,swing,9,0.8974881779748412,SBER
3021,dwell,hl60,touch,8,0.9076892937035806,SBER
3021,dwell,hl60,dwell,7,,SBER
3021,dwell,hl60,volume,8,0.8979102370720373,SBER
3021,dwell,hl60,swing,9,0.9514888856211362,SBER
3021,volume,hl60,touch,9,0.9107150945551769,SBER
3021,volume,hl60,dwell,8,0.943197637997816,SBER
3021,volume,hl60,volume,9,0.9318208578735672,SBER
3021,volume,hl60,swing,9,0.9457350697293987,SBER
3021,swing,hl60,touch,9,0.9332499544543665,SBER
3021,swing,hl60,dwell,9,0.9008883333343791,SBER
3021,swing,hl60,volume,9,0.9123995999649499,SBER
3021,swing,hl60,swing,9,0.9387584189634589,SBER
3081,touch,none,touch,12,0.36103929791155304,SBER
3081,touch,none,dwell,7,,SBER
3081,touch,none,volume,12,0.2312376626868175,SBER
3081,touch,none,swing,10,0.30122473137273065,SBER
3081,dwell,none,touch,10,0.5805979648742616,SBER
3081,dwell,none,dwell,6,,SBER
3081,dwell,none,volume,10,0.37335359287843034,SBER
3081,dwell,none,swing,10,0.4006364021692825,SBER
3081,volume,none,touch,12,0.3667675068830363,SBER
3081,volume,none,dwell,7,,SBER
3081,volume,none,volume,12,0.5017876500216574,SBER
3081,volume,none,swing,10,0.3692617425576261,SBER
3081,swing,none,touch,17,0.3323532643320423,SBER
3081,swing,none,dwell,12,0.5787226064445794,SBER
3081,swing,none,volume,12,0.37432847552021353,SBER
3081,swing,none,swing,10,0.48427928368108203,SBER
3081,touch,hl60,touch,12,0.5676412513488446,SBER
3081,touch,hl60,dwell,7,,SBER
3081,touch,hl60,volume,12,0.1401927294153179,SBER
3081,touch,hl60,swing,10,0.48055474788121366,SBER
3081,dwell,hl60,touch,10,0.7130945501993395,SBER
3081,dwell,hl60,dwell,6,,SBER
3081,dwell,hl60,volume,10,0.22796797179812828,SBER
3081,dwell,hl60,swing,10,0.5499293594443956,SBER
3081,volume,hl60,touch,12,0.6519961798470646,SBER
3081,volume,hl60,dwell,7,,SBER
3081,volume,hl60,volume,12,0.30632148164655243,SBER
3081,volume,hl60,swing,10,0.5881749267794233,SBER
3081,swing,hl60,touch,17,0.44519019745918126,SBER
3081,swing,hl60,dwell,12,0.6186115415321195,SBER
3081,swing,hl60,volume,12,0.2871575730322243,SBER
3081,swing,hl60,swing,10,0.5986065564830545,SBER
3141,touch,none,touch,13,-0.5927932122394889,SBER
3141,touch,none,dwell,8,-0.5747721042739933,SBER
3141,touch,none,volume,11,-0.5634727979682845,SBER
3141,touch,none,swing,10,-0.5423558902841265,SBER
3141,dwell,none,touch,12,-0.4205846678611521,SBER
3141,dwell,none,dwell,7,,SBER
3141,dwell,none,volume,10,-0.39077774010132665,SBER
3141,dwell,none,swing,10,-0.42528757976900416,SBER
3141,volume,none,touch,13,-0.4989415606388882,SBER
3141,volume,none,dwell,8,-0.6047605077541116,SBER
3141,volume,none,volume,11,-0.5023011765233087,SBER
3141,volume,none,swing,10,-0.4217010479744988,SBER
3141,swing,none,touch,14,-0.47293689875536093,SBER
3141,swing,none,dwell,11,-0.5021672905083359,SBER
3141,swing,none,volume,11,-0.47327891428244884,SBER
3141,swing,none,swing,10,-0.38769159163713274,SBER
3141,touch,hl60,touch,13,-0.6627184901763657,SBER
3141,touch,hl60,dwell,8,-0.24685498066174635,SBER
3141,touch,hl60,volume,11,-0.5360155675661044,SBER
3141,touch,hl60,swing,10,-0.49365381351170706,SBER
3141,dwell,hl60,touch,12,-0.5495112007204401,SBER
3141,dwell,hl60,dwell,7,,SBER
3141,dwell,hl60,volume,10,-0.40492449773271855,SBER
3141,dwell,hl60,swing,10,-0.44299503689472053,SBER
3141,volume,hl60,touch,13,-0.6352887101148836,SBER
3141,volume,hl60,dwell,8,-0.3881626447826989,SBER
3141,volume,hl60,volume,11,-0.48899695218387584,SBER
3141,volume,hl60,swing,10,-0.4886586295746859,SBER
3141,swing,hl60,touch,14,-0.5825333870898707,SBER
3141,swing,hl60,dwell,11,-0.28272329728229645,SBER
3141,swing,hl60,volume,11,-0.45776006616888626,SBER
3141,swing,hl60,swing,10,-0.4284152986959755,SBER
3201,touch,none,touch,14,-0.23551556228642956,SBER
3201,touch,none,dwell,10,-0.18229983372561062,SBER
3201,touch,none,volume,14,-0.2817782877912397,SBER
3201,touch,none,swing,15,-0.2958528055962527,SBER
3201,dwell,none,touch,12,-0.05533115243097438,SBER
3201,dwell,none,dwell,8,-0.11882951705360145,SBER
3201,dwell,none,volume,12,-0.20142101272292276,SBER
3201,dwell,none,swing,14,-0.19590040156039876,SBER
3201,volume,none,touch,14,-0.40457754307728955,SBER
3201,volume,none,dwell,10,-0.424299110113174,SBER
3201,volume,none,volume,14,-0.4901457642861396,SBER
3201,volume,none,swing,14,-0.41239214472197816,SBER
3201,swing,none,touch,14,-0.24188164691616418,SBER
3201,swing,none,dwell,14,-0.2619076574508765,SBER
3201,swing,none,volume,14,-0.32751502630721774,SBER
3201,swing,none,swing,14,-0.220195494115041,SBER
3201,touch,hl60,touch,14,-0.6698626590222806,SBER
3201,touch,hl60,dwell,10,-0.7173263732822591,SBER
3201,touch,hl60,volume,14,-0.6333072459484506,SBER
3201,touch,hl60,swing,15,-0.7319748941805702,SBER
3201,dwell,hl60,touch,12,-0.5157217956063822,SBER
3201,dwell,hl60,dwell,8,-0.7987432556086298,SBER
3201,dwell,hl60,volume,12,-0.5985695757326014,SBER
3201,dwell,hl60,swing,14,-0.6152872434306033,SBER
3201,volume,hl60,touch,14,-0.615228997433386,SBER
3201,volume,hl60,dwell,10,-0.6810362468670855,SBER
3201,volume,hl60,volume,14,-0.6013430344916266,SBER
3201,volume,hl60,swing,14,-0.6205261766187878,SBER
3201,swing,hl60,touch,14,-0.6291783293347895,SBER
3201,swing,hl60,dwell,14,-0.5990293714262084,SBER
3201,swing,hl60,volume,14,-0.6478776514224193,SBER
3201,swing,hl60,swing,14,-0.5942396450284675,SBER
3261,touch,none,touch,15,0.5398516255496187,SBER
3261,touch,none,dwell,10,0.5647548600825995,SBER
3261,touch,none,volume,14,0.3686264559150655,SBER
3261,touch,none,swing,13,0.17428125457208254,SBER
3261,dwell,none,touch,15,0.3796371110872185,SBER
3261,dwell,none,dwell,10,0.40431550095764734,SBER
3261,dwell,none,volume,14,0.25620144686162927,SBER
3261,dwell,none,swing,13,0.07184846509027275,SBER
3261,volume,none,touch,16,0.3716011165282096,SBER
3261,volume,none,dwell,10,0.07784619604961904,SBER
3261,volume,none,volume,15,0.15704521933112553,SBER
3261,volume,none,swing,13,-0.20725096079607647,SBER
3261,swing,none,touch,17,0.5256871380205403,SBER
3261,swing,none,dwell,15,0.3649663476818044,SBER
3261,swing,none,volume,15,0.4091920948772024,SBER
3261,swing,none,swing,13,0.08855788867482779,SBER
3261,touch,hl60,touch,15,0.04712980339689045,SBER
3261,touch,hl60,dwell,10,-0.2928203137396432,SBER
3261,touch,hl60,volume,14,-0.12095269587041468,SBER
3261,touch,hl60,swing,13,-0.1464811467929228,SBER
3261,dwell,hl60,touch,15,0.06034581866371668,SBER
3261,dwell,hl60,dwell,10,-0.3362379134497205,SBER
3261,dwell,hl60,volume,14,-0.07937940672247579,SBER
3261,dwell,hl60,swing,13,-0.12923955735028583,SBER
3261,volume,hl60,touch,16,0.10391616533865575,SBER
3261,volume,hl60,dwell,10,-0.34039442265931535,SBER
3261,volume,hl60,volume,15,-0.0697553682678191,SBER
3261,volume,hl60,swing,13,-0.23113369615368015,SBER
3261,swing,hl60,touch,17,0.12845705326742204,SBER
3261,swing,hl60,dwell,15,0.12442967985796742,SBER
3261,swing,hl60,volume,15,0.0549560958286501,SBER
3261,swing,hl60,swing,13,-0.09475058664217459,SBER
3321,touch,none,touch,12,-0.6310738362305826,SBER
3321,touch,none,dwell,7,,SBER
3321,touch,none,volume,12,-0.5948808226869281,SBER
3321,touch,none,swing,10,-0.7758527833751022,SBER
3321,dwell,none,touch,12,-0.4378942582161435,SBER
3321,dwell,none,dwell,7,,SBER
3321,dwell,none,volume,12,-0.32810164545150144,SBER
3321,dwell,none,swing,10,-0.5113980125916042,SBER
3321,volume,none,touch,13,-0.7800333281471142,SBER
3321,volume,none,dwell,8,-0.6666974640782164,SBER
3321,volume,none,volume,13,-0.8317056102473527,SBER
3321,volume,none,swing,10,-0.7385855238259387,SBER
3321,swing,none,touch,17,-0.5862091381044835,SBER
3321,swing,none,dwell,13,-0.677728724247449,SBER
3321,swing,none,volume,13,-0.6734303257496796,SBER
3321,swing,none,swing,10,-0.6364674034684574,SBER
3321,touch,hl60,touch,12,-0.4621354908022902,SBER
3321,touch,hl60,dwell,7,,SBER
3321,touch,hl60,volume,12,-0.6543030254512838,SBER
3321,touch,hl60,swing,10,-0.6002721116773498,SBER
3321,dwell,hl60,touch,12,-0.38499338618869966,SBER
3321,dwell,hl60,dwell,7,,SBER
3321,dwell,hl60,volume,12,-0.5114903918154509,SBER
3321,dwell,hl60,swing,10,-0.5097766134953566,SBER
3321,volume,hl60,touch,13,-0.47610338095082105,SBER
3321,volume,hl60,dwell,8,-0.4550061412414724,SBER
3321,volume,hl60,volume,13,-0.5976058228200665,SBER
3321,volume,hl60,swing,10,-0.5562766284631092,SBER
3321,swing,hl60,touch,17,-0.45425525691669344,SBER
3321,swing,hl60,dwell,13,-0.4857360818837093,SBER
3321,swing,hl60,volume,13,-0.5653809059261626,SBER
3321,swing,hl60,swing,10,-0.5031039330781445,SBER
3381,touch,none,touch,7,,SBER
3381,touch,none,dwell,6,,SBER
3381,touch,none,volume,7,,SBER
3381,touch,none,swing,8,-0.2519703162128832,SBER
3381,dwell,none,touch,6,,SBER
3381,dwell,none,dwell,5,,SBER
3381,dwell,none,volume,6,,SBER
3381,dwell,none,swing,6,,SBER
3381,volume,none,touch,6,,SBER
3381,volume,none,dwell,5,,SBER
3381,volume,none,volume,6,,SBER
3381,volume,none,swing,6,,SBER
3381,swing,none,touch,6,,SBER
3381,swing,none,dwell,6,,SBER
3381,swing,none,volume,6,,SBER
3381,swing,none,swing,6,,SBER
3381,touch,hl60,touch,7,,SBER
3381,touch,hl60,dwell,6,,SBER
3381,touch,hl60,volume,7,,SBER
3381,touch,hl60,swing,8,0.20084196340233174,SBER
3381,dwell,hl60,touch,6,,SBER
3381,dwell,hl60,dwell,5,,SBER
3381,dwell,hl60,volume,6,,SBER
3381,dwell,hl60,swing,6,,SBER
3381,volume,hl60,touch,6,,SBER
3381,volume,hl60,dwell,5,,SBER
3381,volume,hl60,volume,6,,SBER
3381,volume,hl60,swing,6,,SBER
3381,swing,hl60,touch,6,,SBER
3381,swing,hl60,dwell,6,,SBER
3381,swing,hl60,volume,6,,SBER
3381,swing,hl60,swing,6,,SBER
3441,touch,none,touch,3,,SBER
3441,touch,none,dwell,2,,SBER
3441,touch,none,volume,3,,SBER
3441,touch,none,swing,4,,SBER
3441,dwell,none,touch,3,,SBER
3441,dwell,none,dwell,2,,SBER
3441,dwell,none,volume,3,,SBER
3441,dwell,none,swing,3,,SBER
3441,volume,none,touch,3,,SBER
3441,volume,none,dwell,2,,SBER
3441,volume,none,volume,3,,SBER
3441,volume,none,swing,3,,SBER
3441,swing,none,touch,3,,SBER
3441,swing,none,dwell,3,,SBER
3441,swing,none,volume,3,,SBER
3441,swing,none,swing,3,,SBER
3441,touch,hl60,touch,3,,SBER
3441,touch,hl60,dwell,2,,SBER
3441,touch,hl60,volume,3,,SBER
3441,touch,hl60,swing,4,,SBER
3441,dwell,hl60,touch,3,,SBER
3441,dwell,hl60,dwell,2,,SBER
3441,dwell,hl60,volume,3,,SBER
3441,dwell,hl60,swing,3,,SBER
3441,volume,hl60,touch,3,,SBER
3441,volume,hl60,dwell,2,,SBER
3441,volume,hl60,volume,3,,SBER
3441,volume,hl60,swing,3,,SBER
3441,swing,hl60,touch,3,,SBER
3441,swing,hl60,dwell,3,,SBER
3441,swing,hl60,volume,3,,SBER
3441,swing,hl60,swing,3,,SBER
3501,touch,none,touch,5,,SBER
3501,touch,none,dwell,3,,SBER
3501,touch,none,volume,5,,SBER
3501,touch,none,swing,4,,SBER
3501,dwell,none,touch,5,,SBER
3501,dwell,none,dwell,3,,SBER
3501,dwell,none,volume,5,,SBER
3501,dwell,none,swing,4,,SBER
3501,volume,none,touch,5,,SBER
3501,volume,none,dwell,3,,SBER
3501,volume,none,volume,5,,SBER
3501,volume,none,swing,4,,SBER
3501,swing,none,touch,6,,SBER
3501,swing,none,dwell,5,,SBER
3501,swing,none,volume,5,,SBER
3501,swing,none,swing,4,,SBER
3501,touch,hl60,touch,5,,SBER
3501,touch,hl60,dwell,3,,SBER
3501,touch,hl60,volume,5,,SBER
3501,touch,hl60,swing,4,,SBER
3501,dwell,hl60,touch,5,,SBER
3501,dwell,hl60,dwell,3,,SBER
3501,dwell,hl60,volume,5,,SBER
3501,dwell,hl60,swing,4,,SBER
3501,volume,hl60,touch,5,,SBER
3501,volume,hl60,dwell,3,,SBER
3501,volume,hl60,volume,5,,SBER
3501,volume,hl60,swing,4,,SBER
3501,swing,hl60,touch,6,,SBER
3501,swing,hl60,dwell,5,,SBER
3501,swing,hl60,volume,5,,SBER
3501,swing,hl60,swing,4,,SBER
3561,touch,none,touch,19,0.06349626037002865,SBER
3561,touch,none,dwell,12,0.10380099622256717,SBER
3561,touch,none,volume,19,-0.3338026182303711,SBER
3561,touch,none,swing,16,0.05261867607841598,SBER
3561,dwell,none,touch,17,-0.16079093626027302,SBER
3561,dwell,none,dwell,10,-0.2036253294660496,SBER
3561,dwell,none,volume,17,-0.28604667573580533,SBER
3561,dwell,none,swing,15,-0.0846642199594388,SBER
3561,volume,none,touch,19,0.12436833132273596,SBER
3561,volume,none,dwell,11,-0.13528406982897184,SBER
3561,volume,none,volume,18,-0.15607673787736784,SBER
3561,volume,none,swing,15,-0.2150319757707235,SBER
3561,swing,none,touch,17,-0.15774347553504772,SBER
3561,swing,none,dwell,17,-0.15191069821542807,SBER
3561,swing,none,volume,17,-0.34512890374041993,SBER
3561,swing,none,swing,14,-0.11753337625897092,SBER
3561,touch,hl60,touch,19,-0.09270274068891106,SBER
3561,touch,hl60,dwell,12,0.09996853902090132,SBER
3561,touch,hl60,volume,19,-0.45102186993445814,SBER
3561,touch,hl60,swing,16,0.03605529379841132,SBER
3561,dwell,hl60,touch,17,-0.2186154152704046,SBER
3561,dwell,hl60,dwell,10,-0.1233784821405823,SBER
3561,dwell,hl60,volume,17,-0.3813870306075133,SBER
3561,dwell,hl60,swing,15,-0.06328030969997255,SBER
3561,volume,hl60,touch,19,0.0002984877439096361,SBER
3561,volume,hl60,dwell,11,-0.07006879287930788,SBER
3561,volume,hl60,volume,18,-0.44773390322868617,SBER
3561,volume,hl60,swing,15,-0.10058635374639945,SBER
3561,swing,hl60,touch,17,-0.19171803881344748,SBER
3561,swing,hl60,dwell,17,-0.035119377221136144,SBER
3561,swing,hl60,volume,17,-0.3615756594572908,SBER
3561,swing,hl60,swing,14,-0.055531280138407225,SBER
3621,touch,none,touch,9,-0.7803698645678155,SBER
3621,touch,none,dwell,4,,SBER
3621,touch,none,volume,8,-0.7363594633044133,SBER
3621,touch,none,swing,6,,SBER
3621,dwell,none,touch,8,-0.620060186752138,SBER
3621,dwell,none,dwell,3,,SBER
3621,dwell,none,volume,7,,SBER
3621,dwell,none,swing,6,,SBER
3621,volume,none,touch,9,-0.8118426268404423,SBER
3621,volume,none,dwell,4,,SBER
3621,volume,none,volume,8,-0.8803615724285636,SBER
3621,volume,none,swing,6,,SBER
3621,swing,none,touch,10,-0.9184666790309859,SBER
3621,swing,none,dwell,8,-0.48717146964083086,SBER
3621,swing,none,volume,8,-0.8468838048466709,SBER
3621,swing,none,swing,6,,SBER
3621,touch,hl60,touch,9,-0.4834675190348577,SBER
3621,touch,hl60,dwell,4,,SBER
3621,touch,hl60,volume,8,-0.498310137990283,SBER
3621,touch,hl60,swing,6,,SBER
3621,dwell,hl60,touch,8,-0.33259043979456515,SBER
3621,dwell,hl60,dwell,3,,SBER
3621,dwell,hl60,volume,7,,SBER
3621,dwell,hl60,swing,6,,SBER
3621,volume,hl60,touch,9,-0.44331516095583534,SBER
3621,volume,hl60,dwell,4,,SBER
3621,volume,hl60,volume,8,-0.5488250188681357,SBER
3621,volume,hl60,swing,6,,SBER
3621,swing,hl60,touch,10,-0.6454227396274947,SBER
3621,swing,hl60,dwell,8,0.02979603138595446,SBER
3621,swing,hl60,volume,8,-0.5281355716395759,SBER
3621,swing,hl60,swing,6,,SBER
3681,touch,none,touch,9,-0.7217944283467481,SBER
3681,touch,none,dwell,8,-0.5912441040371639,SBER
3681,touch,none,volume,9,-0.4637731459456034,SBER
3681,touch,none,swing,10,-0.2422685642560871,SBER
3681,dwell,none,touch,3,,SBER
3681,dwell,none,dwell,2,,SBER
3681,dwell,none,volume,3,,SBER
3681,dwell,none,swing,6,,SBER
3681,volume,none,touch,7,,SBER
3681,volume,none,dwell,6,,SBER
3681,volume,none,volume,7,,SBER
3681,volume,none,swing,6,,SBER
3681,swing,none,touch,6,,SBER
3681,swing,none,dwell,6,,SBER
3681,swing,none,volume,6,,SBER
3681,swing,none,swing,5,,SBER
3681,touch,hl60,touch,9,-0.727961737134789,SBER
3681,touch,hl60,dwell,8,-0.5975728088630281,SBER
3681,touch,hl60,volume,9,-0.4705942477545411,SBER
3681,touch,hl60,swing,10,-0.2550822668343527,SBER
3681,dwell,hl60,touch,3,,SBER
3681,dwell,hl60,dwell,2,,SBER
3681,dwell,hl60,volume,3,,SBER
3681,dwell,hl60,swing,6,,SBER
3681,volume,hl60,touch,7,,SBER
3681,volume,hl60,dwell,6,,SBER
3681,volume,hl60,volume,7,,SBER
3681,volume,hl60,swing,6,,SBER
3681,swing,hl60,touch,6,,SBER
3681,swing,hl60,dwell,6,,SBER
3681,swing,hl60,volume,6,,SBER
3681,swing,hl60,swing,5,,SBER
3741,touch,none,touch,13,0.47453214915556274,SBER
3741,touch,none,dwell,9,0.2586708855301216,SBER
3741,touch,none,volume,13,0.3075526341700004,SBER
3741,touch,none,swing,16,0.5149511964768176,SBER
3741,dwell,none,touch,10,-0.1674739533381153,SBER
3741,dwell,none,dwell,8,-0.47911794451221906,SBER
3741,dwell,none,volume,10,-0.0533991649408174,SBER
3741,dwell,none,swing,11,-0.1274290000516805,SBER
3741,volume,none,touch,12,0.1821234767297413,SBER
3741,volume,none,dwell,9,0.017492037479768505,SBER
3741,volume,none,volume,12,0.18528085220029517,SBER
3741,volume,none,swing,11,0.07355467383625952,SBER
3741,swing,none,touch,11,0.03500249229433603,SBER
3741,swing,none,dwell,11,-0.04579786131307975,SBER
3741,swing,none,volume,11,0.05938233226711962,SBER
3741,swing,none,swing,11,-0.030484381688508363,SBER
3741,touch,hl60,touch,13,0.508577465264198,SBER
3741,touch,hl60,dwell,9,0.25464356989965053,SBER
3741,touch,hl60,volume,13,0.31620167362121543,SBER
3741,touch,hl60,swing,16,0.5393769001742621,SBER
3741,dwell,hl60,touch,10,-0.08348839699131931,SBER
3741,dwell,hl60,dwell,8,-0.49244624289738814,SBER
3741,dwell,hl60,volume,10,-0.020768068475326834,SBER
3741,dwell,hl60,swing,11,-0.042023551399613626,SBER
3741,volume,hl60,touch,12,0.2777889261478947,SBER
3741,volume,hl60,dwell,9,0.007087090242267953,SBER
3741,volume,hl60,volume,12,0.24462228025124497,SBER
3741,volume,hl60,swing,11,0.10175785458481988,SBER
3741,swing,hl60,touch,11,0.07602194945076562,SBER
3741,swing,hl60,dwell,11,-0.03866232171671691,SBER
3741,swing,hl60,volume,11,0.03732356777802712,SBER
3741,swing,hl60,swing,11,0.03054275721519922,SBER
3801,touch,none,touch,23,0.016771029238435254,SBER
3801,touch,none,dwell,11,0.35206540249338736,SBER
3801,touch,none,volume,20,0.15222139475841592,SBER
3801,touch,none,swing,19,0.42956845318867315,SBER
3801,dwell,none,touch,13,-0.12860958996776758,SBER
3801,dwell,none,dwell,6,,SBER
3801,dwell,none,volume,11,0.0037031685287761493,SBER
3801,dwell,none,swing,13,0.3189007331083994,SBER
3801,volume,none,touch,18,0.0884569405498388,SBER
3801,volume,none,dwell,7,,SBER
3801,volume,none,volume,15,0.13843040414877525,SBER
3801,volume,none,swing,13,0.01649839306070049,SBER
3801,swing,none,touch,16,-0.07461450727706927,SBER
3801,swing,none,dwell,13,-0.047587157599936446,SBER
3801,swing,none,volume,13,0.05609013379687614,SBER
3801,swing,none,swing,12,0.22307629451682096,SBER
3801,touch,hl60,touch,23,0.04144726067070267,SBER
3801,touch,hl60,dwell,11,0.3864107941709061,SBER
3801,touch,hl60,volume,20,0.1783280297204545,SBER
3801,touch,hl60,swing,19,0.3920492207310105,SBER
3801,dwell,hl60,touch,13,0.032576675989269825,SBER
3801,dwell,hl60,dwell,6,,SBER
3801,dwell,hl60,volume,11,0.19013329193375927,SBER
3801,dwell,hl60,swing,13,0.40776895073051345,SBER
3801,volume,hl60,touch,18,0.18237089243958526,SBER
3801,volume,hl60,dwell,7,,SBER
3801,volume,hl60,volume,15,0.3172293329087864,SBER
3801,volume,hl60,swing,13,0.18419265319992154,SBER
3801,swing,hl60,touch,16,0.05036167497332592,SBER
3801,swing,hl60,dwell,13,0.11116286621614088,SBER
3801,swing,hl60,volume,13,0.21845839787348198,SBER
3801,swing,hl60,swing,12,0.35211418420678775,SBER
3861,touch,none,touch,15,-0.5017113726339074,SBER
3861,touch,none,dwell,11,-0.06694200977123081,SBER
3861,touch,none,volume,15,-0.4105251480134683,SBER
3861,touch,none,swing,18,0.019312925781233906,SBER
3861,dwell,none,touch,3,,SBER
3861,dwell,none,dwell,2,,SBER
3861,dwell,none,volume,2,,SBER
3861,dwell,none,swing,7,,SBER
3861,volume,none,touch,9,0.000936602735444712,SBER
3861,volume,none,dwell,5,,SBER
3861,volume,none,volume,8,0.6893053874945253,SBER
3861,volume,none,swing,7,,SBER
3861,swing,none,touch,9,-0.09351438002390358,SBER
3861,swing,none,dwell,6,,SBER
3861,swing,none,volume,6,,SBER
3861,swing,none,swing,5,,SBER
3861,touch,hl60,touch,15,-0.4818652005631076,SBER
3861,touch,hl60,dwell,11,0.013378404197350445,SBER
3861,touch,hl60,volume,15,-0.3183915318226899,SBER
3861,touch,hl60,swing,18,-0.11428290447892814,SBER
3861,dwell,hl60,touch,3,,SBER
3861,dwell,hl60,dwell,2,,SBER
3861,dwell,hl60,volume,2,,SBER
3861,dwell,hl60,swing,7,,SBER
3861,volume,hl60,touch,9,-0.4274241587707727,SBER
3861,volume,hl60,dwell,5,,SBER
3861,volume,hl60,volume,8,0.0013480180820510208,SBER
3861,volume,hl60,swing,7,,SBER
3861,swing,hl60,touch,9,-0.26219488284060105,SBER
3861,swing,hl60,dwell,6,,SBER
3861,swing,hl60,volume,6,,SBER
3861,swing,hl60,swing,5,,SBER
3921,touch,none,touch,1,,SBER
3921,touch,none,dwell,0,,SBER
3921,touch,none,volume,1,,SBER
3921,touch,none,swing,3,,SBER
3921,dwell,none,touch,0,,SBER
3921,dwell,none,dwell,0,,SBER
3921,dwell,none,volume,0,,SBER
3921,dwell,none,swing,2,,SBER
3921,volume,none,touch,2,,SBER
3921,volume,none,dwell,1,,SBER
3921,volume,none,volume,2,,SBER
3921,volume,none,swing,2,,SBER
3921,swing,none,touch,1,,SBER
3921,swing,none,dwell,1,,SBER
3921,swing,none,volume,1,,SBER
3921,swing,none,swing,1,,SBER
3921,touch,hl60,touch,1,,SBER
3921,touch,hl60,dwell,0,,SBER
3921,touch,hl60,volume,1,,SBER
3921,touch,hl60,swing,3,,SBER
3921,dwell,hl60,touch,0,,SBER
3921,dwell,hl60,dwell,0,,SBER
3921,dwell,hl60,volume,0,,SBER
3921,dwell,hl60,swing,2,,SBER
3921,volume,hl60,touch,2,,SBER
3921,volume,hl60,dwell,1,,SBER
3921,volume,hl60,volume,2,,SBER
3921,volume,hl60,swing,2,,SBER
3921,swing,hl60,touch,1,,SBER
3921,swing,hl60,dwell,1,,SBER
3921,swing,hl60,volume,1,,SBER
3921,swing,hl60,swing,1,,SBER
3981,touch,none,touch,3,,SBER
3981,touch,none,dwell,3,,SBER
3981,touch,none,volume,3,,SBER
3981,touch,none,swing,4,,SBER
3981,dwell,none,touch,2,,SBER
3981,dwell,none,dwell,2,,SBER
3981,dwell,none,volume,2,,SBER
3981,dwell,none,swing,3,,SBER
3981,volume,none,touch,3,,SBER
3981,volume,none,dwell,3,,SBER
3981,volume,none,volume,3,,SBER
3981,volume,none,swing,3,,SBER
3981,swing,none,touch,4,,SBER
3981,swing,none,dwell,3,,SBER
3981,swing,none,volume,3,,SBER
3981,swing,none,swing,3,,SBER
3981,touch,hl60,touch,3,,SBER
3981,touch,hl60,dwell,3,,SBER
3981,touch,hl60,volume,3,,SBER
3981,touch,hl60,swing,4,,SBER
3981,dwell,hl60,touch,2,,SBER
3981,dwell,hl60,dwell,2,,SBER
3981,dwell,hl60,volume,2,,SBER
3981,dwell,hl60,swing,3,,SBER
3981,volume,hl60,touch,3,,SBER
3981,volume,hl60,dwell,3,,SBER
3981,volume,hl60,volume,3,,SBER
3981,volume,hl60,swing,3,,SBER
3981,swing,hl60,touch,4,,SBER
3981,swing,hl60,dwell,3,,SBER
3981,swing,hl60,volume,3,,SBER
3981,swing,hl60,swing,3,,SBER
4041,touch,none,touch,5,,SBER
4041,touch,none,dwell,4,,SBER
4041,touch,none,volume,5,,SBER
4041,touch,none,swing,6,,SBER
4041,dwell,none,touch,5,,SBER
4041,dwell,none,dwell,4,,SBER
4041,dwell,none,volume,5,,SBER
4041,dwell,none,swing,5,,SBER
4041,volume,none,touch,5,,SBER
4041,volume,none,dwell,4,,SBER
4041,volume,none,volume,5,,SBER
4041,volume,none,swing,5,,SBER
4041,swing,none,touch,5,,SBER
4041,swing,none,dwell,5,,SBER
4041,swing,none,volume,5,,SBER
4041,swing,none,swing,5,,SBER
4041,touch,hl60,touch,5,,SBER
4041,touch,hl60,dwell,4,,SBER
4041,touch,hl60,volume,5,,SBER
4041,touch,hl60,swing,6,,SBER
4041,dwell,hl60,touch,5,,SBER
4041,dwell,hl60,dwell,4,,SBER
4041,dwell,hl60,volume,5,,SBER
4041,dwell,hl60,swing,5,,SBER
4041,volume,hl60,touch,5,,SBER
4041,volume,hl60,dwell,4,,SBER
4041,volume,hl60,volume,5,,SBER
4041,volume,hl60,swing,5,,SBER
4041,swing,hl60,touch,5,,SBER
4041,swing,hl60,dwell,5,,SBER
4041,swing,hl60,volume,5,,SBER
4041,swing,hl60,swing,5,,SBER
4101,touch,none,touch,7,,SBER
4101,touch,none,dwell,5,,SBER
4101,touch,none,volume,7,,SBER
4101,touch,none,swing,7,,SBER
4101,dwell,none,touch,7,,SBER
4101,dwell,none,dwell,5,,SBER
4101,dwell,none,volume,7,,SBER
4101,dwell,none,swing,7,,SBER
4101,volume,none,touch,7,,SBER
4101,volume,none,dwell,5,,SBER
4101,volume,none,volume,7,,SBER
4101,volume,none,swing,7,,SBER
4101,swing,none,touch,7,,SBER
4101,swing,none,dwell,7,,SBER
4101,swing,none,volume,7,,SBER
4101,swing,none,swing,7,,SBER
4101,touch,hl60,touch,7,,SBER
4101,touch,hl60,dwell,5,,SBER
4101,touch,hl60,volume,7,,SBER
4101,touch,hl60,swing,7,,SBER
4101,dwell,hl60,touch,7,,SBER
4101,dwell,hl60,dwell,5,,SBER
4101,dwell,hl60,volume,7,,SBER
4101,dwell,hl60,swing,7,,SBER
4101,volume,hl60,touch,7,,SBER
4101,volume,hl60,dwell,5,,SBER
4101,volume,hl60,volume,7,,SBER
4101,volume,hl60,swing,7,,SBER
4101,swing,hl60,touch,7,,SBER
4101,swing,hl60,dwell,7,,SBER
4101,swing,hl60,volume,7,,SBER
4101,swing,hl60,swing,7,,SBER
4161,touch,none,touch,4,,SBER
4161,touch,none,dwell,3,,SBER
4161,touch,none,volume,3,,SBER
4161,touch,none,swing,3,,SBER
4161,dwell,none,touch,4,,SBER
4161,dwell,none,dwell,3,,SBER
4161,dwell,none,volume,3,,SBER
4161,dwell,none,swing,3,,SBER
4161,volume,none,touch,4,,SBER
4161,volume,none,dwell,3,,SBER
4161,volume,none,volume,3,,SBER
4161,volume,none,swing,3,,SBER
4161,swing,none,touch,5,,SBER
4161,swing,none,dwell,3,,SBER
4161,swing,none,volume,3,,SBER
4161,swing,none,swing,3,,SBER
4161,touch,hl60,touch,4,,SBER
4161,touch,hl60,dwell,3,,SBER
4161,touch,hl60,volume,3,,SBER
4161,touch,hl60,swing,3,,SBER
4161,dwell,hl60,touch,4,,SBER
4161,dwell,hl60,dwell,3,,SBER
4161,dwell,hl60,volume,3,,SBER
4161,dwell,hl60,swing,3,,SBER
4161,volume,hl60,touch,4,,SBER
4161,volume,hl60,dwell,3,,SBER
4161,volume,hl60,volume,3,,SBER
4161,volume,hl60,swing,3,,SBER
4161,swing,hl60,touch,5,,SBER
4161,swing,hl60,dwell,3,,SBER
4161,swing,hl60,volume,3,,SBER
4161,swing,hl60,swing,3,,SBER
4221,touch,none,touch,15,0.5080222483910442,SBER
4221,touch,none,dwell,11,0.26580569635288825,SBER
4221,touch,none,volume,13,0.40435796162408266,SBER
4221,touch,none,swing,13,0.25328437383167285,SBER
4221,dwell,none,touch,15,0.3562128634597172,SBER
4221,dwell,none,dwell,11,0.07386826206458688,SBER
4221,dwell,none,volume,13,0.21990795027533758,SBER
4221,dwell,none,swing,13,-0.009200630724855007,SBER
4221,volume,none,touch,15,0.5774467743946591,SBER
4221,volume,none,dwell,11,0.36522292986094906,SBER
4221,volume,none,volume,13,0.4957992235663457,SBER
4221,volume,none,swing,13,0.26725751376599194,SBER
4221,swing,none,touch,16,0.15108596687699494,SBER
4221,swing,none,dwell,13,-0.003221762509510266,SBER
4221,swing,none,volume,13,0.05370894506875153,SBER
4221,swing,none,swing,13,-0.15593657686896473,SBER
4221,touch,hl60,touch,15,-0.13247314524948003,SBER
4221,touch,hl60,dwell,11,-0.4084968991225962,SBER
4221,touch,hl60,volume,13,-0.26209590700015867,SBER
4221,touch,hl60,swing,13,0.024018486250853982,SBER
4221,dwell,hl60,touch,15,-0.2366538500505799,SBER
4221,dwell,hl60,dwell,11,-0.6212436618845133,SBER
4221,dwell,hl60,volume,13,-0.41967581804138016,SBER
4221,dwell,hl60,swing,13,-0.24380844048478692,SBER
4221,volume,hl60,touch,15,-0.04104953963179753,SBER
4221,volume,hl60,dwell,11,-0.38538641510548244,SBER
4221,volume,hl60,volume,13,-0.1252930286726422,SBER
4221,volume,hl60,swing,13,-0.015639158557402215,SBER
4221,swing,hl60,touch,16,-0.20073719550955077,SBER
4221,swing,hl60,dwell,13,-0.4495686803586166,SBER
4221,swing,hl60,volume,13,-0.5322743688698488,SBER
4221,swing,hl60,swing,13,-0.46261349574023974,SBER
4281,touch,none,touch,7,,SBER
4281,touch,none,dwell,7,,SBER
4281,touch,none,volume,7,,SBER
4281,touch,none,swing,7,,SBER
4281,dwell,none,touch,6,,SBER
4281,dwell,none,dwell,6,,SBER
4281,dwell,none,volume,6,,SBER
4281,dwell,none,swing,7,,SBER
4281,volume,none,touch,7,,SBER
4281,volume,none,dwell,7,,SBER
4281,volume,none,volume,7,,SBER
4281,volume,none,swing,7,,SBER
4281,swing,none,touch,8,-0.25654381368646856,SBER
4281,swing,none,dwell,7,,SBER
4281,swing,none,volume,7,,SBER
4281,swing,none,swing,7,,SBER
4281,touch,hl60,touch,7,,SBER
4281,touch,hl60,dwell,7,,SBER
4281,touch,hl60,volume,7,,SBER
4281,touch,hl60,swing,7,,SBER
4281,dwell,hl60,touch,6,,SBER
4281,dwell,hl60,dwell,6,,SBER
4281,dwell,hl60,volume,6,,SBER
4281,dwell,hl60,swing,7,,SBER
4281,volume,hl60,touch,7,,SBER
4281,volume,hl60,dwell,7,,SBER
4281,volume,hl60,volume,7,,SBER
4281,volume,hl60,swing,7,,SBER
4281,swing,hl60,touch,8,-0.5629316983232663,SBER
4281,swing,hl60,dwell,7,,SBER
4281,swing,hl60,volume,7,,SBER
4281,swing,hl60,swing,7,,SBER
4341,touch,none,touch,13,0.12101549569854736,SBER
4341,touch,none,dwell,8,0.01681551102002814,SBER
4341,touch,none,volume,13,0.24166924098890796,SBER
4341,touch,none,swing,12,0.30175308047108446,SBER
4341,dwell,none,touch,13,0.1817687187324446,SBER
4341,dwell,none,dwell,8,-0.06376374664784137,SBER
4341,dwell,none,volume,13,0.13019691058492133,SBER
4341,dwell,none,swing,11,0.28812081575139215,SBER
4341,volume,none,touch,13,-0.27069657222491217,SBER
4341,volume,none,dwell,8,0.062496847622968324,SBER
4341,volume,none,volume,13,0.006183368391107263,SBER
4341,volume,none,swing,11,0.21777319288418237,SBER
4341,swing,none,touch,17,0.3074517255458479,SBER
4341,swing,none,dwell,13,0.002225022201196857,SBER
4341,swing,none,volume,13,-0.042178530332196984,SBER
4341,swing,none,swing,11,0.0010367822559921346,SBER
4341,touch,hl60,touch,13,-0.4075246611160492,SBER
4341,touch,hl60,dwell,8,0.18076815419228678,SBER
4341,touch,hl60,volume,13,-0.053349803859436724,SBER
4341,touch,hl60,swing,12,-0.031360082356426074,SBER
4341,dwell,hl60,touch,13,-0.38501873939685916,SBER
4341,dwell,hl60,dwell,8,0.20779123694890897,SBER
4341,dwell,hl60,volume,13,-0.006766934083933407,SBER
4341,dwell,hl60,swing,11,0.002445694767287264,SBER
4341,volume,hl60,touch,13,-0.5128562241036781,SBER
4341,volume,hl60,dwell,8,0.05805974771280151,SBER
4341,volume,hl60,volume,13,-0.1287454290471907,SBER
4341,volume,hl60,swing,11,-0.1360623606503021,SBER
4341,swing,hl60,touch,17,-0.22997519898779117,SBER
4341,swing,hl60,dwell,13,-0.1363502559623726,SBER
4341,swing,hl60,volume,13,0.05265538565167485,SBER
4341,swing,hl60,swing,11,0.019494347486980788,SBER
4401,touch,none,touch,8,0.20713265710308834,SBER
4401,touch,none,dwell,7,,SBER
4401,touch,none,volume,8,0.43401913870834163,SBER
4401,touch,none,swing,8,0.3684146426892084,SBER
4401,dwell,none,touch,8,-0.06310746248237441,SBER
4401,dwell,none,dwell,7,,SBER
4401,dwell,none,volume,8,0.15675440641806873,SBER
4401,dwell,none,swing,8,0.12274898187011606,SBER
4401,volume,none,touch,8,-0.2074601925677968,SBER
4401,volume,none,dwell,7,,SBER
4401,volume,none,volume,8,0.04492631407844731,SBER
4401,volume,none,swing,8,-0.035716633060513404,SBER
4401,swing,none,touch,10,0.41895294197308486,SBER
4401,swing,none,dwell,8,0.08286041136321642,SBER
4401,swing,none,volume,8,0.008784395840207793,SBER
4401,swing,none,swing,8,0.12245952077895206,SBER
4401,touch,hl60,touch,8,-0.484625941244628,SBER
4401,touch,hl60,dwell,7,,SBER
4401,touch,hl60,volume,8,-0.31708931593135026,SBER
4401,touch,hl60,swing,8,-0.41633762800754714,SBER
4401,dwell,hl60,touch,8,-0.47493525794720604,SBER
4401,dwell,hl60,dwell,7,,SBER
4401,dwell,hl60,volume,8,-0.328860823902152,SBER
4401,dwell,hl60,swing,8,-0.42095164921224276,SBER
4401,volume,hl60,touch,8,-0.2270031500521214,SBER
4401,volume,hl60,dwell,7,,SBER
4401,volume,hl60,volume,8,-0.07510667316412253,SBER
4401,volume,hl60,swing,8,-0.17982695787564204,SBER
4401,swing,hl60,touch,10,-0.3068781711411513,SBER
4401,swing,hl60,dwell,8,-0.3849808973849373,SBER
4401,swing,hl60,volume,8,-0.28677717672416236,SBER
4401,swing,hl60,swing,8,-0.38008504970977147,SBER
4461,touch,none,touch,6,,SBER
4461,touch,none,dwell,4,,SBER
4461,touch,none,volume,7,,SBER
4461,touch,none,swing,6,,SBER
4461,dwell,none,touch,6,,SBER
4461,dwell,none,dwell,4,,SBER
4461,dwell,none,volume,7,,SBER
4461,dwell,none,swing,6,,SBER
4461,volume,none,touch,6,,SBER
4461,volume,none,dwell,4,,SBER
4461,volume,none,volume,7,,SBER
4461,volume,none,swing,6,,SBER
4461,swing,none,touch,7,,SBER
4461,swing,none,dwell,7,,SBER
4461,swing,none,volume,7,,SBER
4461,swing,none,swing,6,,SBER
4461,touch,hl60,touch,6,,SBER
4461,touch,hl60,dwell,4,,SBER
4461,touch,hl60,volume,7,,SBER
4461,touch,hl60,swing,6,,SBER
4461,dwell,hl60,touch,6,,SBER
4461,dwell,hl60,dwell,4,,SBER
4461,dwell,hl60,volume,7,,SBER
4461,dwell,hl60,swing,6,,SBER
4461,volume,hl60,touch,6,,SBER
4461,volume,hl60,dwell,4,,SBER
4461,volume,hl60,volume,7,,SBER
4461,volume,hl60,swing,6,,SBER
4461,swing,hl60,touch,7,,SBER
4461,swing,hl60,dwell,7,,SBER
4461,swing,hl60,volume,7,,SBER
4461,swing,hl60,swing,6,,SBER
4521,touch,none,touch,8,0.8497035773158957,SBER
4521,touch,none,dwell,7,,SBER
4521,touch,none,volume,8,0.7888728458154605,SBER
4521,touch,none,swing,8,0.8363236846916661,SBER
4521,dwell,none,touch,8,0.8799039694906571,SBER
4521,dwell,none,dwell,7,,SBER
4521,dwell,none,volume,8,0.8339702993107212,SBER
4521,dwell,none,swing,7,,SBER
4521,volume,none,touch,8,0.9148830588193747,SBER
4521,volume,none,dwell,7,,SBER
4521,volume,none,volume,8,0.8920388864198567,SBER
4521,volume,none,swing,7,,SBER
4521,swing,none,touch,9,0.8694509038587728,SBER
4521,swing,none,dwell,8,0.8972775610711922,SBER
4521,swing,none,volume,8,0.8674111461903317,SBER
4521,swing,none,swing,7,,SBER
4521,touch,hl60,touch,8,0.8724885577360545,SBER
4521,touch,hl60,dwell,7,,SBER
4521,touch,hl60,volume,8,0.8197068733289898,SBER
4521,touch,hl60,swing,8,0.8779708626310416,SBER
4521,dwell,hl60,touch,8,0.9378599545069299,SBER
4521,dwell,hl60,dwell,7,,SBER
4521,dwell,hl60,volume,8,0.9069490028618418,SBER
4521,dwell,hl60,swing,7,,SBER
4521,volume,hl60,touch,8,0.9700080970103184,SBER
4521,volume,hl60,dwell,7,,SBER
4521,volume,hl60,volume,8,0.9544630394079139,SBER
4521,volume,hl60,swing,7,,SBER
4521,swing,hl60,touch,9,0.9072649580045737,SBER
4521,swing,hl60,dwell,8,0.9443422561513184,SBER
4521,swing,hl60,volume,8,0.9203018609438662,SBER
4521,swing,hl60,swing,7,,SBER
4581,touch,none,touch,6,,SBER
4581,touch,none,dwell,6,,SBER
4581,touch,none,volume,6,,SBER
4581,touch,none,swing,6,,SBER
4581,dwell,none,touch,6,,SBER
4581,dwell,none,dwell,6,,SBER
4581,dwell,none,volume,6,,SBER
4581,dwell,none,swing,6,,SBER
4581,volume,none,touch,6,,SBER
4581,volume,none,dwell,6,,SBER
4581,volume,none,volume,6,,SBER
4581,volume,none,swing,6,,SBER
4581,swing,none,touch,8,-0.1915934698539994,SBER
4581,swing,none,dwell,6,,SBER
4581,swing,none,volume,6,,SBER
4581,swing,none,swing,6,,SBER
4581,touch,hl60,touch,6,,SBER
4581,touch,hl60,dwell,6,,SBER
4581,touch,hl60,volume,6,,SBER
4581,touch,hl60,swing,6,,SBER
4581,dwell,hl60,touch,6,,SBER
4581,dwell,hl60,dwell,6,,SBER
4581,dwell,hl60,volume,6,,SBER
4581,dwell,hl60,swing,6,,SBER
4581,volume,hl60,touch,6,,SBER
4581,volume,hl60,dwell,6,,SBER
4581,volume,hl60,volume,6,,SBER
4581,volume,hl60,swing,6,,SBER
4581,swing,hl60,touch,8,-0.15437286755006221,SBER
4581,swing,hl60,dwell,6,,SBER
4581,swing,hl60,volume,6,,SBER
4581,swing,hl60,swing,6,,SBER
4641,touch,none,touch,5,,SBER
4641,touch,none,dwell,4,,SBER
4641,touch,none,volume,5,,SBER
4641,touch,none,swing,5,,SBER
4641,dwell,none,touch,5,,SBER
4641,dwell,none,dwell,4,,SBER
4641,dwell,none,volume,5,,SBER
4641,dwell,none,swing,5,,SBER
4641,volume,none,touch,5,,SBER
4641,volume,none,dwell,4,,SBER
4641,volume,none,volume,5,,SBER
4641,volume,none,swing,5,,SBER
4641,swing,none,touch,5,,SBER
4641,swing,none,dwell,5,,SBER
4641,swing,none,volume,5,,SBER
4641,swing,none,swing,5,,SBER
4641,touch,hl60,touch,5,,SBER
4641,touch,hl60,dwell,4,,SBER
4641,touch,hl60,volume,5,,SBER
4641,touch,hl60,swing,5,,SBER
4641,dwell,hl60,touch,5,,SBER
4641,dwell,hl60,dwell,4,,SBER
4641,dwell,hl60,volume,5,,SBER
4641,dwell,hl60,swing,5,,SBER
4641,volume,hl60,touch,5,,SBER
4641,volume,hl60,dwell,4,,SBER
4641,volume,hl60,volume,5,,SBER
4641,volume,hl60,swing,5,,SBER
4641,swing,hl60,touch,5,,SBER
4641,swing,hl60,dwell,5,,SBER
4641,swing,hl60,volume,5,,SBER
4641,swing,hl60,swing,5,,SBER
4701,touch,none,touch,5,,SBER
4701,touch,none,dwell,5,,SBER
4701,touch,none,volume,5,,SBER
4701,touch,none,swing,6,,SBER
4701,dwell,none,touch,4,,SBER
4701,dwell,none,dwell,4,,SBER
4701,dwell,none,volume,4,,SBER
4701,dwell,none,swing,6,,SBER
4701,volume,none,touch,6,,SBER
4701,volume,none,dwell,5,,SBER
4701,volume,none,volume,6,,SBER
4701,volume,none,swing,6,,SBER
4701,swing,none,touch,5,,SBER
4701,swing,none,dwell,5,,SBER
4701,swing,none,volume,5,,SBER
4701,swing,none,swing,5,,SBER
4701,touch,hl60,touch,5,,SBER
4701,touch,hl60,dwell,5,,SBER
4701,touch,hl60,volume,5,,SBER
4701,touch,hl60,swing,6,,SBER
4701,dwell,hl60,touch,4,,SBER
4701,dwell,hl60,dwell,4,,SBER
4701,dwell,hl60,volume,4,,SBER
4701,dwell,hl60,swing,6,,SBER
4701,volume,hl60,touch,6,,SBER
4701,volume,hl60,dwell,5,,SBER
4701,volume,hl60,volume,6,,SBER
4701,volume,hl60,swing,6,,SBER
4701,swing,hl60,touch,5,,SBER
4701,swing,hl60,dwell,5,,SBER
4701,swing,hl60,volume,5,,SBER
4701,swing,hl60,swing,5,,SBER
4761,touch,none,touch,6,,SBER
4761,touch,none,dwell,5,,SBER
4761,touch,none,volume,6,,SBER
4761,touch,none,swing,7,,SBER
4761,dwell,none,touch,5,,SBER
4761,dwell,none,dwell,4,,SBER
4761,dwell,none,volume,5,,SBER
4761,dwell,none,swing,7,,SBER
4761,volume,none,touch,7,,SBER
4761,volume,none,dwell,5,,SBER
4761,volume,none,volume,7,,SBER
4761,volume,none,swing,7,,SBER
4761,swing,none,touch,7,,SBER
4761,swing,none,dwell,7,,SBER
4761,swing,none,volume,7,,SBER
4761,swing,none,swing,7,,SBER
4761,touch,hl60,touch,6,,SBER
4761,touch,hl60,dwell,5,,SBER
4761,touch,hl60,volume,6,,SBER
4761,touch,hl60,swing,7,,SBER
4761,dwell,hl60,touch,5,,SBER
4761,dwell,hl60,dwell,4,,SBER
4761,dwell,hl60,volume,5,,SBER
4761,dwell,hl60,swing,7,,SBER
4761,volume,hl60,touch,7,,SBER
4761,volume,hl60,dwell,5,,SBER
4761,volume,hl60,volume,7,,SBER
4761,volume,hl60,swing,7,,SBER
4761,swing,hl60,touch,7,,SBER
4761,swing,hl60,dwell,7,,SBER
4761,swing,hl60,volume,7,,SBER
4761,swing,hl60,swing,7,,SBER
2945,touch,none,touch,10,-0.3026600071221993,VTBR
2945,touch,none,dwell,9,-0.5278017377428621,VTBR
2945,touch,none,volume,9,-0.7071818802111389,VTBR
2945,touch,none,swing,7,,VTBR
2945,dwell,none,touch,9,-0.6946982280400942,VTBR
2945,dwell,none,dwell,9,-0.6183220418561998,VTBR
2945,dwell,none,volume,9,-0.792602709152852,VTBR
2945,dwell,none,swing,7,,VTBR
2945,volume,none,touch,10,-0.4240330977216149,VTBR
2945,volume,none,dwell,9,-0.5465596558503852,VTBR
2945,volume,none,volume,9,-0.7448437647869156,VTBR
2945,volume,none,swing,7,,VTBR
2945,swing,none,touch,9,-0.27289151197219147,VTBR
2945,swing,none,dwell,9,-0.18275652986964536,VTBR
2945,swing,none,volume,9,-0.3983996648312864,VTBR
2945,swing,none,swing,7,,VTBR
2945,touch,hl60,touch,10,-0.46952856911433294,VTBR
2945,touch,hl60,dwell,9,-0.6462092339424629,VTBR
2945,touch,hl60,volume,9,-0.8203693863141167,VTBR
2945,touch,hl60,swing,7,,VTBR
2945,dwell,hl60,touch,9,-0.7365746135900245,VTBR
2945,dwell,hl60,dwell,9,-0.6918072138037271,VTBR
2945,dwell,hl60,volume,9,-0.8714425994223512,VTBR
2945,dwell,hl60,swing,7,,VTBR
2945,volume,hl60,touch,10,-0.42392363534732636,VTBR
2945,volume,hl60,dwell,9,-0.5669363829970606,VTBR
2945,volume,hl60,volume,9,-0.747595312631488,VTBR
2945,volume,hl60,swing,7,,VTBR
2945,swing,hl60,touch,9,-0.4736438910730956,VTBR
2945,swing,hl60,dwell,9,-0.41607351715602875,VTBR
2945,swing,hl60,volume,9,-0.626280293522324,VTBR
2945,swing,hl60,swing,7,,VTBR
3005,touch,none,touch,5,,VTBR
3005,touch,none,dwell,5,,VTBR
3005,touch,none,volume,5,,VTBR
3005,touch,none,swing,6,,VTBR
3005,dwell,none,touch,5,,VTBR
3005,dwell,none,dwell,5,,VTBR
3005,dwell,none,volume,5,,VTBR
3005,dwell,none,swing,5,,VTBR
3005,volume,none,touch,5,,VTBR
3005,volume,none,dwell,5,,VTBR
3005,volume,none,volume,5,,VTBR
3005,volume,none,swing,5,,VTBR
3005,swing,none,touch,5,,VTBR
3005,swing,none,dwell,4,,VTBR
3005,swing,none,volume,4,,VTBR
3005,swing,none,swing,4,,VTBR
3005,touch,hl60,touch,5,,VTBR
3005,touch,hl60,dwell,5,,VTBR
3005,touch,hl60,volume,5,,VTBR
3005,touch,hl60,swing,6,,VTBR
3005,dwell,hl60,touch,5,,VTBR
3005,dwell,hl60,dwell,5,,VTBR
3005,dwell,hl60,volume,5,,VTBR
3005,dwell,hl60,swing,5,,VTBR
3005,volume,hl60,touch,5,,VTBR
3005,volume,hl60,dwell,5,,VTBR
3005,volume,hl60,volume,5,,VTBR
3005,volume,hl60,swing,5,,VTBR
3005,swing,hl60,touch,5,,VTBR
3005,swing,hl60,dwell,4,,VTBR
3005,swing,hl60,volume,4,,VTBR
3005,swing,hl60,swing,4,,VTBR
3065,touch,none,touch,13,-0.5908302250735125,VTBR
3065,touch,none,dwell,9,-0.4481959018580883,VTBR
3065,touch,none,volume,12,-0.3827093859513397,VTBR
3065,touch,none,swing,11,-0.4918126382136989,VTBR
3065,dwell,none,touch,11,-0.4305627393900881,VTBR
3065,dwell,none,dwell,7,,VTBR
3065,dwell,none,volume,10,-0.1639624808223725,VTBR
3065,dwell,none,swing,8,-0.43437193044365585,VTBR
3065,volume,none,touch,11,-0.3951025432772668,VTBR
3065,volume,none,dwell,7,,VTBR
3065,volume,none,volume,10,0.07393241999727382,VTBR
3065,volume,none,swing,8,-0.09951387006799076,VTBR
3065,swing,none,touch,16,-0.22192591490259705,VTBR
3065,swing,none,dwell,9,-0.3493995599502642,VTBR
3065,swing,none,volume,9,-0.10090937353959245,VTBR
3065,swing,none,swing,7,,VTBR
3065,touch,hl60,touch,13,-0.31751994286567187,VTBR
3065,touch,hl60,dwell,9,0.09963472560773423,VTBR
3065,touch,hl60,volume,12,-0.16485602377537778,VTBR
3065,touch,hl60,swing,11,0.07935528325251066,VTBR
3065,dwell,hl60,touch,11,-0.13211566936651112,VTBR
3065,dwell,hl60,dwell,7,,VTBR
3065,dwell,hl60,volume,10,0.00692359344923786,VTBR
3065,dwell,hl60,swing,8,0.5569696835613503,VTBR
3065,volume,hl60,touch,11,0.08718833013195527,VTBR
3065,volume,hl60,dwell,7,,VTBR
3065,volume,hl60,volume,10,0.39112160336720836,VTBR
3065,volume,hl60,swing,8,0.6847433253245853,VTBR
3065,swing,hl60,touch,16,-0.1262090882707449,VTBR
3065,swing,hl60,dwell,9,0.09260307880296327,VTBR
3065,swing,hl60,volume,9,-0.170231958016256,VTBR
3065,swing,hl60,swing,7,,VTBR
3125,touch,none,touch,7,,VTBR
3125,touch,none,dwell,6,,VTBR
3125,touch,none,volume,8,0.1512615349409697,VTBR
3125,touch,none,swing,9,0.2397177182275449,VTBR
3125,dwell,none,touch,7,,VTBR
3125,dwell,none,dwell,6,,VTBR
3125,dwell,none,volume,8,0.20752038272090587,VTBR
3125,dwell,none,swing,7,,VTBR
3125,volume,none,touch,7,,VTBR
3125,volume,none,dwell,6,,VTBR
3125,volume,none,volume,8,-0.5817106372152533,VTBR
3125,volume,none,swing,7,,VTBR
3125,swing,none,touch,11,-0.13531693927707597,VTBR
3125,swing,none,dwell,8,0.26531822837897706,VTBR
3125,swing,none,volume,8,0.42187559147945775,VTBR
3125,swing,none,swing,7,,VTBR
3125,touch,hl60,touch,7,,VTBR
3125,touch,hl60,dwell,6,,VTBR
3125,touch,hl60,volume,8,-0.7136430888632527,VTBR
3125,touch,hl60,swing,9,-0.06486134103113492,VTBR
3125,dwell,hl60,touch,7,,VTBR
3125,dwell,hl60,dwell,6,,VTBR
3125,dwell,hl60,volume,8,-0.6686789380353005,VTBR
3125,dwell,hl60,swing,7,,VTBR
3125,volume,hl60,touch,7,,VTBR
3125,volume,hl60,dwell,6,,VTBR
3125,volume,hl60,volume,8,-0.944504083487231,VTBR
3125,volume,hl60,swing,7,,VTBR
3125,swing,hl60,touch,11,-0.48872331884873915,VTBR
3125,swing,hl60,dwell,8,-0.24928806911330872,VTBR
3125,swing,hl60,volume,8,-0.15884741064677574,VTBR
3125,swing,hl60,swing,7,,VTBR
3185,touch,none,touch,12,0.12742433671482684,VTBR
3185,touch,none,dwell,9,0.3166307153412289,VTBR
3185,touch,none,volume,13,0.006392585946717991,VTBR
3185,touch,none,swing,12,0.11203997995119548,VTBR
3185,dwell,none,touch,12,0.1719637043649296,VTBR
3185,dwell,none,dwell,9,0.10899690388695084,VTBR
3185,dwell,none,volume,13,0.13153776831343472,VTBR
3185,dwell,none,swing,12,-0.014489372521606562,VTBR
3185,volume,none,touch,12,0.13456586662394623,VTBR
3185,volume,none,dwell,9,0.05568645516227958,VTBR
3185,volume,none,volume,13,-0.32157234882259045,VTBR
3185,volume,none,swing,12,-0.3148024815043486,VTBR
3185,swing,none,touch,12,-0.007601477614547203,VTBR
3185,swing,none,dwell,11,0.21729697954083846,VTBR
3185,swing,none,volume,11,0.15348150306275893,VTBR
3185,swing,none,swing,10,0.10933615807800053,VTBR
3185,touch,hl60,touch,12,0.6871359157873229,VTBR
3185,touch,hl60,dwell,9,0.6629547783325705,VTBR
3185,touch,hl60,volume,13,0.24020763532782397,VTBR
3185,touch,hl60,swing,12,0.5487733614922891,VTBR
3185,dwell,hl60,touch,12,0.7199414019598271,VTBR
3185,dwell,hl60,dwell,9,0.5936323002968242,VTBR
3185,dwell,hl60,volume,13,0.3250007967822015,VTBR
3185,dwell,hl60,swing,12,0.47729261481244173,VTBR
3185,volume,hl60,touch,12,0.5011683920607772,VTBR
3185,volume,hl60,dwell,9,0.41893689508751186,VTBR
3185,volume,hl60,volume,13,0.0005736016516119326,VTBR
3185,volume,hl60,swing,12,0.16790216048430462,VTBR
3185,swing,hl60,touch,12,0.6279831519974067,VTBR
3185,swing,hl60,dwell,11,0.4969633873150432,VTBR
3185,swing,hl60,volume,11,0.2784649878329323,VTBR
3185,swing,hl60,swing,10,0.39763791436081264,VTBR
3245,touch,none,touch,12,0.6093475123074165,VTBR
3245,touch,none,dwell,11,0.4303988661306014,VTBR
3245,touch,none,volume,13,0.4752437590874791,VTBR
3245,touch,none,swing,12,0.1829888380213107,VTBR
3245,dwell,none,touch,11,0.618094001614747,VTBR
3245,dwell,none,dwell,10,0.48166408047529014,VTBR
3245,dwell,none,volume,12,0.6106258016783066,VTBR
3245,dwell,none,swing,12,0.28547909145911277,VTBR
3245,volume,none,touch,12,0.7390518883725371,VTBR
3245,volume,none,dwell,11,0.7057737559611958,VTBR
3245,volume,none,volume,13,0.7225626275562947,VTBR
3245,volume,none,swing,12,0.3807343189370259,VTBR
3245,swing,none,touch,15,0.5144764153701045,VTBR
3245,swing,none,dwell,13,0.5242307553058421,VTBR
3245,swing,none,volume,13,0.3823638060152139,VTBR
3245,swing,none,swing,12,0.15317594703883788,VTBR
3245,touch,hl60,touch,12,0.6074248300709718,VTBR
3245,touch,hl60,dwell,11,0.4622166644867078,VTBR
3245,touch,hl60,volume,13,0.6053053209494688,VTBR
3245,touch,hl60,swing,12,0.33681779327449246,VTBR
3245,dwell,hl60,touch,11,0.6024412817715158,VTBR
3245,dwell,hl60,dwell,10,0.5564122353026344,VTBR
3245,dwell,hl60,volume,12,0.7042205121811218,VTBR
3245,dwell,hl60,swing,12,0.41803301524831055,VTBR
3245,volume,hl60,touch,12,0.6716640682235573,VTBR
3245,volume,hl60,dwell,11,0.6639355112263429,VTBR
3245,volume,hl60,volume,13,0.8112627811801243,VTBR
3245,volume,hl60,swing,12,0.5751467911209285,VTBR
3245,swing,hl60,touch,15,0.6903273417588414,VTBR
3245,swing,hl60,dwell,13,0.6468830265785794,VTBR
3245,swing,hl60,volume,13,0.545638036000569,VTBR
3245,swing,hl60,swing,12,0.33635718493011146,VTBR
3305,touch,none,touch,12,0.27544087835308456,VTBR
3305,touch,none,dwell,7,,VTBR
3305,touch,none,volume,11,0.22978720684120424,VTBR
3305,touch,none,swing,9,0.31755080160555343,VTBR
3305,dwell,none,touch,9,0.1207045742388777,VTBR
3305,dwell,none,dwell,5,,VTBR
3305,dwell,none,volume,9,0.19830316716141763,VTBR
3305,dwell,none,swing,8,0.1887331963992801,VTBR
3305,volume,none,touch,11,0.38247397159815627,VTBR
3305,volume,none,dwell,6,,VTBR
3305,volume,none,volume,10,0.685426532169772,VTBR
3305,volume,none,swing,8,0.6950426416674862,VTBR
3305,swing,none,touch,12,0.07281857076957615,VTBR
3305,swing,none,dwell,10,0.35334364423368064,VTBR
3305,swing,none,volume,10,0.3327936838132655,VTBR
3305,swing,none,swing,8,0.2824507041042533,VTBR
3305,touch,hl60,touch,12,0.3718847182385577,VTBR
3305,touch,hl60,dwell,7,,VTBR
3305,touch,hl60,volume,11,0.6311384937561282,VTBR
3305,touch,hl60,swing,9,0.7698051610995038,VTBR
3305,dwell,hl60,touch,9,0.18659087240705716,VTBR
3305,dwell,hl60,dwell,5,,VTBR
3305,dwell,hl60,volume,9,0.8419561110308358,VTBR
3305,dwell,hl60,swing,8,0.8676731719231402,VTBR
3305,volume,hl60,touch,11,0.2983368637445993,VTBR
3305,volume,hl60,dwell,6,,VTBR
3305,volume,hl60,volume,10,0.8458424908810936,VTBR
3305,volume,hl60,swing,8,0.9096707706810098,VTBR
3305,swing,hl60,touch,12,0.3590864565688388,VTBR
3305,swing,hl60,dwell,10,0.8115316178233428,VTBR
3305,swing,hl60,volume,10,0.8238040654275247,VTBR
3305,swing,hl60,swing,8,0.8619623062763303,VTBR
3365,touch,none,touch,9,0.29532550628200105,VTBR
3365,touch,none,dwell,7,,VTBR
3365,touch,none,volume,9,-0.2397209156517201,VTBR
3365,touch,none,swing,10,0.7018155221587301,VTBR
3365,dwell,none,touch,6,,VTBR
3365,dwell,none,dwell,4,,VTBR
3365,dwell,none,volume,6,,VTBR
3365,dwell,none,swing,7,,VTBR
3365,volume,none,touch,8,0.1995396631514847,VTBR
3365,volume,none,dwell,6,,VTBR
3365,volume,none,volume,8,-0.37845933710256363,VTBR
3365,volume,none,swing,7,,VTBR
3365,swing,none,touch,8,0.2589093681423451,VTBR
3365,swing,none,dwell,7,,VTBR
3365,swing,none,volume,7,,VTBR
3365,swing,none,swing,6,,VTBR
3365,touch,hl60,touch,9,0.3035506566304827,VTBR
3365,touch,hl60,dwell,7,,VTBR
3365,touch,hl60,volume,9,-0.24599872682444773,VTBR
3365,touch,hl60,swing,10,0.7379801816893166,VTBR
3365,dwell,hl60,touch,6,,VTBR
3365,dwell,hl60,dwell,4,,VTBR
3365,dwell,hl60,volume,6,,VTBR
3365,dwell,hl60,swing,7,,VTBR
3365,volume,hl60,touch,8,0.23460171998811977,VTBR
3365,volume,hl60,dwell,6,,VTBR
3365,volume,hl60,volume,8,-0.34877023775972327,VTBR
3365,volume,hl60,swing,7,,VTBR
3365,swing,hl60,touch,8,0.24746835651293303,VTBR
3365,swing,hl60,dwell,7,,VTBR
3365,swing,hl60,volume,7,,VTBR
3365,swing,hl60,swing,6,,VTBR
3425,touch,none,touch,10,0.5266159446867753,VTBR
3425,touch,none,dwell,10,0.5039975736770943,VTBR
3425,touch,none,volume,10,0.3100029418735566,VTBR
3425,touch,none,swing,10,0.558058223993283,VTBR
3425,dwell,none,touch,4,,VTBR
3425,dwell,none,dwell,4,,VTBR
3425,dwell,none,volume,4,,VTBR
3425,dwell,none,swing,10,0.417228918023005,VTBR
3425,volume,none,touch,10,0.4308437216005027,VTBR
3425,volume,none,dwell,10,0.3694088040786657,VTBR
3425,volume,none,volume,10,0.16646061174597546,VTBR
3425,volume,none,swing,10,0.556617641166055,VTBR
3425,swing,none,touch,8,-0.30173752320089897,VTBR
3425,swing,none,dwell,6,,VTBR
3425,swing,none,volume,6,,VTBR
3425,swing,none,swing,6,,VTBR
3425,touch,hl60,touch,10,0.5672922611494337,VTBR
3425,touch,hl60,dwell,10,0.5466617003629818,VTBR
3425,touch,hl60,volume,10,0.3352344033467113,VTBR
3425,touch,hl60,swing,10,0.6093427733342498,VTBR
3425,dwell,hl60,touch,4,,VTBR
3425,dwell,hl60,dwell,4,,VTBR
3425,dwell,hl60,volume,4,,VTBR
3425,dwell,hl60,swing,10,0.4550423920191885,VTBR
3425,volume,hl60,touch,10,0.46111785246335724,VTBR
3425,volume,hl60,dwell,10,0.39176468241338214,VTBR
3425,volume,hl60,volume,10,0.18205975824458256,VTBR
3425,volume,hl60,swing,10,0.5783085929282253,VTBR
3425,swing,hl60,touch,8,-0.17596969271289703,VTBR
3425,swing,hl60,dwell,6,,VTBR
3425,swing,hl60,volume,6,,VTBR
3425,swing,hl60,swing,6,,VTBR
3485,touch,none,touch,13,-0.04224523985400046,VTBR
3485,touch,none,dwell,10,-0.3807476584545405,VTBR
3485,touch,none,volume,13,-0.11395163771583937,VTBR
3485,touch,none,swing,11,-0.1583904816496027,VTBR
3485,dwell,none,touch,8,0.1707080794385593,VTBR
3485,dwell,none,dwell,6,,VTBR
3485,dwell,none,volume,9,0.17693743016568025,VTBR
3485,dwell,none,swing,11,-0.23015388694377914,VTBR
3485,volume,none,touch,13,-0.09725748659507714,VTBR
3485,volume,none,dwell,10,-0.40870319953368034,VTBR
3485,volume,none,volume,13,-0.3185258331011084,VTBR
3485,volume,none,swing,11,-0.2300510433277733,VTBR
3485,swing,none,touch,13,0.2666362614043961,VTBR
3485,swing,none,dwell,11,0.09625929878166889,VTBR
3485,swing,none,volume,11,0.006811309727925346,VTBR
3485,swing,none,swing,9,-0.036804845100737796,VTBR
3485,touch,hl60,touch,13,-0.04243016739264595,VTBR
3485,touch,hl60,dwell,10,-0.42198986389059634,VTBR
3485,touch,hl60,volume,13,-0.11615920307126276,VTBR
3485,touch,hl60,swing,11,-0.19661308564522864,VTBR
3485,dwell,hl60,touch,8,0.1540256270453439,VTBR
3485,dwell,hl60,dwell,6,,VTBR
3485,dwell,hl60,volume,9,0.17451524543935923,VTBR
3485,dwell,hl60,swing,11,-0.23448408195877,VTBR
3485,volume,hl60,touch,13,-0.09519642735145015,VTBR
3485,volume,hl60,dwell,10,-0.43949981009286204,VTBR
3485,volume,hl60,volume,13,-0.26505244841428544,VTBR
3485,volume,hl60,swing,11,-0.23020738187459744,VTBR
3485,swing,hl60,touch,13,0.3423006775994767,VTBR
3485,swing,hl60,dwell,11,0.12984832319069847,VTBR
3485,swing,hl60,volume,11,0.03815796555283551,VTBR
3485,swing,hl60,swing,9,-0.02916253031263333,VTBR
3545,touch,none,touch,17,0.010192341507082441,VTBR
3545,touch,none,dwell,13,0.13384726203327216,VTBR
3545,touch,none,volume,17,-0.18679756040578202,VTBR
3545,touch,none,swing,15,0.19816436016601577,VTBR
3545,dwell,none,touch,14,0.1479566318484058,VTBR
3545,dwell,none,dwell,10,-0.12047162667624778,VTBR
3545,dwell,none,volume,13,-0.07200443605794013,VTBR
3545,dwell,none,swing,13,0.07401956568297395,VTBR
3545,volume,none,touch,15,0.32315501885197817,VTBR
3545,volume,none,dwell,11,-0.019546813187532257,VTBR
3545,volume,none,volume,15,0.003226402600317232,VTBR
3545,volume,none,swing,13,0.12330035383803921,VTBR
3545,swing,none,touch,21,-0.15069806280749762,VTBR
3545,swing,none,dwell,14,0.17380439178754123,VTBR
3545,swing,none,volume,14,-0.2096463494847389,VTBR
3545,swing,none,swing,13,0.023592535771038762,VTBR
3545,touch,hl60,touch,17,0.0626026498407208,VTBR
3545,touch,hl60,dwell,13,-0.07037060773284542,VTBR
3545,touch,hl60,volume,17,-0.24447049787373407,VTBR
3545,touch,hl60,swing,15,0.07423998086812332,VTBR
3545,dwell,hl60,touch,14,0.17439908428548728,VTBR
3545,dwell,hl60,dwell,10,-0.32298288010406667,VTBR
3545,dwell,hl60,volume,13,-0.15991485931068405,VTBR
3545,dwell,hl60,swing,13,-0.03303411251160664,VTBR
3545,volume,hl60,touch,15,0.20354344742549818,VTBR
3545,volume,hl60,dwell,11,-0.24597160064619517,VTBR
3545,volume,hl60,volume,15,-0.16336933243426924,VTBR
3545,volume,hl60,swing,13,-0.01670975529583253,VTBR
3545,swing,hl60,touch,21,0.15150702695356644,VTBR
3545,swing,hl60,dwell,14,0.05598201759659723,VTBR
3545,swing,hl60,volume,14,-0.3250909859868175,VTBR
3545,swing,hl60,swing,13,-0.0664120498559782,VTBR
3605,touch,none,touch,8,-0.3150794429298056,VTBR
3605,touch,none,dwell,2,,VTBR
3605,touch,none,volume,6,,VTBR
3605,touch,none,swing,4,,VTBR
3605,dwell,none,touch,4,,VTBR
3605,dwell,none,dwell,1,,VTBR
3605,dwell,none,volume,2,,VTBR
3605,dwell,none,swing,4,,VTBR
3605,volume,none,touch,7,,VTBR
3605,volume,none,dwell,2,,VTBR
3605,volume,none,volume,5,,VTBR
3605,volume,none,swing,4,,VTBR
3605,swing,none,touch,8,-0.5602728190131472,VTBR
3605,swing,none,dwell,4,,VTBR
3605,swing,none,volume,4,,VTBR
3605,swing,none,swing,3,,VTBR
3605,touch,hl60,touch,8,0.3506265655781621,VTBR
3605,touch,hl60,dwell,2,,VTBR
3605,touch,hl60,volume,6,,VTBR
3605,touch,hl60,swing,4,,VTBR
3605,dwell,hl60,touch,4,,VTBR
3605,dwell,hl60,dwell,1,,VTBR
3605,dwell,hl60,volume,2,,VTBR
3605,dwell,hl60,swing,4,,VTBR
3605,volume,hl60,touch,7,,VTBR
3605,volume,hl60,dwell,2,,VTBR
3605,volume,hl60,volume,5,,VTBR
3605,volume,hl60,swing,4,,VTBR
3605,swing,hl60,touch,8,0.7803155463327274,VTBR
3605,swing,hl60,dwell,4,,VTBR
3605,swing,hl60,volume,4,,VTBR
3605,swing,hl60,swing,3,,VTBR
3665,touch,none,touch,11,0.07564886271237875,VTBR
3665,touch,none,dwell,8,0.004884607319881652,VTBR
3665,touch,none,volume,11,0.08567441511957458,VTBR
3665,touch,none,swing,12,0.01954835600708132,VTBR
3665,dwell,none,touch,5,,VTBR
3665,dwell,none,dwell,3,,VTBR
3665,dwell,none,volume,5,,VTBR
3665,dwell,none,swing,9,-0.12295237735976962,VTBR
3665,volume,none,touch,9,-0.3384301564233522,VTBR
3665,volume,none,dwell,7,,VTBR
3665,volume,none,volume,9,-0.3014922853325843,VTBR
3665,volume,none,swing,9,-0.4228752969461526,VTBR
3665,swing,none,touch,7,,VTBR
3665,swing,none,dwell,6,,VTBR
3665,swing,none,volume,6,,VTBR
3665,swing,none,swing,6,,VTBR
3665,touch,hl60,touch,11,0.08006881750598417,VTBR
3665,touch,hl60,dwell,8,0.025893751102324346,VTBR
3665,touch,hl60,volume,11,0.09632163112409053,VTBR
3665,touch,hl60,swing,12,0.022118208742924535,VTBR
3665,dwell,hl60,touch,5,,VTBR
3665,dwell,hl60,dwell,3,,VTBR
3665,dwell,hl60,volume,5,,VTBR
3665,dwell,hl60,swing,9,-0.06900620200754325,VTBR
3665,volume,hl60,touch,9,-0.3160061700975441,VTBR
3665,volume,hl60,dwell,7,,VTBR
3665,volume,hl60,volume,9,-0.2430483254113756,VTBR
3665,volume,hl60,swing,9,-0.40201381942939296,VTBR
3665,swing,hl60,touch,7,,VTBR
3665,swing,hl60,dwell,6,,VTBR
3665,swing,hl60,volume,6,,VTBR
3665,swing,hl60,swing,6,,VTBR
3725,touch,none,touch,12,-0.728631290477302,VTBR
3725,touch,none,dwell,8,-0.5293650317410984,VTBR
3725,touch,none,volume,11,-0.4146781563714711,VTBR
3725,touch,none,swing,11,-0.35618880070589676,VTBR
3725,dwell,none,touch,10,-0.5126397959809766,VTBR
3725,dwell,none,dwell,6,,VTBR
3725,dwell,none,volume,8,-0.4657406474379493,VTBR
3725,dwell,none,swing,8,-0.2951075441929007,VTBR
3725,volume,none,touch,11,-0.7195606787713554,VTBR
3725,volume,none,dwell,7,,VTBR
3725,volume,none,volume,9,-0.6486715175334161,VTBR
3725,volume,none,swing,8,-0.5529066036964996,VTBR
3725,swing,none,touch,11,-0.6143008335187083,VTBR
3725,swing,none,dwell,9,-0.47576775174149655,VTBR
3725,swing,none,volume,9,-0.5888784352910095,VTBR
3725,swing,none,swing,8,-0.569275042553311,VTBR
3725,touch,hl60,touch,12,-0.6497210361748387,VTBR
3725,touch,hl60,dwell,8,-0.4888170340273372,VTBR
3725,touch,hl60,volume,11,-0.39833705400557506,VTBR
3725,touch,hl60,swing,11,-0.3069462559456601,VTBR
3725,dwell,hl60,touch,10,-0.41233621846107893,VTBR
3725,dwell,hl60,dwell,6,,VTBR
3725,dwell,hl60,volume,8,-0.44269696274756676,VTBR
3725,dwell,hl60,swing,8,-0.24741447951487555,VTBR
3725,volume,hl60,touch,11,-0.7351138455719621,VTBR
3725,volume,hl60,dwell,7,,VTBR
3725,volume,hl60,volume,9,-0.6645608667578161,VTBR
3725,volume,hl60,swing,8,-0.5125942661443951,VTBR
3725,swing,hl60,touch,11,-0.547754445021196,VTBR
3725,swing,hl60,dwell,9,-0.40178070226564316,VTBR
3725,swing,hl60,volume,9,-0.5396445903728601,VTBR
3725,swing,hl60,swing,8,-0.3620049215749554,VTBR
3785,touch,none,touch,10,-0.6060964603815275,VTBR
3785,touch,none,dwell,7,,VTBR
3785,touch,none,volume,10,-0.055693109965994324,VTBR
3785,touch,none,swing,9,-0.40178434763467297,VTBR
3785,dwell,none,touch,10,-0.5799393330439512,VTBR
3785,dwell,none,dwell,7,,VTBR
3785,dwell,none,volume,10,-0.12702631789291782,VTBR
3785,dwell,none,swing,9,-0.33981469895799987,VTBR
3785,volume,none,touch,10,-0.6804464424323758,VTBR
3785,volume,none,dwell,7,,VTBR
3785,volume,none,volume,10,-0.2022000614219703,VTBR
3785,volume,none,swing,9,-0.6517359022695421,VTBR
3785,swing,none,touch,16,-0.20231352313555323,VTBR
3785,swing,none,dwell,10,-0.4205291980822559,VTBR
3785,swing,none,volume,10,-0.2622622852352273,VTBR
3785,swing,none,swing,9,-0.39399969847766375,VTBR
3785,touch,hl60,touch,10,-0.236983070621508,VTBR
3785,touch,hl60,dwell,7,,VTBR
3785,touch,hl60,volume,10,0.10130164114074461,VTBR
3785,touch,hl60,swing,9,-0.0383878097002782,VTBR
3785,dwell,hl60,touch,10,-0.24476139173221237,VTBR
3785,dwell,hl60,dwell,7,,VTBR
3785,dwell,hl60,volume,10,-0.047296639874298683,VTBR
3785,dwell,hl60,swing,9,-0.02393052148570692,VTBR
3785,volume,hl60,touch,10,-0.01886638860174901,VTBR
3785,volume,hl60,dwell,7,,VTBR
3785,volume,hl60,volume,10,-0.10903680438575847,VTBR
3785,volume,hl60,swing,9,-0.0034818388079558833,VTBR
3785,swing,hl60,touch,16,0.12746108691159055,VTBR
3785,swing,hl60,dwell,10,-0.03658995071851089,VTBR
3785,swing,hl60,volume,10,-0.15019041240831418,VTBR
3785,swing,hl60,swing,9,-0.058117010470267266,VTBR
3845,touch,none,touch,20,-0.24023887846389516,VTBR
3845,touch,none,dwell,15,-0.01414602949939576,VTBR
3845,touch,none,volume,20,-0.5008200831019556,VTBR
3845,touch,none,swing,20,0.11062492166327685,VTBR
3845,dwell,none,touch,12,0.48737649012108225,VTBR
3845,dwell,none,dwell,9,0.4470462325125357,VTBR
3845,dwell,none,volume,12,-0.0010954452293719013,VTBR
3845,dwell,none,swing,18,0.03743907625011153,VTBR
3845,volume,none,touch,18,-0.22285178609853082,VTBR
3845,volume,none,dwell,14,0.22518258147940415,VTBR
3845,volume,none,volume,18,-0.247800222506982,VTBR
3845,volume,none,swing,18,-0.04871866996169305,VTBR
3845,swing,none,touch,17,-0.03519199209661745,VTBR
3845,swing,none,dwell,16,0.2960517041542571,VTBR
3845,swing,none,volume,16,-0.45898217316353174,VTBR
3845,swing,none,swing,16,0.12691190957496992,VTBR
3845,touch,hl60,touch,20,-0.1161361716418243,VTBR
3845,touch,hl60,dwell,15,0.2524341146044439,VTBR
3845,touch,hl60,volume,20,-0.5234689421261186,VTBR
3845,touch,hl60,swing,20,0.07361364331293489,VTBR
3845,dwell,hl60,touch,12,0.44990423665202917,VTBR
3845,dwell,hl60,dwell,9,0.620905840981613,VTBR
3845,dwell,hl60,volume,12,-0.37048218471656924,VTBR
3845,dwell,hl60,swing,18,0.04898636211044214,VTBR
3845,volume,hl60,touch,18,-0.11893639236314751,VTBR
3845,volume,hl60,dwell,14,0.25817742023004514,VTBR
3845,volume,hl60,volume,18,-0.39393196417016196,VTBR
3845,volume,hl60,swing,18,-0.02755893935442878,VTBR
3845,swing,hl60,touch,17,0.08227107687700028,VTBR
3845,swing,hl60,dwell,16,0.39954257609323657,VTBR
3845,swing,hl60,volume,16,-0.46725873512502786,VTBR
3845,swing,hl60,swing,16,0.1313652796563156,VTBR
3905,touch,none,touch,6,,VTBR
3905,touch,none,dwell,4,,VTBR
3905,touch,none,volume,6,,VTBR
3905,touch,none,swing,6,,VTBR
3905,dwell,none,touch,0,,VTBR
3905,dwell,none,dwell,0,,VTBR
3905,dwell,none,volume,0,,VTBR
3905,dwell,none,swing,4,,VTBR
3905,volume,none,touch,4,,VTBR
3905,volume,none,dwell,2,,VTBR
3905,volume,none,volume,4,,VTBR
3905,volume,none,swing,4,,VTBR
3905,swing,none,touch,4,,VTBR
3905,swing,none,dwell,3,,VTBR
3905,swing,none,volume,3,,VTBR
3905,swing,none,swing,3,,VTBR
3905,touch,hl60,touch,6,,VTBR
3905,touch,hl60,dwell,4,,VTBR
3905,touch,hl60,volume,6,,VTBR
3905,touch,hl60,swing,6,,VTBR
3905,dwell,hl60,touch,0,,VTBR
3905,dwell,hl60,dwell,0,,VTBR
3905,dwell,hl60,volume,0,,VTBR
3905,dwell,hl60,swing,4,,VTBR
3905,volume,hl60,touch,4,,VTBR
3905,volume,hl60,dwell,2,,VTBR
3905,volume,hl60,volume,4,,VTBR
3905,volume,hl60,swing,4,,VTBR
3905,swing,hl60,touch,4,,VTBR
3905,swing,hl60,dwell,3,,VTBR
3905,swing,hl60,volume,3,,VTBR
3905,swing,hl60,swing,3,,VTBR
3965,touch,none,touch,6,,VTBR
3965,touch,none,dwell,3,,VTBR
3965,touch,none,volume,6,,VTBR
3965,touch,none,swing,7,,VTBR
3965,dwell,none,touch,4,,VTBR
3965,dwell,none,dwell,1,,VTBR
3965,dwell,none,volume,4,,VTBR
3965,dwell,none,swing,5,,VTBR
3965,volume,none,touch,6,,VTBR
3965,volume,none,dwell,3,,VTBR
3965,volume,none,volume,6,,VTBR
3965,volume,none,swing,5,,VTBR
3965,swing,none,touch,6,,VTBR
3965,swing,none,dwell,6,,VTBR
3965,swing,none,volume,6,,VTBR
3965,swing,none,swing,5,,VTBR
3965,touch,hl60,touch,6,,VTBR
3965,touch,hl60,dwell,3,,VTBR
3965,touch,hl60,volume,6,,VTBR
3965,touch,hl60,swing,7,,VTBR
3965,dwell,hl60,touch,4,,VTBR
3965,dwell,hl60,dwell,1,,VTBR
3965,dwell,hl60,volume,4,,VTBR
3965,dwell,hl60,swing,5,,VTBR
3965,volume,hl60,touch,6,,VTBR
3965,volume,hl60,dwell,3,,VTBR
3965,volume,hl60,volume,6,,VTBR
3965,volume,hl60,swing,5,,VTBR
3965,swing,hl60,touch,6,,VTBR
3965,swing,hl60,dwell,6,,VTBR
3965,swing,hl60,volume,6,,VTBR
3965,swing,hl60,swing,5,,VTBR
4025,touch,none,touch,10,-0.44596295451846724,VTBR
4025,touch,none,dwell,7,,VTBR
4025,touch,none,volume,11,-0.3045510118462744,VTBR
4025,touch,none,swing,9,-0.42072497574762013,VTBR
4025,dwell,none,touch,8,0.026075335945819813,VTBR
4025,dwell,none,dwell,5,,VTBR
4025,dwell,none,volume,9,0.26033776441852274,VTBR
4025,dwell,none,swing,8,0.3126422962468795,VTBR
4025,volume,none,touch,9,-0.17483258157599338,VTBR
4025,volume,none,dwell,6,,VTBR
4025,volume,none,volume,10,0.09645703077108972,VTBR
4025,volume,none,swing,8,-0.008673800628222475,VTBR
4025,swing,none,touch,10,-0.17238826063128054,VTBR
4025,swing,none,dwell,10,0.05762146383002747,VTBR
4025,swing,none,volume,10,0.07034538745468627,VTBR
4025,swing,none,swing,8,0.1680731613632036,VTBR
4025,touch,hl60,touch,10,-0.4094730365906906,VTBR
4025,touch,hl60,dwell,7,,VTBR
4025,touch,hl60,volume,11,-0.42457765779204193,VTBR
4025,touch,hl60,swing,9,-0.23249676188156015,VTBR
4025,dwell,hl60,touch,8,0.023347564963318263,VTBR
4025,dwell,hl60,dwell,5,,VTBR
4025,dwell,hl60,volume,9,0.01992414242417754,VTBR
4025,dwell,hl60,swing,8,0.45074494473025467,VTBR
4025,volume,hl60,touch,9,-0.2252847644207013,VTBR
4025,volume,hl60,dwell,6,,VTBR
4025,volume,hl60,volume,10,-0.11717535539756897,VTBR
4025,volume,hl60,swing,8,0.15983389034124704,VTBR
4025,swing,hl60,touch,10,-0.2505164816363911,VTBR
4025,swing,hl60,dwell,10,-0.09511479205844775,VTBR
4025,swing,hl60,volume,10,-0.16037260994661243,VTBR
4025,swing,hl60,swing,8,0.25648079009154623,VTBR
4085,touch,none,touch,13,0.4863862515390362,VTBR
4085,touch,none,dwell,8,0.4377581868782618,VTBR
4085,touch,none,volume,11,0.3098369418944314,VTBR
4085,touch,none,swing,10,0.39839473091007654,VTBR
4085,dwell,none,touch,11,0.36247208626940375,VTBR
4085,dwell,none,dwell,7,,VTBR
4085,dwell,none,volume,9,0.1697676363854735,VTBR
4085,dwell,none,swing,10,0.3968897608103967,VTBR
4085,volume,none,touch,13,0.3207548683011616,VTBR
4085,volume,none,dwell,8,0.3648088301556085,VTBR
4085,volume,none,volume,11,0.2829835985444184,VTBR
4085,volume,none,swing,10,0.3174436126416974,VTBR
4085,swing,none,touch,16,0.394892571667849,VTBR
4085,swing,none,dwell,11,0.4862567895157598,VTBR
4085,swing,none,volume,11,0.2850563548041497,VTBR
4085,swing,none,swing,10,0.3220878436596956,VTBR
4085,touch,hl60,touch,13,0.5562735973598265,VTBR
4085,touch,hl60,dwell,8,0.49485440086100063,VTBR
4085,touch,hl60,volume,11,0.46496527536202126,VTBR
4085,touch,hl60,swing,10,0.5512911793460642,VTBR
4085,dwell,hl60,touch,11,0.4091423300096641,VTBR
4085,dwell,hl60,dwell,7,,VTBR
4085,dwell,hl60,volume,9,0.240686667643609,VTBR
4085,dwell,hl60,swing,10,0.48796608197524954,VTBR
4085,volume,hl60,touch,13,0.37832099789463475,VTBR
4085,volume,hl60,dwell,8,0.46045851301896956,VTBR
4085,volume,hl60,volume,11,0.40804815096752006,VTBR
4085,volume,hl60,swing,10,0.4960497216649828,VTBR
4085,swing,hl60,touch,16,0.4650501873447374,VTBR
4085,swing,hl60,dwell,11,0.5393881798708434,VTBR
4085,swing,hl60,volume,11,0.3186333176154726,VTBR
4085,swing,hl60,swing,10,0.43462372678466443,VTBR
4145,touch,none,touch,12,-0.5142946842415249,VTBR
4145,touch,none,dwell,9,-0.5281609844008411,VTBR
4145,touch,none,volume,13,-0.3696625142973767,VTBR
4145,touch,none,swing,13,-0.41411158105629853,VTBR
4145,dwell,none,touch,9,-0.422492102328355,VTBR
4145,dwell,none,dwell,7,,VTBR
4145,dwell,none,volume,10,-0.4457391997339215,VTBR
4145,dwell,none,swing,11,-0.4094270563525545,VTBR
4145,volume,none,touch,11,-0.3739674785713713,VTBR
4145,volume,none,dwell,8,-0.6669063736690684,VTBR
4145,volume,none,volume,12,-0.4126478381058558,VTBR
4145,volume,none,swing,11,-0.3593128577071621,VTBR
4145,swing,none,touch,12,-0.4663433197772741,VTBR
4145,swing,none,dwell,12,-0.33962306984275314,VTBR
4145,swing,none,volume,12,-0.5233715879892809,VTBR
4145,swing,none,swing,11,-0.4902334870785574,VTBR
4145,touch,hl60,touch,12,-0.45287960077709505,VTBR
4145,touch,hl60,dwell,9,-0.4835739678080047,VTBR
4145,touch,hl60,volume,13,-0.32496129597492207,VTBR
4145,touch,hl60,swing,13,-0.37008973529883127,VTBR
4145,dwell,hl60,touch,9,-0.44679330301044506,VTBR
4145,dwell,hl60,dwell,7,,VTBR
4145,dwell,hl60,volume,10,-0.35205649552054913,VTBR
4145,dwell,hl60,swing,11,-0.41738087569269894,VTBR
4145,volume,hl60,touch,11,-0.4016783347755809,VTBR
4145,volume,hl60,dwell,8,-0.6019860534717295,VTBR
4145,volume,hl60,volume,12,-0.32571631220900893,VTBR
4145,volume,hl60,swing,11,-0.3788168290805553,VTBR
4145,swing,hl60,touch,12,-0.43266061775448605,VTBR
4145,swing,hl60,dwell,12,-0.2932596673268721,VTBR
4145,swing,hl60,volume,12,-0.4258605428727993,VTBR
4145,swing,hl60,swing,11,-0.47854006682252553,VTBR
4205,touch,none,touch,5,,VTBR
4205,touch,none,dwell,4,,VTBR
4205,touch,none,volume,5,,VTBR
4205,touch,none,swing,5,,VTBR
4205,dwell,none,touch,3,,VTBR
4205,dwell,none,dwell,2,,VTBR
4205,dwell,none,volume,3,,VTBR
4205,dwell,none,swing,4,,VTBR
4205,volume,none,touch,4,,VTBR
4205,volume,none,dwell,3,,VTBR
4205,volume,none,volume,4,,VTBR
4205,volume,none,swing,4,,VTBR
4205,swing,none,touch,4,,VTBR
4205,swing,none,dwell,4,,VTBR
4205,swing,none,volume,4,,VTBR
4205,swing,none,swing,4,,VTBR
4205,touch,hl60,touch,5,,VTBR
4205,touch,hl60,dwell,4,,VTBR
4205,touch,hl60,volume,5,,VTBR
4205,touch,hl60,swing,5,,VTBR
4205,dwell,hl60,touch,3,,VTBR
4205,dwell,hl60,dwell,2,,VTBR
4205,dwell,hl60,volume,3,,VTBR
4205,dwell,hl60,swing,4,,VTBR
4205,volume,hl60,touch,4,,VTBR
4205,volume,hl60,dwell,3,,VTBR
4205,volume,hl60,volume,4,,VTBR
4205,volume,hl60,swing,4,,VTBR
4205,swing,hl60,touch,4,,VTBR
4205,swing,hl60,dwell,4,,VTBR
4205,swing,hl60,volume,4,,VTBR
4205,swing,hl60,swing,4,,VTBR
4265,touch,none,touch,8,-0.7700062024483924,VTBR
4265,touch,none,dwell,5,,VTBR
4265,touch,none,volume,8,-0.03711218794875883,VTBR
4265,touch,none,swing,9,-0.5802817752539353,VTBR
4265,dwell,none,touch,7,,VTBR
4265,dwell,none,dwell,4,,VTBR
4265,dwell,none,volume,7,,VTBR
4265,dwell,none,swing,7,,VTBR
4265,volume,none,touch,7,,VTBR
4265,volume,none,dwell,4,,VTBR
4265,volume,none,volume,7,,VTBR
4265,volume,none,swing,7,,VTBR
4265,swing,none,touch,9,-0.4819794056445127,VTBR
4265,swing,none,dwell,7,,VTBR
4265,swing,none,volume,7,,VTBR
4265,swing,none,swing,7,,VTBR
4265,touch,hl60,touch,8,-0.6901479223173435,VTBR
4265,touch,hl60,dwell,5,,VTBR
4265,touch,hl60,volume,8,0.11533558458301517,VTBR
4265,touch,hl60,swing,9,-0.4531497922751697,VTBR
4265,dwell,hl60,touch,7,,VTBR
4265,dwell,hl60,dwell,4,,VTBR
4265,dwell,hl60,volume,7,,VTBR
4265,dwell,hl60,swing,7,,VTBR
4265,volume,hl60,touch,7,,VTBR
4265,volume,hl60,dwell,4,,VTBR
4265,volume,hl60,volume,7,,VTBR
4265,volume,hl60,swing,7,,VTBR
4265,swing,hl60,touch,9,-0.12689268970554254,VTBR
4265,swing,hl60,dwell,7,,VTBR
4265,swing,hl60,volume,7,,VTBR
4265,swing,hl60,swing,7,,VTBR
4325,touch,none,touch,21,-0.08965330530902572,VTBR
4325,touch,none,dwell,13,0.0038832392352559,VTBR
4325,touch,none,volume,19,0.4058457608356262,VTBR
4325,touch,none,swing,18,0.14113000457204175,VTBR
4325,dwell,none,touch,17,-0.20564819478207477,VTBR
4325,dwell,none,dwell,10,-0.3319383547305793,VTBR
4325,dwell,none,volume,15,0.18932823817177416,VTBR
4325,dwell,none,swing,18,0.08804204563847083,VTBR
4325,volume,none,touch,21,-0.38942855990813874,VTBR
4325,volume,none,dwell,13,-0.20183985636399554,VTBR
4325,volume,none,volume,19,0.36952398734291664,VTBR
4325,volume,none,swing,18,-0.11536606518658743,VTBR
4325,swing,none,touch,22,-0.2194067896505201,VTBR
4325,swing,none,dwell,16,-0.31795165831531746,VTBR
4325,swing,none,volume,16,-0.02206206113078863,VTBR
4325,swing,none,swing,16,-0.021312667130261802,VTBR
4325,touch,hl60,touch,21,-0.12141141061030586,VTBR
4325,touch,hl60,dwell,13,-0.044768627249066974,VTBR
4325,touch,hl60,volume,19,0.01649852160175083,VTBR
4325,touch,hl60,swing,18,0.03276483790423614,VTBR
4325,dwell,hl60,touch,17,-0.14523261579560365,VTBR
4325,dwell,hl60,dwell,10,-0.39897484060945,VTBR
4325,dwell,hl60,volume,15,-0.16160383328439018,VTBR
4325,dwell,hl60,swing,18,-0.020707909772992732,VTBR
4325,volume,hl60,touch,21,-0.3900446785630255,VTBR
4325,volume,hl60,dwell,13,-0.202579308698027,VTBR
4325,volume,hl60,volume,19,0.3654382075541526,VTBR
4325,volume,hl60,swing,18,-0.11351218729256723,VTBR
4325,swing,hl60,touch,22,-0.17840474694283803,VTBR
4325,swing,hl60,dwell,16,-0.4698358370485372,VTBR
4325,swing,hl60,volume,16,-0.45058195845629523,VTBR
4325,swing,hl60,swing,16,-0.2503209328014423,VTBR
4385,touch,none,touch,24,0.5441332994163005,VTBR
4385,touch,none,dwell,14,0.4560151959389859,VTBR
4385,touch,none,volume,23,0.41013733570705735,VTBR
4385,touch,none,swing,17,0.5038480623209189,VTBR
4385,dwell,none,touch,20,0.35797169944712703,VTBR
4385,dwell,none,dwell,12,0.270851142095498,VTBR
4385,dwell,none,volume,19,0.29853132393139015,VTBR
4385,dwell,none,swing,17,0.35389128316769813,VTBR
4385,volume,none,touch,24,0.22576414972505252,VTBR
4385,volume,none,dwell,14,0.238607514028072,VTBR
4385,volume,none,volume,23,0.3743217197430628,VTBR
4385,volume,none,swing,17,0.22307149908847446,VTBR
4385,swing,none,touch,23,0.4458584279107098,VTBR
4385,swing,none,dwell,21,0.3055984443707019,VTBR
4385,swing,none,volume,21,0.35279852136606366,VTBR
4385,swing,none,swing,16,0.503943955093639,VTBR
4385,touch,hl60,touch,24,0.08348324736637101,VTBR
4385,touch,hl60,dwell,14,-0.11092581917951196,VTBR
4385,touch,hl60,volume,23,-0.0996618779102874,VTBR
4385,touch,hl60,swing,17,0.05455644697577482,VTBR
4385,dwell,hl60,touch,20,-0.10796650296457375,VTBR
4385,dwell,hl60,dwell,12,-0.3398623022425528,VTBR
4385,dwell,hl60,volume,19,-0.2569263799831386,VTBR
4385,dwell,hl60,swing,17,-0.03268909502477439,VTBR
4385,volume,hl60,touch,24,0.2263218032542588,VTBR
4385,volume,hl60,dwell,14,0.2373322823263067,VTBR
4385,volume,hl60,volume,23,0.36919518777938565,VTBR
4385,volume,hl60,swing,17,0.22191275273847402,VTBR
4385,swing,hl60,touch,23,0.010401075319296143,VTBR
4385,swing,hl60,dwell,21,-0.12480625068062558,VTBR
4385,swing,hl60,volume,21,-0.15619882361846846,VTBR
4385,swing,hl60,swing,16,0.037164167478521325,VTBR
4445,touch,none,touch,16,0.5221486228828807,VTBR
4445,touch,none,dwell,12,0.17806802570451713,VTBR
4445,touch,none,volume,17,0.11582913843773945,VTBR
4445,touch,none,swing,15,0.13846696845507947,VTBR
4445,dwell,none,touch,14,0.2753822349408458,VTBR
4445,dwell,none,dwell,11,-0.1615713005208307,VTBR
4445,dwell,none,volume,15,-0.03621001681611195,VTBR
4445,dwell,none,swing,15,0.003697648298514673,VTBR
4445,volume,none,touch,16,-0.49442363659281025,VTBR
4445,volume,none,dwell,12,-0.5012607443592915,VTBR
4445,volume,none,volume,17,-0.16649534256162338,VTBR
4445,volume,none,swing,15,-0.4346711597591893,VTBR
4445,swing,none,touch,18,0.23639244593643616,VTBR
4445,swing,none,dwell,17,0.16400584852235567,VTBR
4445,swing,none,volume,17,0.039970562389248614,VTBR
4445,swing,none,swing,15,0.11750587544066171,VTBR
4445,touch,hl60,touch,16,0.46670880837582823,VTBR
4445,touch,hl60,dwell,12,0.12421468411305152,VTBR
4445,touch,hl60,volume,17,0.06909442197128354,VTBR
4445,touch,hl60,swing,15,0.12976273029334692,VTBR
4445,dwell,hl60,touch,14,0.19798327106176336,VTBR
4445,dwell,hl60,dwell,11,-0.19042606959579636,VTBR
4445,dwell,hl60,volume,15,-0.06011433090040268,VTBR
4445,dwell,hl60,swing,15,-0.018001012840024564,VTBR
4445,volume,hl60,touch,16,-0.49762119292792417,VTBR
4445,volume,hl60,dwell,12,-0.5035939677548671,VTBR
4445,volume,hl60,volume,17,-0.16975001170803264,VTBR
4445,volume,hl60,swing,15,-0.43666139557530254,VTBR
4445,swing,hl60,touch,18,0.11657783251023329,VTBR
4445,swing,hl60,dwell,17,0.023713726859431877,VTBR
4445,swing,hl60,volume,17,-0.035912825672942364,VTBR
4445,swing,hl60,swing,15,-0.03596256001586,VTBR
4505,touch,none,touch,12,-0.19452825386579833,VTBR
4505,touch,none,dwell,10,-0.13765256843038529,VTBR
4505,touch,none,volume,11,0.14201829350197062,VTBR
4505,touch,none,swing,10,-0.1924716810179128,VTBR
4505,dwell,none,touch,11,-0.17988022542254267,VTBR
4505,dwell,none,dwell,9,-0.19250079290725758,VTBR
4505,dwell,none,volume,10,0.1584488935727536,VTBR
4505,dwell,none,swing,10,-0.21906278760946504,VTBR
4505,volume,none,touch,12,-0.26881052979460607,VTBR
4505,volume,none,dwell,10,-0.37558892604022337,VTBR
4505,volume,none,volume,11,0.27022267525620136,VTBR
4505,volume,none,swing,10,-0.21578031625164573,VTBR
4505,swing,none,touch,11,-0.014230572609470173,VTBR
4505,swing,none,dwell,10,0.14971633921243815,VTBR
4505,swing,none,volume,10,0.30502594266570143,VTBR
4505,swing,none,swing,9,-1.2045996694309942e-17,VTBR
4505,touch,hl60,touch,12,-0.4104277512321209,VTBR
4505,touch,hl60,dwell,10,-0.4596381121778219,VTBR
4505,touch,hl60,volume,11,0.1416387171126059,VTBR
4505,touch,hl60,swing,10,-0.22761492555105722,VTBR
4505,dwell,hl60,touch,11,-0.3938387979521892,VTBR
4505,dwell,hl60,dwell,9,-0.5009434650419875,VTBR
4505,dwell,hl60,volume,10,0.29911647106638667,VTBR
4505,dwell,hl60,swing,10,-0.33326071960511794,VTBR
4505,volume,hl60,touch,12,-0.31317765664262726,VTBR
4505,volume,hl60,dwell,10,-0.4434194308963086,VTBR
4505,volume,hl60,volume,11,0.3075742796994547,VTBR
4505,volume,hl60,swing,10,-0.3003652588894353,VTBR
4505,swing,hl60,touch,11,-0.49450315634354386,VTBR
4505,swing,hl60,dwell,10,-0.3743591561116279,VTBR
4505,swing,hl60,volume,10,0.2944052142120222,VTBR
4505,swing,hl60,swing,9,-0.3356518392822044,VTBR
4565,touch,none,touch,7,,VTBR
4565,touch,none,dwell,6,,VTBR
4565,touch,none,volume,7,,VTBR
4565,touch,none,swing,7,,VTBR
4565,dwell,none,touch,6,,VTBR
4565,dwell,none,dwell,6,,VTBR
4565,dwell,none,volume,6,,VTBR
4565,dwell,none,swing,7,,VTBR
4565,volume,none,touch,7,,VTBR
4565,volume,none,dwell,6,,VTBR
4565,volume,none,volume,7,,VTBR
4565,volume,none,swing,7,,VTBR
4565,swing,none,touch,4,,VTBR
4565,swing,none,dwell,4,,VTBR
4565,swing,none,volume,4,,VTBR
4565,swing,none,swing,4,,VTBR
4565,touch,hl60,touch,7,,VTBR
4565,touch,hl60,dwell,6,,VTBR
4565,touch,hl60,volume,7,,VTBR
4565,touch,hl60,swing,7,,VTBR
4565,dwell,hl60,touch,6,,VTBR
4565,dwell,hl60,dwell,6,,VTBR
4565,dwell,hl60,volume,6,,VTBR
4565,dwell,hl60,swing,7,,VTBR
4565,volume,hl60,touch,7,,VTBR
4565,volume,hl60,dwell,6,,VTBR
4565,volume,hl60,volume,7,,VTBR
4565,volume,hl60,swing,7,,VTBR
4565,swing,hl60,touch,4,,VTBR
4565,swing,hl60,dwell,4,,VTBR
4565,swing,hl60,volume,4,,VTBR
4565,swing,hl60,swing,4,,VTBR
4625,touch,none,touch,12,-0.2763339480407883,VTBR
4625,touch,none,dwell,8,0.17664968216108742,VTBR
4625,touch,none,volume,13,-0.3206985414080846,VTBR
4625,touch,none,swing,11,0.27696348145602434,VTBR
4625,dwell,none,touch,12,-0.1209934954675838,VTBR
4625,dwell,none,dwell,8,0.40934704300666147,VTBR
4625,dwell,none,volume,13,-0.31023779670088547,VTBR
4625,dwell,none,swing,11,0.3370753490417046,VTBR
4625,volume,none,touch,12,0.11670098838475206,VTBR
4625,volume,none,dwell,8,0.6024489148496164,VTBR
4625,volume,none,volume,13,-0.1707958902676652,VTBR
4625,volume,none,swing,11,0.539555530406025,VTBR
4625,swing,none,touch,14,-0.010869346729679949,VTBR
4625,swing,none,dwell,13,0.18485342651400857,VTBR
4625,swing,none,volume,13,-0.2549212514427313,VTBR
4625,swing,none,swing,11,0.45056892668846554,VTBR
4625,touch,hl60,touch,12,0.18921531905284827,VTBR
4625,touch,hl60,dwell,8,0.33083839199479464,VTBR
4625,touch,hl60,volume,13,-0.04859238255967236,VTBR
4625,touch,hl60,swing,11,0.6235006898234967,VTBR
4625,dwell,hl60,touch,12,0.2820347173033689,VTBR
4625,dwell,hl60,dwell,8,0.506732427754133,VTBR
4625,dwell,hl60,volume,13,0.015090581858169885,VTBR
4625,dwell,hl60,swing,11,0.6993149931223124,VTBR
4625,volume,hl60,touch,12,0.35873573791088115,VTBR
4625,volume,hl60,dwell,8,0.6099976384490374,VTBR
4625,volume,hl60,volume,13,0.07883407593914563,VTBR
4625,volume,hl60,swing,11,0.7698007029157157,VTBR
4625,swing,hl60,touch,14,0.2954499039667043,VTBR
4625,swing,hl60,dwell,13,0.45256391702292526,VTBR
4625,swing,hl60,volume,13,0.004843066513500239,VTBR
4625,swing,hl60,swing,11,0.67146669751249,VTBR
4685,touch,none,touch,13,-0.8974106329583142,VTBR
4685,touch,none,dwell,9,-0.6802952957967097,VTBR
4685,touch,none,volume,13,-0.846900141959119,VTBR
4685,touch,none,swing,11,-0.8266549102396242,VTBR
4685,dwell,none,touch,10,-0.4573217831588824,VTBR
4685,dwell,none,dwell,6,,VTBR
4685,dwell,none,volume,10,-0.5516912311605691,VTBR
4685,dwell,none,swing,10,-0.6666912403216775,VTBR
4685,volume,none,touch,12,-0.6448435915018444,VTBR
4685,volume,none,dwell,8,-0.5742675741317687,VTBR
4685,volume,none,volume,12,-0.46920686914719095,VTBR
4685,volume,none,swing,10,-0.7159980495361005,VTBR
4685,swing,none,touch,13,-0.6541349003972011,VTBR
4685,swing,none,dwell,11,-0.5465620093461112,VTBR
4685,swing,none,volume,11,-0.7578821920612453,VTBR
4685,swing,none,swing,9,-0.5263613559678152,VTBR
4685,touch,hl60,touch,13,-0.459457754238917,VTBR
4685,touch,hl60,dwell,9,-0.5025537717921814,VTBR
4685,touch,hl60,volume,13,-0.38463679011460206,VTBR
4685,touch,hl60,swing,11,-0.6292572545294631,VTBR
4685,dwell,hl60,touch,10,-0.08650394940502801,VTBR
4685,dwell,hl60,dwell,6,,VTBR
4685,dwell,hl60,volume,10,-0.0318612885770658,VTBR
4685,dwell,hl60,swing,10,-0.5813019366626185,VTBR
4685,volume,hl60,touch,12,-0.3683506640749686,VTBR
4685,volume,hl60,dwell,8,-0.5698918339107554,VTBR
4685,volume,hl60,volume,12,-0.20043673889409508,VTBR
4685,volume,hl60,swing,10,-0.4162460050780069,VTBR
4685,swing,hl60,touch,13,-0.2820608757872558,VTBR
4685,swing,hl60,dwell,11,-0.37727404889977684,VTBR
4685,swing,hl60,volume,11,-0.338389438053312,VTBR
4685,swing,hl60,swing,9,-0.40016345685741345,VTBR
